Table name M3;Table name User;Column name M3;Column name M3
MMOOPE;Work Order Operation;QOASPU;Sales price
MMOOPE;Work Order Operation;QONEPU;Net price
MMOOPE;Work Order Operation;QOSAPU;Sales price
MMOOPE;Work Order Operation;QOCONO;Company
MMOOPE;Work Order Operation;QOFACI;Facility
MMOOPE;Work Order Operation;QOPRNO;Product
MMOOPE;Work Order Operation;QOMWNO;Work order number
MMOOPE;Work Order Operation;QOOPNO;Operation number
MMOOPE;Work Order Operation;QOMSEQ;Sequence number
MMOOPE;Work Order Operation;QOPRIO;Priority
MMOOPE;Work Order Operation;QOWOST;Status
MMOOPE;Work Order Operation;QOWOSQ;Reporting number
MMOOPE;Work Order Operation;QOPLGR;Work center
MMOOPE;Work Order Operation;QOOPDS;Operation description
MMOOPE;Work Order Operation;QOTXT1;Text line 1
MMOOPE;Work Order Operation;QOTXT2;Text line 2
MMOOPE;Work Order Operation;QODEPT;Department
MMOOPE;Work Order Operation;QOREAR;Planning area
MMOOPE;Work Order Operation;QODOID;Document identity
MMOOPE;Work Order Operation;QOSTDT;Start date
MMOOPE;Work Order Operation;QOMSTI;Start time
MMOOPE;Work Order Operation;QOFIDT;Finish date
MMOOPE;Work Order Operation;QOMFTI;Finish time
MMOOPE;Work Order Operation;QODAFA;Day factor
MMOOPE;Work Order Operation;QORSDT;Actual start date
MMOOPE;Work Order Operation;QORSTI;Actual start time
MMOOPE;Work Order Operation;QOREFD;Actual finish date
MMOOPE;Work Order Operation;QORFTI;Actual finish time
MMOOPE;Work Order Operation;QORPDT;Reporting date
MMOOPE;Work Order Operation;QORTM1;Reporting time
MMOOPE;Work Order Operation;QOREND;Manual completion flag
MMOOPE;Work Order Operation;QOORQT;Ordered quantity - basic U/M
MMOOPE;Work Order Operation;QOORQA;Ordered quantity - alternate U/M
MMOOPE;Work Order Operation;QOMAQT;Manufactured quantity
MMOOPE;Work Order Operation;QOMAQA;Manufactured quantity
MMOOPE;Work Order Operation;QORPRE;Responsible for reporting
MMOOPE;Work Order Operation;QOSCQT;Scrapped quantity
MMOOPE;Work Order Operation;QOSCQA;Scrapped quantity
MMOOPE;Work Order Operation;QOSCRE;Rejection reason
MMOOPE;Work Order Operation;QORWQT;Rework quantity
MMOOPE;Work Order Operation;QORWQA;Rework quantity - alternate unit
MMOOPE;Work Order Operation;QOCOFA;Conversion factor
MMOOPE;Work Order Operation;QODMCF;Conversion form
MMOOPE;Work Order Operation;QOLASK;Labor skill
MMOOPE;Work Order Operation;QOFXTI;Fixed time
MMOOPE;Work Order Operation;QOSETI;Setup time
MMOOPE;Work Order Operation;QOOSET;External setup time
MMOOPE;Work Order Operation;QOPITI;Run time
MMOOPE;Work Order Operation;QOCTCD;Price and time quantity
MMOOPE;Work Order Operation;QOUSET;Used machine setup time
MMOOPE;Work Order Operation;QOUPIT;Used machine run time
MMOOPE;Work Order Operation;QOUMAT;Used labor run time
MMOOPE;Work Order Operation;QOUMAS;Used labor setup time
MMOOPE;Work Order Operation;QOSENP;Planned number of workers - setup
MMOOPE;Work Order Operation;QOPRNP;Planned number of workers - run time
MMOOPE;Work Order Operation;QOPRNM;Planned number of machines
MMOOPE;Work Order Operation;QOSEPR;Setup price
MMOOPE;Work Order Operation;QOPIPR;Unit price
MMOOPE;Work Order Operation;QOWAFA;Time rate
MMOOPE;Work Order Operation;QOWCRF;Time reference
MMOOPE;Work Order Operation;QOKIWG;Pay element
MMOOPE;Work Order Operation;QOSCPC;Scrap percentage
MMOOPE;Work Order Operation;QOASPC;Cumulative scrap percentage
MMOOPE;Work Order Operation;QOINWE;Initial weight
MMOOPE;Work Order Operation;QOOPV3;Operation volume
MMOOPE;Work Order Operation;QOMFPR;Multiplication factor - manufacturing
MMOOPE;Work Order Operation;QOOPCM;Operation cost multiplier
MMOOPE;Work Order Operation;QOTOOL;Tool number
MMOOPE;Work Order Operation;QOCAMP;Number of labor tickets
MMOOPE;Work Order Operation;QOWODP;Order documents printed
MMOOPE;Work Order Operation;QOQUDY;Queue days
MMOOPE;Work Order Operation;QOSLAC;Transport value in days
MMOOPE;Work Order Operation;QOODBF;Lead time offset
MMOOPE;Work Order Operation;QOPRDY;Production days
MMOOPE;Work Order Operation;QOSWQT;Setup scrap
MMOOPE;Work Order Operation;QOASWQ;Cumulative setup scrap
MMOOPE;Work Order Operation;QOSUNO;Supplier
MMOOPE;Work Order Operation;QOPSSQ;Co-sorting key
MMOOPE;Work Order Operation;QOSCHN;Schedule number
MMOOPE;Work Order Operation;QOSCHS;Schedule number sequence
MMOOPE;Work Order Operation;QOTPLG;To work center
MMOOPE;Work Order Operation;QOFPLG;From work center
MMOOPE;Work Order Operation;QOAUIN;Automatic receipt
MMOOPE;Work Order Operation;QOAURP;Automatic operation reporting
MMOOPE;Work Order Operation;QODPLG;Deviating work center
MMOOPE;Work Order Operation;QOWLDE;Infinite/finite
MMOOPE;Work Order Operation;QOTXID;Text identity
MMOOPE;Work Order Operation;QOOPST;Operation started
MMOOPE;Work Order Operation;QOCOTD;Cost other department
MMOOPE;Work Order Operation;QOSTSQ;Structure sequence number
MMOOPE;Work Order Operation;QOQUAC;Quality inspection
MMOOPE;Work Order Operation;QOSUBC;Subcontract control
MMOOPE;Work Order Operation;QODLIX;Delivery number
MMOOPE;Work Order Operation;QORLFA;Released for allocation
MMOOPE;Work Order Operation;QORLTD;Released for picking
MMOOPE;Work Order Operation;QOOADS;Operation element exists
MMOOPE;Work Order Operation;QOCFGL;Position
MMOOPE;Work Order Operation;QOITNO;Item number
MMOOPE;Work Order Operation;QOBANO;Lot number
MMOOPE;Work Order Operation;QOEQNO;Equipment number
MMOOPE;Work Order Operation;QOSUFI;Service
MMOOPE;Work Order Operation;QOSSUF;Subservice
MMOOPE;Work Order Operation;QOSPRQ;Specific requirement category
MMOOPE;Work Order Operation;QOSPRT;Specific requirements
MMOOPE;Work Order Operation;QOEXCH;Exchange
MMOOPE;Work Order Operation;QOMSPM;Material shortage purchase/manufacturing
MMOOPE;Work Order Operation;QOTSPM;Tool shortage
MMOOPE;Work Order Operation;QOTOAL;Tool allocation
MMOOPE;Work Order Operation;QOACNF;Automatic approval of service
MMOOPE;Work Order Operation;QOAZSE;Completion flag
MMOOPE;Work Order Operation;QOACMO;Automatic approval of modification
MMOOPE;Work Order Operation;QOINSR;Removal
MMOOPE;Work Order Operation;QOASOP;Assembly operation
MMOOPE;Work Order Operation;QORORL;Reference order line
MMOOPE;Work Order Operation;QODOWT;Downtime
MMOOPE;Work Order Operation;QODLY1;Delay time 1
MMOOPE;Work Order Operation;QODLY2;Delay time 2
MMOOPE;Work Order Operation;QOFCLA;Error code 1
MMOOPE;Work Order Operation;QOFCL2;Error code 2
MMOOPE;Work Order Operation;QOFCL3;Error code 3
MMOOPE;Work Order Operation;QODEID;Complaint
MMOOPE;Work Order Operation;QOREVN;Revision number
MMOOPE;Work Order Operation;QOPLG6;Work center resource
MMOOPE;Work Order Operation;QOPLG1;Work center
MMOOPE;Work Order Operation;QOPLGF;Forced resource
MMOOPE;Work Order Operation;QONXOP;Next APP operation number
MMOOPE;Work Order Operation;QOAPON;SWB operation number
MMOOPE;Work Order Operation;QOPOOC;Parallel operation overlap code
MMOOPE;Work Order Operation;QOSLAT;Transit unit of measure/Overlap code
MMOOPE;Work Order Operation;QORESR;Resource restriction
MMOOPE;Work Order Operation;QOSPLK;Split method - operation
MMOOPE;Work Order Operation;QOSPLN;Number of operations after split
MMOOPE;Work Order Operation;QOSPSZ;Split quantity
MMOOPE;Work Order Operation;QOFRCD;Forced start date
MMOOPE;Work Order Operation;QOFRCT;Forced start time
MMOOPE;Work Order Operation;QOSEQS;Sequencing status
MMOOPE;Work Order Operation;QOPRAP;SWB processed
MMOOPE;Work Order Operation;QOSPLT;Split code
MMOOPE;Work Order Operation;QOPRET;Preparation time
MMOOPE;Work Order Operation;QOPOTM;Post-operation time
MMOOPE;Work Order Operation;QOATNR;Attribute number
MMOOPE;Work Order Operation;QORGDT;Entry date
MMOOPE;Work Order Operation;QORGTM;Entry time
MMOOPE;Work Order Operation;QOLMDT;Change date
MMOOPE;Work Order Operation;QOCHNO;Change number
MMOOPE;Work Order Operation;QOCHID;Changed by
MMOOPE;Work Order Operation;QORFTX;Reference text
MMOOPE;Work Order Operation;QORORX;Line suffix
MMOOPE;Work Order Operation;QOLMTS;Timestamp
MMOOPE;Work Order Operation;QORRSD;Requested start date
MMOOPE;Work Order Operation;QORRST;Requested start time
MMOOPE;Work Order Operation;QORRFD;Requested finish date
MMOOPE;Work Order Operation;QORRFT;Requested finish time
MMOOPE;Work Order Operation;QOCRTR;Critical resource
MMOOPE;Work Order Operation;QORBUP;Remaining buffer percent
MMOOPE;Work Order Operation;QOSHBP;Shipping buffer in production days
MMOOPE;Work Order Operation;QOFSTD;Original start date
MMOOPE;Work Order Operation;QOFSTT;Original start time
MMOOPE;Work Order Operation;QOFFID;Original finish date
MMOOPE;Work Order Operation;QOFFIT;Original finish time
MMOOPE;Work Order Operation;QOACWA;Claim warranty
MMOOPE;Work Order Operation;QOWATP;Warranty type
MMOOPE;Work Order Operation;QOPRNS;Service product
MMOOPE;Work Order Operation;QOSTRT;Product structure type
MMOOPE;Work Order Operation;QOPTRE;Run time
MMOOPE;Work Order Operation;QOPSRE;Setup time
MMOOPE;Work Order Operation;QOPORE;External setup time
MMOOPE;Work Order Operation;QOTAIL;Registration number/site
MMOOPE;Work Order Operation;QOSAPR;Sales price
MMOOPE;Work Order Operation;QODIPL;Discount
MMOOPE;Work Order Operation;QODIAL;Discount amount
MMOOPE;Work Order Operation;QONEPR;Net price
MMOOPE;Work Order Operation;QOADY1;Fixed amount
MMOOPE;Work Order Operation;QOAWCO;WIP debit
MMOOPE;Work Order Operation;QOPRMO;Price origin
MMOOPE;Work Order Operation;QOIORN;Interface order number
MMOOPE;Work Order Operation;QOIORL;Interface order line
MMOOPE;Work Order Operation;QOIOSX;Interface line suffix
MMOOPE;Work Order Operation;QOPYNO;Payer
MMOOPE;Work Order Operation;QOPYAG;Payer agreement
MMOOPE;Work Order Operation;QOMAUP;Manually updated
MMOOPE;Work Order Operation;QOSHFI;Field work
MMOOPE;Work Order Operation;QOADRR;Address file
MMOOPE;Work Order Operation;QOADRT;Address type
MMOOPE;Work Order Operation;QOADID;Address number
MMOOPE;Work Order Operation;QOLCDE;Labor charge code
MMOPLP;Planned manufacturing order;ROSQCO;Sequencing code
MMOPLP;Planned manufacturing order;ROCONO;Company
MMOPLP;Planned manufacturing order;ROPLPN;Planned order
MMOPLP;Planned manufacturing order;ROPLPS;Subnumber - planned order
MMOPLP;Planned manufacturing order;ROFACI;Facility
MMOPLP;Planned manufacturing order;ROWHLO;Warehouse
MMOPLP;Planned manufacturing order;ROPRNO;Product
MMOPLP;Planned manufacturing order;ROITNO;Item number
MMOPLP;Planned manufacturing order;ROGETY;Generation reference
MMOPLP;Planned manufacturing order;ROACTP;Action message (AM)
MMOPLP;Planned manufacturing order;RONUAU;Number of automatic updates
MMOPLP;Planned manufacturing order;RORELD;Release date
MMOPLP;Planned manufacturing order;ROSTDT;Start date
MMOPLP;Planned manufacturing order;ROFIDT;Finish date
MMOPLP;Planned manufacturing order;ROMSTI;Start time
MMOPLP;Planned manufacturing order;ROMFTI;Finish time
MMOPLP;Planned manufacturing order;ROPLDT;Planning date
MMOPLP;Planned manufacturing order;ROORQA;Ordered quantity - alternate U/M
MMOPLP;Planned manufacturing order;ROMAUN;Manufacturing U/M
MMOPLP;Planned manufacturing order;ROPPQT;Planned quantity
MMOPLP;Planned manufacturing order;RORESP;Responsible
MMOPLP;Planned manufacturing order;ROPSTS;Status - planned MO
MMOPLP;Planned manufacturing order;RORORN;Reference order number
MMOPLP;Planned manufacturing order;RORORL;Reference order line
MMOPLP;Planned manufacturing order;RORORC;Reference order category
MMOPLP;Planned manufacturing order;ROPRIP;Priority
MMOPLP;Planned manufacturing order;ROWHST;Status - manufacturing order
MMOPLP;Planned manufacturing order;ROAOID;Alternative routing
MMOPLP;Planned manufacturing order;ROPLGR;Work center
MMOPLP;Planned manufacturing order;ROPRDY;Production days
MMOPLP;Planned manufacturing order;ROORDP;Order dependent
MMOPLP;Planned manufacturing order;RORORH;Reference order number
MMOPLP;Planned manufacturing order;ROECVE;Revision number
MMOPLP;Planned manufacturing order;ROLTRE;Share of lead time
MMOPLP;Planned manufacturing order;ROORTY;Order type
MMOPLP;Planned manufacturing order;ROSTRT;Product structure type
MMOPLP;Planned manufacturing order;ROPGNM;Program name
MMOPLP;Planned manufacturing order;ROPROJ;Project number
MMOPLP;Planned manufacturing order;ROELNO;Project element
MMOPLP;Planned manufacturing order;ROGRTI;Group technology class
MMOPLP;Planned manufacturing order;ROSCHN;Schedule number
MMOPLP;Planned manufacturing order;ROMSPM;Material shortage purchase/manufacturing
MMOPLP;Planned manufacturing order;ROTSPM;Tool shortage
MMOPLP;Planned manufacturing order;ROMSCD;Date for latest material shortage check
MMOPLP;Planned manufacturing order;ROWCLN;Production line
MMOPLP;Planned manufacturing order;ROCFIN;Configuration number
MMOPLP;Planned manufacturing order;ROHDPR;Main product
MMOPLP;Planned manufacturing order;ROOPTZ;Option
MMOPLP;Planned manufacturing order;ROOPTX;Option
MMOPLP;Planned manufacturing order;ROOPTY;Option
MMOPLP;Planned manufacturing order;ROECVS;Simulation round
MMOPLP;Planned manufacturing order;ROPCCO;Process code
MMOPLP;Planned manufacturing order;RORIFD;Reschedule in - filter date
MMOPLP;Planned manufacturing order;ROROFD;Reschedule out - filter date
MMOPLP;Planned manufacturing order;ROTSDA;SWB timestamp
MMOPLP;Planned manufacturing order;ROTSTE;SWB timestamp
MMOPLP;Planned manufacturing order;ROPULD;Pull-up of delayed orders
MMOPLP;Planned manufacturing order;ROPULN;Pull-up of early orders
MMOPLP;Planned manufacturing order;ROSUBN;Sub-network mark
MMOPLP;Planned manufacturing order;ROSUBD;Subnetwork due date
MMOPLP;Planned manufacturing order;ROCLGP;Color group
MMOPLP;Planned manufacturing order;RONTWP;External network priority
MMOPLP;Planned manufacturing order;ROACHD;Change date - M3 SWB
MMOPLP;Planned manufacturing order;ROACHT;Change time - M3 SWB
MMOPLP;Planned manufacturing order;ROPRAP;SWB processed
MMOPLP;Planned manufacturing order;ROPLLO;Proposal number - overlying level
MMOPLP;Planned manufacturing order;ROPLHL;Proposal number - highest level
MMOPLP;Planned manufacturing order;ROATNR;Attribute number
MMOPLP;Planned manufacturing order;ROMSG1;Warning message
MMOPLP;Planned manufacturing order;ROMSG2;Warning message
MMOPLP;Planned manufacturing order;ROMSG3;Warning message
MMOPLP;Planned manufacturing order;ROMSG4;Warning message
MMOPLP;Planned manufacturing order;RORGDT;Entry date
MMOPLP;Planned manufacturing order;RORGTM;Entry time
MMOPLP;Planned manufacturing order;ROLMDT;Change date
MMOPLP;Planned manufacturing order;ROCHNO;Change number
MMOPLP;Planned manufacturing order;ROCHID;Changed by
MMOPLP;Planned manufacturing order;RORLSR;Released configuration orders
MMOPLP;Planned manufacturing order;ROPLCD;Planning policy
MMOPLP;Planned manufacturing order;RODTID;Data identity
MMOPLP;Planned manufacturing order;RORORX;Line suffix
MMOPLP;Planned manufacturing order;ROLMTS;Timestamp
MMOPLP;Planned manufacturing order;ROMFPC;Process
MMOPLP;Planned manufacturing order;ROCNSR;Consolidation responsible
MMOPLP;Planned manufacturing order;ROEXRN;External reference number
MMOPLP;Planned manufacturing order;ROEXD2;External reference description
MMOPTR;Operation transaction;QJCONO;Company
MMOPTR;Operation transaction;QJFACI;Facility
MMOPTR;Operation transaction;QJMWNO;Work order number
MMOPTR;Operation transaction;QJOPNO;Operation number
MMOPTR;Operation transaction;QJPRNO;Product
MMOPTR;Operation transaction;QJTRDT;Transaction date
MMOPTR;Operation transaction;QJTRTM;Transaction time
MMOPTR;Operation transaction;QJTMSX;Time suffix
MMOPTR;Operation transaction;QJWOSQ;Reporting number
MMOPTR;Operation transaction;QJROID;Operation reporting identity
MMOPTR;Operation transaction;QJPLGR;Work center
MMOPTR;Operation transaction;QJDPLG;Deviating work center
MMOPTR;Operation transaction;QJPCTP;Costing type
MMOPTR;Operation transaction;QJMSNO;Resource
MMOPTR;Operation transaction;QJEMNO;Employee number
MMOPTR;Operation transaction;QJDEPT;Department
MMOPTR;Operation transaction;QJREAR;Planning area
MMOPTR;Operation transaction;QJTMNO;Work group
MMOPTR;Operation transaction;QJSHFC;Shift
MMOPTR;Operation transaction;QJPERI;Period
MMOPTR;Operation transaction;QJUMAT;Used labor run time
MMOPTR;Operation transaction;QJUPIT;Used machine run time
MMOPTR;Operation transaction;QJUSET;Used machine setup time
MMOPTR;Operation transaction;QJUMAS;Used labor setup time
MMOPTR;Operation transaction;QJSENP;Planned number of workers - setup
MMOPTR;Operation transaction;QJPRNP;Planned number of workers - run time
MMOPTR;Operation transaction;QJFXTI;Fixed time
MMOPTR;Operation transaction;QJTIMC;Time coefficient
MMOPTR;Operation transaction;QJUPDC;Update
MMOPTR;Operation transaction;QJOFCL;Operation fully calculated
MMOPTR;Operation transaction;QJRUDI;Run disturbance
MMOPTR;Operation transaction;QJSEDI;Setup disturbance
MMOPTR;Operation transaction;QJMAQT;Manufactured quantity
MMOPTR;Operation transaction;QJMAQA;Manufactured quantity
MMOPTR;Operation transaction;QJSCQT;Scrapped quantity
MMOPTR;Operation transaction;QJSCQA;Scrapped quantity
MMOPTR;Operation transaction;QJSCRE;Rejection reason
MMOPTR;Operation transaction;QJSCWC;Scrap source work center
MMOPTR;Operation transaction;QJSQNO;Offset accounting serial number
MMOPTR;Operation transaction;QJOPTP;Operation report type
MMOPTR;Operation transaction;QJFICD;Open/closed record
MMOPTR;Operation transaction;QJTFDC;Transaction from Data Collection
MMOPTR;Operation transaction;QJSTDT;Start date
MMOPTR;Operation transaction;QJOSTM;Start time - operation
MMOPTR;Operation transaction;QJFIDT;Finish date
MMOPTR;Operation transaction;QJOFTM;Stop time operation
MMOPTR;Operation transaction;QJREND;Manual completion flag
MMOPTR;Operation transaction;QJREID;Report identity
MMOPTR;Operation transaction;QJKIWG;Pay element
MMOPTR;Operation transaction;QJSUNO;Supplier
MMOPTR;Operation transaction;QJSEPR;Setup price
MMOPTR;Operation transaction;QJPIPR;Unit price
MMOPTR;Operation transaction;QJWAFA;Time rate
MMOPTR;Operation transaction;QJTODL;Total amount direct labor
MMOPTR;Operation transaction;QJWCRF;Time reference
MMOPTR;Operation transaction;QJPWPA;Piece rate earnings
MMOPTR;Operation transaction;QJTTPD;Latest transfer date to history/pay
MMOPTR;Operation transaction;QJREMK;Remark
MMOPTR;Operation transaction;QJCOCE;Cost center
MMOPTR;Operation transaction;QJAPCD;Authorized user
MMOPTR;Operation transaction;QJAPDT;Date approved
MMOPTR;Operation transaction;QJREWK;Rework
MMOPTR;Operation transaction;QJDPIS;Date transferred to W/C statistic
MMOPTR;Operation transaction;QJANBR;Accounting number
MMOPTR;Operation transaction;QJSTRT;Product structure type
MMOPTR;Operation transaction;QJSUFI;Service
MMOPTR;Operation transaction;QJRORC;Reference order category
MMOPTR;Operation transaction;QJRORN;Reference order number
MMOPTR;Operation transaction;QJRORL;Reference order line
MMOPTR;Operation transaction;QJFFAC;Facility
MMOPTR;Operation transaction;QJTFAC;Facility
MMOPTR;Operation transaction;QJFCLA;Error code 1
MMOPTR;Operation transaction;QJFCL2;Error code 2
MMOPTR;Operation transaction;QJFCL3;Error code 3
MMOPTR;Operation transaction;QJRGDT;Entry date
MMOPTR;Operation transaction;QJRGTM;Entry time
MMOPTR;Operation transaction;QJUPID;Registration identity
MMOPTR;Operation transaction;QJLMDT;Change date
MMOPTR;Operation transaction;QJCHNO;Change number
MMOPTR;Operation transaction;QJCHID;Changed by
MMOPTR;Operation transaction;QJRORX;Line suffix
MMOPTR;Operation transaction;QJLMTS;Timestamp
MMOPTR;Operation transaction;QJCDPR;Cost rate
MMOPTR;Operation transaction;QJCDB1;Cost rate
MMOPTR;Operation transaction;QJCDB2;Cost rate
MMOPTR;Operation transaction;QJCDB3;Cost rate
MMOPTR;Operation transaction;QJCDB4;Cost rate
MMOPTR;Operation transaction;QJCDB5;Cost rate
MMOPTR;Operation transaction;QJCADT;Accounting date
MMOPTR;Operation transaction;QJSRES;Service manager
MMOPTR;Operation transaction;QJSTAT;Status
MMOPTR;Operation transaction;QJINFR;Injury free
MMOPTR;Operation transaction;QJROLE;Role/organizational position
MMOPTR;Operation transaction;QJCATY;Capability type
MMOPTR;Operation transaction;QJCLEV;Capability level
MMOPTR;Operation transaction;QJLCDE;Labor charge code
MMOPTR;Operation transaction;QJTXID;Text identity
MMOPTR;Operation transaction;QJIORN;Interface order number
MMOPTR;Operation transaction;QJIORL;Interface order line
MMOPTR;Operation transaction;QJIOSX;Interface line suffix
MMOPTR;Operation transaction;QJSHFI;Field work
MMOPTR;Operation transaction;QJCFI1;User-defined field 1 - item
MMOPTR;Operation transaction;QJUDN1;User-defined numeric 1
MMOPTR;Operation transaction;QJUCU1;User-defined unit 1
MMOPTR;Operation transaction;QJUDN2;User-defined numeric 2
MMOPTR;Operation transaction;QJUCU2;User-defined unit 2
MMOPTR;Operation transaction;QJUDN3;User-defined numeric 3
MMOPTR;Operation transaction;QJUCU3;User-defined unit 3
MMOPTR;Operation transaction;QJUDN4;User-defined numeric 4
MMOPTR;Operation transaction;QJUCU4;User-defined unit 4
MMOPTR;Operation transaction;QJUDN5;User-defined numeric 5
MMOPTR;Operation transaction;QJUCU5;User-defined unit 5
MMOPTR;Operation transaction;QJTXT1;Text line 1
MMSVAD;Stock valuation detail;SDSVAO;Obsolescence value
MMSVAD;Stock valuation detail;SDCONO;Company
MMSVAD;Stock valuation detail;SDDIVI;Division
MMSVAD;Stock valuation detail;SDSTVN;Inventory valuation round
MMSVAD;Stock valuation detail;SDFACI;Facility
MMSVAD;Stock valuation detail;SDWHLO;Warehouse
MMSVAD;Stock valuation detail;SDITNO;Item number
MMSVAD;Stock valuation detail;SDBANO;Lot number
MMSVAD;Stock valuation detail;SDQTSA;Sellable quantity
MMSVAD;Stock valuation detail;SDQTNS;Unsellable quantity
MMSVAD;Stock valuation detail;SDQTDI;Rejected quantity
MMSVAD;Stock valuation detail;SDPAQM;Aquisition cost method
MMSVAD;Stock valuation detail;SDSVFA;FIFO amount
MMSVAD;Stock valuation detail;SDSVLA;LIFO amount
MMSVAD;Stock valuation detail;SDSVAA;Average amount
MMSVAD;Stock valuation detail;SDSVRM;Recommended acquisition cost method
MMSVAD;Stock valuation detail;SDPWYN;Price way inventory val net sales price
MMSVAD;Stock valuation detail;SDSVRV;Inventory value - sales value
MMSVAD;Stock valuation detail;SDPWYR;Search path invent val replacement cost
MMSVAD;Stock valuation detail;SDSRPV;Inventory - replacement cost
MMSVAD;Stock valuation detail;SDSVSM;Inventory valuation method
MMSVAD;Stock valuation detail;SDSVAM;Inventory value
MMSVAD;Stock valuation detail;SDMSVA;Inventory value
MMSVAD;Stock valuation detail;SDSVPR;Obsolete percentage of inventory value
MMSVAD;Stock valuation detail;SDLOTD;Lot number detailed
MMSVAD;Stock valuation detail;SDDEM1;Demand, bucket 1
MMSVAD;Stock valuation detail;SDDPB1;Depreciation amount bucket 1
MMSVAD;Stock valuation detail;SDPRC1;Ref field for perc, two decimals, also n
MMSVAD;Stock valuation detail;SDDEM2;Demand, bucket 2
MMSVAD;Stock valuation detail;SDDPB2;Depreciation amount bucket 2
MMSVAD;Stock valuation detail;SDPRC2;Ref field for perc, two decimals, also n
MMSVAD;Stock valuation detail;SDDEM3;Demand, bucket 3
MMSVAD;Stock valuation detail;SDDPB3;Depreciation amount bucket 3
MMSVAD;Stock valuation detail;SDPRC3;Ref field for perc, two decimals, also n
MMSVAD;Stock valuation detail;SDDEM4;Demand, bucket 4
MMSVAD;Stock valuation detail;SDDPB4;Depreciation amount bucket 4
MMSVAD;Stock valuation detail;SDPRC4;Ref field for perc, two decimals, also n
MMSVAD;Stock valuation detail;SDDEM5;Demand, bucket 5
MMSVAD;Stock valuation detail;SDDPB5;Depreciation amount bucket 5
MMSVAD;Stock valuation detail;SDPRC5;Ref field for perc, two decimals, also n
MMSVAD;Stock valuation detail;SDRGDT;Entry date
MMSVAD;Stock valuation detail;SDRGTM;Entry time
MMSVAD;Stock valuation detail;SDLMDT;Change date
MMSVAD;Stock valuation detail;SDCHNO;Change number
MMSVAD;Stock valuation detail;SDCHID;Changed by
MMSVAD;Stock valuation detail;SDSAPR;Sales price
MMSVAD;Stock valuation detail;SDSVPE;Price share - inventory valuation
MMSVAD;Stock valuation detail;SDPRRF;Price list
MMSVAD;Stock valuation detail;SDAAIV;Adjusted acquisition inventory value
MMSVAD;Stock valuation detail;SDPRRM;Price list with manually entered values
MMSVAD;Stock valuation detail;SDUPPL;Update price list with inventory value
MMSVAD;Stock valuation detail;SDLMTS;Timestamp
MMSVAH;Stock valuation head;SHCONO;Company
MMSVAH;Stock valuation head;SHDIVI;Division
MMSVAH;Stock valuation head;SHSTVN;Inventory valuation round
MMSVAH;Stock valuation head;SHTX40;Description
MMSVAH;Stock valuation head;SHSVDA;Inventory valuation date
MMSVAH;Stock valuation head;SHSTVS;Status - inventory valuation
MMSVAH;Stock valuation head;SHVONO;Voucher number
MMSVAH;Stock valuation head;SHCRTP;Exchange rate type
MMSVAH;Stock valuation head;SHZEPR;Usage of zero as actual value
MMSVAH;Stock valuation head;SHTXID;Text identity
MMSVAH;Stock valuation head;SHRGDT;Entry date
MMSVAH;Stock valuation head;SHRGTM;Entry time
MMSVAH;Stock valuation head;SHLMDT;Change date
MMSVAH;Stock valuation head;SHCHNO;Change number
MMSVAH;Stock valuation head;SHCHID;Changed by
MMSVAH;Stock valuation head;SHVON1;Voucher number
MMSVAH;Stock valuation head;SHEXGT;Exclude goods in transit
MMSVAH;Stock valuation head;SHVTIV;Valuation type
MMSVAH;Stock valuation head;SHLMTS;Timestamp
MMSVAH;Stock valuation head;SHALDG;Accounting ledger
MPAGRH;Purchase agreement - header;AHGCMC;Price calculation
MPAGRH;Purchase agreement - header;AHCONO;Company
MPAGRH;Purchase agreement - header;AHAGNB;Agreement number
MPAGRH;Purchase agreement - header;AHSUNO;Supplier
MPAGRH;Purchase agreement - header;AHFACI;Facility
MPAGRH;Purchase agreement - header;AHFVDT;Valid from
MPAGRH;Purchase agreement - header;AHUVDT;Valid to
MPAGRH;Purchase agreement - header;AHTX30;Text
MPAGRH;Purchase agreement - header;AHAGTP;Agreement type
MPAGRH;Purchase agreement - header;AHAGRD;Agreement date
MPAGRH;Purchase agreement - header;AHPAST;Status - purchase agreement
MPAGRH;Purchase agreement - header;AHBUYE;Buyer
MPAGRH;Purchase agreement - header;AHRFID;Reference
MPAGRH;Purchase agreement - header;AHRNDT;Renewal date
MPAGRH;Purchase agreement - header;AHTENT;Period of notice
MPAGRH;Purchase agreement - header;AHQREM;Update purchased quantity
MPAGRH;Purchase agreement - header;AHCUCD;Currency
MPAGRH;Purchase agreement - header;AHCRTP;Exchange rate type
MPAGRH;Purchase agreement - header;AHDIP2;Discount 2
MPAGRH;Purchase agreement - header;AHTEPA;Packaging terms
MPAGRH;Purchase agreement - header;AHMODL;Delivery method
MPAGRH;Purchase agreement - header;AHTEDL;Delivery terms
MPAGRH;Purchase agreement - header;AHTEAF;Freight terms
MPAGRH;Purchase agreement - header;AHTEPY;Payment terms
MPAGRH;Purchase agreement - header;AHVAGN;Purchase agreement number
MPAGRH;Purchase agreement - header;AHINCL;Index clause
MPAGRH;Purchase agreement - header;AHBOCL;Bonus clause
MPAGRH;Purchase agreement - header;AHFNCL;Fine clause
MPAGRH;Purchase agreement - header;AHVOCL;Quantity clause
MPAGRH;Purchase agreement - header;AHPDCU;Currency clause
MPAGRH;Purchase agreement - header;AHRMAP;Include raw material prices
MPAGRH;Purchase agreement - header;AHCIVC;Check item/supplier combination
MPAGRH;Purchase agreement - header;AHDDPL;Length of firm delivery schedule
MPAGRH;Purchase agreement - header;AHRDPL;Fabrication delivery schedule in days
MPAGRH;Purchase agreement - header;AHPDPL;Preliminary delivery schedule in days
MPAGRH;Purchase agreement - header;AHFDPL;Forecast days in delivery schedule
MPAGRH;Purchase agreement - header;AHAGRA;Agreed rate
MPAGRH;Purchase agreement - header;AHCUFP;Agreed maximum rate
MPAGRH;Purchase agreement - header;AHCUFN;Agreed minimum rate
MPAGRH;Purchase agreement - header;AHAGAM;Agreement amount
MPAGRH;Purchase agreement - header;AHPAAM;Purchased amount
MPAGRH;Purchase agreement - header;AHQUOT;RFQ number
MPAGRH;Purchase agreement - header;AHWHLO;Warehouse
MPAGRH;Purchase agreement - header;AHPGDP;Number of print generations
MPAGRH;Purchase agreement - header;AHMREP;Maximum repair cost
MPAGRH;Purchase agreement - header;AHSNRC;Serial number return code
MPAGRH;Purchase agreement - header;AHSNAD;Serial number administration
MPAGRH;Purchase agreement - header;AHMODA;Modification permitted
MPAGRH;Purchase agreement - header;AHSEQN;Sequence number
MPAGRH;Purchase agreement - header;AHWARE;Manufacturer warranty
MPAGRH;Purchase agreement - header;AHAGND;Discount agreement number
MPAGRH;Purchase agreement - header;AHAGPT;Agreement priority
MPAGRH;Purchase agreement - header;AHTXID;Text identity
MPAGRH;Purchase agreement - header;AHDTID;Data identity
MPAGRH;Purchase agreement - header;AHCUDE;Currency-dependent
MPAGRH;Purchase agreement - header;AHSBAN;Self-billing agreement number
MPAGRH;Purchase agreement - header;AHACGR;Object access group
MPAGRH;Purchase agreement - header;AHFRAL;Freight rate aggregation level
MPAGRH;Purchase agreement - header;AHROUT;Route
MPAGRH;Purchase agreement - header;AHRODN;Route departure
MPAGRH;Purchase agreement - header;AHRGDT;Entry date
MPAGRH;Purchase agreement - header;AHLMDT;Change date
MPAGRH;Purchase agreement - header;AHCHID;Changed by
MPAGRH;Purchase agreement - header;AHRGTM;Entry time
MPAGRH;Purchase agreement - header;AHCHNO;Change number
MPAGRH;Purchase agreement - header;AHLMTS;Timestamp
MPAGRH;Purchase agreement - header;AHRAGR;Exclude from rebate agreement
MPAGRH;Purchase agreement - header;AHDIMA;Distribution accounting method
MPAGRH;Purchase agreement - header;AHDILV;Distribution level
MPAGRH;Purchase agreement - header;AHFDUN;Freight distribution unit type
MPAGRH;Purchase agreement - header;AHRCME;Reconciliation method
MPAGRH;Purchase agreement - header;AHIINT;Included in internal freight cost
MPAGRH;Purchase agreement - header;AHIIPO;Included in freight cost on PO trans
MPAGRH;Purchase agreement - header;AHIEXT;Included in freight charge to consignee
MPAGRH;Purchase agreement - header;AHFCID;Freight charge ID
MPAGRH;Purchase agreement - header;AHDIIS;Auto distribution at issue
MPAGRH;Purchase agreement - header;AHINFQ;Invoicing frequency number
MPAGRH;Purchase agreement - header;AHPORG;Purchase organization
MPAGRL;Purchase agreement - lines;AICONO;Company
MPAGRL;Purchase agreement - lines;AISUNO;Supplier
MPAGRL;Purchase agreement - lines;AIAGNB;Agreement number
MPAGRL;Purchase agreement - lines;AIFVDT;Valid from
MPAGRL;Purchase agreement - lines;AIGRPI;Group ID
MPAGRL;Purchase agreement - lines;AIOBV1;Start value 1
MPAGRL;Purchase agreement - lines;AIOBV2;Start value 2
MPAGRL;Purchase agreement - lines;AIOBV3;Start value 3
MPAGRL;Purchase agreement - lines;AIOBV4;Start value 4
MPAGRL;Purchase agreement - lines;AIFACI;Facility
MPAGRL;Purchase agreement - lines;AIUVDT;Valid to
MPAGRL;Purchase agreement - lines;AIAGPT;Agreement priority
MPAGRL;Purchase agreement - lines;AIDLSH;Delivery share
MPAGRL;Purchase agreement - lines;AIAGQT;Agreed quantity
MPAGRL;Purchase agreement - lines;AIPUQT;Purchased quantity
MPAGRL;Purchase agreement - lines;AIPAAM;Purchased amount
MPAGRL;Purchase agreement - lines;AISUPR;Setup price
MPAGRL;Purchase agreement - lines;AILEA1;Supply lead time
MPAGRL;Purchase agreement - lines;AIPUCD;Purchase price quantity
MPAGRL;Purchase agreement - lines;AIVOLI;Purchase commitment
MPAGRL;Purchase agreement - lines;AIPODI;Order total discount base
MPAGRL;Purchase agreement - lines;AIUASU;Update material plan
MPAGRL;Purchase agreement - lines;AIBOFO;Bonus generating
MPAGRL;Purchase agreement - lines;AIBOGE;Bonus item
MPAGRL;Purchase agreement - lines;AIREQU;Renewal quantity
MPAGRL;Purchase agreement - lines;AIRENA;Agreement renewal amount
MPAGRL;Purchase agreement - lines;AIAGFF;Agreement utilization rate
MPAGRL;Purchase agreement - lines;AISEQN;Sequence number
MPAGRL;Purchase agreement - lines;AIPTCD;Purchase price text
MPAGRL;Purchase agreement - lines;AIWAL1;Warranty limit 1
MPAGRL;Purchase agreement - lines;AIWAL2;Warranty limit 2
MPAGRL;Purchase agreement - lines;AIWAL3;Warranty limit 3
MPAGRL;Purchase agreement - lines;AIWAL4;Warranty limit 4
MPAGRL;Purchase agreement - lines;AISAGL;Status agreement line
MPAGRL;Purchase agreement - lines;AITXID;Text identity
MPAGRL;Purchase agreement - lines;AIDTID;Data identity
MPAGRL;Purchase agreement - lines;AIUNIT;Unit of measure
MPAGRL;Purchase agreement - lines;AIORTY;Order type
MPAGRL;Purchase agreement - lines;AIGRMT;Goods receiving method
MPAGRL;Purchase agreement - lines;AIITNO;Item number
MPAGRL;Purchase agreement - lines;AIRGDT;Entry date
MPAGRL;Purchase agreement - lines;AILMDT;Change date
MPAGRL;Purchase agreement - lines;AICHID;Changed by
MPAGRL;Purchase agreement - lines;AIRGTM;Entry time
MPAGRL;Purchase agreement - lines;AICHNO;Change number
MPAGRL;Purchase agreement - lines;AIORCO;Country of origin
MPAGRL;Purchase agreement - lines;AILMTS;Timestamp
MPAGRL;Purchase agreement - lines;AIXHUN;X-hire unit of measure
MPAGRL;Purchase agreement - lines;AIDEFD;Detention free-time - days
MPAGRL;Purchase agreement - lines;AIDEFH;Detention free-time - hours
MPAGRL;Purchase agreement - lines;AIDEFM;Detention free-time - minutes
MPAGRL;Purchase agreement - lines;AIWSCA;Costing model
MPAGRL;Purchase agreement - lines;AIRVQT;Received quantity
MPAGRL;Purchase agreement - lines;AIPUUN;Purchase order U/M
MPAGRL;Purchase agreement - lines;AIPPUN;Purchase price U/M
MPAGRL;Purchase agreement - lines;AIPORG;Purchase organization
MPAGRL;Purchase agreement - lines;AIRDUR;Rental duration
MPAGRL;Purchase agreement - lines;AISRGR;Supplier rebate generating
MPAGRP;Purchase agreement prices;AJCONO;Company
MPAGRP;Purchase agreement prices;AJSUNO;Supplier
MPAGRP;Purchase agreement prices;AJAGNB;Agreement number
MPAGRP;Purchase agreement prices;AJFRQT;From quantity
MPAGRP;Purchase agreement prices;AJGRPI;Group ID
MPAGRP;Purchase agreement prices;AJOBV1;Start value 1
MPAGRP;Purchase agreement prices;AJOBV2;Start value 2
MPAGRP;Purchase agreement prices;AJOBV3;Start value 3
MPAGRP;Purchase agreement prices;AJOBV4;Start value 4
MPAGRP;Purchase agreement prices;AJFVDT;Valid from
MPAGRP;Purchase agreement prices;AJFACI;Facility
MPAGRP;Purchase agreement prices;AJSEQN;Sequence number
MPAGRP;Purchase agreement prices;AJPUPR;Purchase price
MPAGRP;Purchase agreement prices;AJDIP3;Discount 3
MPAGRP;Purchase agreement prices;AJMAPR;Normal price
MPAGRP;Purchase agreement prices;AJTXID;Text identity
MPAGRP;Purchase agreement prices;AJRGDT;Entry date
MPAGRP;Purchase agreement prices;AJLMDT;Change date
MPAGRP;Purchase agreement prices;AJCHID;Changed by
MPAGRP;Purchase agreement prices;AJRGTM;Entry time
MPAGRP;Purchase agreement prices;AJCHNO;Change number
MPCCDF;Calcul definitions;ILCONO;Company
MPCCDF;Calcul definitions;ILWSCA;Costing model
MPCCDF;Calcul definitions;ILCDSE;Sequence number - costing element
MPCCDF;Calcul definitions;ILCEID;Costing element
MPCCDF;Calcul definitions;ILTXID;Text identity
MPCCDF;Calcul definitions;ILRGDT;Entry date
MPCCDF;Calcul definitions;ILRGTM;Entry time
MPCCDF;Calcul definitions;ILLMDT;Change date
MPCCDF;Calcul definitions;ILCHNO;Change number
MPCCDF;Calcul definitions;ILCHID;Changed by
MPCELE;Costing Element;INCONO;Company
MPCELE;Costing Element;INCEID;Costing element
MPCELE;Costing Element;INTX30;Text
MPCELE;Costing Element;INTX15;Name
MPCELE;Costing Element;INOBT1;Object type
MPCELE;Costing Element;INOBT2;Object type
MPCELE;Costing Element;INOBT3;Object type
MPCELE;Costing Element;INWSOP;Costing operator
MPCELE;Costing Element;INPOOV;Markup
MPCELE;Costing Element;INEXTY;Charge type
MPCELE;Costing Element;INDIMT;Distribution method
MPCELE;Costing Element;INDIUN;Distribution unit type
MPCELE;Costing Element;INEXIC;Charge invoicing
MPCELE;Costing Element;INACRF;User-defined accounting control object
MPCELE;Costing Element;INVTCD;VAT code
MPCELE;Costing Element;INATI1;Attribute identity
MPCELE;Costing Element;INATI2;Attribute identity
MPCELE;Costing Element;INATI3;Attribute identity
MPCELE;Costing Element;INMRF1;Value in range
MPCELE;Costing Element;INMRF2;Value in range
MPCELE;Costing Element;INMRF3;Value in range
MPCELE;Costing Element;INIVCQ;Invoice charge quantity
MPCELE;Costing Element;INTHPR;3rd party charges
MPCELE;Costing Element;INHELV;Hide element
MPCELE;Costing Element;INTXID;Text identity
MPCELE;Costing Element;INRGDT;Entry date
MPCELE;Costing Element;INRGTM;Entry time
MPCELE;Costing Element;INLMDT;Change date
MPCELE;Costing Element;INCHNO;Change number
MPCELE;Costing Element;INCHID;Changed by
MPCELE;Costing Element;INTAXC;Tax code customer/address
MPCELE;Costing Element;INOBT4;Object type
MPCELE;Costing Element;INOBT5;Object type
MPCELE;Costing Element;INATI4;Attribute identity
MPCELE;Costing Element;INATI5;Attribute identity
MPCELE;Costing Element;INFMID;Formula
MPCELE;Costing Element;INRESI;Result identity
MPCELE;Costing Element;INCTY2;Charge category
MPCLAH;Purchase order claim, header;CHCONO;Company
MPCLAH;Purchase order claim, header;CHCLAN;Claim number
MPCLAH;Purchase order claim, header;CHFACI;Facility
MPCLAH;Purchase order claim, header;CHWHLO;Warehouse
MPCLAH;Purchase order claim, header;CHPUNO;Purchase order number
MPCLAH;Purchase order claim, header;CHSUNO;Supplier
MPCLAH;Purchase order claim, header;CHCLAL;Lowest claim status
MPCLAH;Purchase order claim, header;CHCLAH;Highest claim status
MPCLAH;Purchase order claim, header;CHCLAD;Claim date
MPCLAH;Purchase order claim, header;CHCUCD;Currency
MPCLAH;Purchase order claim, header;CHYRE1;Your reference
MPCLAH;Purchase order claim, header;CHCLRE;Claim officer
MPCLAH;Purchase order claim, header;CHCLRF;Claim reference
MPCLAH;Purchase order claim, header;CHREPT;Replacement delivery
MPCLAH;Purchase order claim, header;CHCOMD;Supplementary delivery
MPCLAH;Purchase order claim, header;CHCRTI;Credit to issue
MPCLAH;Purchase order claim, header;CHCORE;Cost to repair
MPCLAH;Purchase order claim, header;CHUPAV;Update material plan
MPCLAH;Purchase order claim, header;CHCLCC;Claim line create code
MPCLAH;Purchase order claim, header;CHRPTD;Replacement delivery date
MPCLAH;Purchase order claim, header;CHLEDT;First printout date
MPCLAH;Purchase order claim, header;CHOTA1;Text line 1
MPCLAH;Purchase order claim, header;CHOTA2;Text line 2
MPCLAH;Purchase order claim, header;CHOTA3;Text line 3
MPCLAH;Purchase order claim, header;CHSUDO;Delivery note number
MPCLAH;Purchase order claim, header;CHSORN;Supplier order number
MPCLAH;Purchase order claim, header;CHRCLD;Receipt date
MPCLAH;Purchase order claim, header;CHTTID;Transaction identity
MPCLAH;Purchase order claim, header;CHCMCO;Media profile
MPCLAH;Purchase order claim, header;CHTFNO;Facsimile transmission number
MPCLAH;Purchase order claim, header;CHYSVI;Via address company
MPCLAH;Purchase order claim, header;CHYSA1;Address line 1
MPCLAH;Purchase order claim, header;CHYSA2;Address line 2
MPCLAH;Purchase order claim, header;CHYSA3;Address line 3
MPCLAH;Purchase order claim, header;CHYSA4;Address line 4
MPCLAH;Purchase order claim, header;CHYFIN;Final destination company
MPCLAH;Purchase order claim, header;CHYFA1;Address line 1
MPCLAH;Purchase order claim, header;CHYFA2;Address line 2
MPCLAH;Purchase order claim, header;CHYFA3;Address line 3
MPCLAH;Purchase order claim, header;CHYFA4;Address line 4
MPCLAH;Purchase order claim, header;CHCONM;Company name
MPCLAH;Purchase order claim, header;CHADR1;Address line 1
MPCLAH;Purchase order claim, header;CHADR2;Address line 2
MPCLAH;Purchase order claim, header;CHADR3;Address line 3
MPCLAH;Purchase order claim, header;CHADR4;Address line 4
MPCLAH;Purchase order claim, header;CHRPRE;Responsible for reporting
MPCLAH;Purchase order claim, header;CHMEDC;Media
MPCLAH;Purchase order claim, header;CHPONO;Postal code
MPCLAH;Purchase order claim, header;CHECAR;State
MPCLAH;Purchase order claim, header;CHCSCD;Country
MPCLAH;Purchase order claim, header;CHTOWN;City
MPCLAH;Purchase order claim, header;CHPONS;Postal code
MPCLAH;Purchase order claim, header;CHECAS;State
MPCLAH;Purchase order claim, header;CHCSCS;Country
MPCLAH;Purchase order claim, header;CHTOWS;City
MPCLAH;Purchase order claim, header;CHPONF;Postal code
MPCLAH;Purchase order claim, header;CHECAF;State
MPCLAH;Purchase order claim, header;CHCSCF;Country
MPCLAH;Purchase order claim, header;CHTOWF;City
MPCLAH;Purchase order claim, header;CHTXID;Text identity
MPCLAH;Purchase order claim, header;CHRGDT;Entry date
MPCLAH;Purchase order claim, header;CHRGTM;Entry time
MPCLAH;Purchase order claim, header;CHLMDT;Change date
MPCLAH;Purchase order claim, header;CHCHNO;Change number
MPCLAH;Purchase order claim, header;CHCHID;Changed by
MPCLAH;Purchase order claim, header;CHRTOT;Return-to-supplier order type
MPCLAH;Purchase order claim, header;CHRTOC;Return-to-supplier order category
MPCLAH;Purchase order claim, header;CHLMTS;Timestamp
MPCLAH;Purchase order claim, header;CHCVE1;Consolidation value 1
MPCLAH;Purchase order claim, header;CHCVE2;Consolidation value 2
MPCLAH;Purchase order claim, header;CHCVE3;Consolidation value 3
MPCLAH;Purchase order claim, header;CHCVE4;Consolidation value 4
MPCLAH;Purchase order claim, header;CHCVE5;Consolidation value 5
MPCLAH;Purchase order claim, header;CHDLDT;Planned delivery date
MPCLAH;Purchase order claim, header;CHUSD1;User-defined field
MPCLAH;Purchase order claim, header;CHUSD2;User-defined field
MPCLAH;Purchase order claim, header;CHUSD3;User-defined field
MPCLAH;Purchase order claim, header;CHUSD4;User-defined field
MPCLAH;Purchase order claim, header;CHUSD5;User-defined field
MPCLAH;Purchase order claim, header;CHFRCO;County ID
MPCLAH;Purchase order claim, header;CHFRCF;County ID
MPCLAH;Purchase order claim, header;CHFRCS;County ID
MPCLAH;Purchase order claim, header;CHWCLS;Warranty claim - status
MPCLAH;Purchase order claim, header;CHECLN;External claim number
MPCLAH;Purchase order claim, header;CHCPOL;Core policy
MPCLAL;Purchase order claim;CLCONO;Company
MPCLAL;Purchase order claim;CLCLAN;Claim number
MPCLAL;Purchase order claim;CLCLLN;Claim order line
MPCLAL;Purchase order claim;CLFACI;Facility
MPCLAL;Purchase order claim;CLWHLO;Warehouse
MPCLAL;Purchase order claim;CLPNLI;Purchase order line
MPCLAL;Purchase order claim;CLPNLS;Purchase order line subnumber
MPCLAL;Purchase order claim;CLCLIS;Claim status
MPCLAL;Purchase order claim;CLITNO;Item number
MPCLAL;Purchase order claim;CLPRCS;Service process
MPCLAL;Purchase order claim;CLSUFI;Service
MPCLAL;Purchase order claim;CLSITE;Supplier item number
MPCLAL;Purchase order claim;CLPITD;Purchase order item name
MPCLAL;Purchase order claim;CLPITT;Purchase order item description
MPCLAL;Purchase order claim;CLREPN;Receiving number
MPCLAL;Purchase order claim;CLBANO;Lot number
MPCLAL;Purchase order claim;CLICAM;Quality inspection cost amount
MPCLAL;Purchase order claim;CLRVQA;Received quantity
MPCLAL;Purchase order claim;CLCAQA;Approved quantity - alternate U/M
MPCLAL;Purchase order claim;CLRJQA;Rejected quantity
MPCLAL;Purchase order claim;CLSCRE;Rejection reason
MPCLAL;Purchase order claim;CLPUUN;Purchase order U/M
MPCLAL;Purchase order claim;CLMOVC;Separation
MPCLAL;Purchase order claim;CLTXID;Text identity
MPCLAL;Purchase order claim;CLRGDT;Entry date
MPCLAL;Purchase order claim;CLRGTM;Entry time
MPCLAL;Purchase order claim;CLLMDT;Change date
MPCLAL;Purchase order claim;CLCHNO;Change number
MPCLAL;Purchase order claim;CLCHID;Changed by
MPCLAL;Purchase order claim;CLWHSL;Location
MPCLAL;Purchase order claim;CLISAM;Quality inspection cost amount
MPCLAL;Purchase order claim;CLPCQA;Partly credited quantity
MPCLAL;Purchase order claim;CLRSQA;Rejected quantity
MPCLAL;Purchase order claim;CLSSRE;Rejection reason
MPCLAL;Purchase order claim;CLCRNN;Credit note number
MPCLAL;Purchase order claim;CLCRND;Credit note date
MPCLAL;Purchase order claim;CLCRSS;Credit status
MPCLAL;Purchase order claim;CLRE20;Reference
MPCLAL;Purchase order claim;CLENNO;Entitlement number
MPCLAL;Purchase order claim;CLPUNO;Purchase order number
MPCLAL;Purchase order claim;CLUSD1;User-defined field
MPCLAL;Purchase order claim;CLUSD2;User-defined field
MPCLAL;Purchase order claim;CLUSD3;User-defined field
MPCLAL;Purchase order claim;CLUSD4;User-defined field
MPCLAL;Purchase order claim;CLUSD5;User-defined field
MPCLAL;Purchase order claim;CLCAMU;Container
MPCLAL;Purchase order claim;CLWCLS;Warranty claim - status
MPCLAL;Purchase order claim;CLWAD1;Warranty field
MPCLAL;Purchase order claim;CLWAD2;Warranty field
MPCLAL;Purchase order claim;CLWAD3;Warranty field
MPCLAL;Purchase order claim;CLWAD4;Warranty field
MPCLAL;Purchase order claim;CLWAD5;Warranty field
MPCOVE;Calcul element overheads;IJVTDT;Valid to
MPCOVE;Calcul element overheads;IJCONO;Company
MPCOVE;Calcul element overheads;IJCEID;Costing element
MPCOVE;Calcul element overheads;IJOVK1;Costing key 1
MPCOVE;Calcul element overheads;IJOVK2;Costing key 2
MPCOVE;Calcul element overheads;IJOVK3;Costing key 3
MPCOVE;Calcul element overheads;IJVFDT;Valid from
MPCOVE;Calcul element overheads;IJOVK4;Costing key 4
MPCOVE;Calcul element overheads;IJOVK5;Costing key 5
MPCOVE;Calcul element overheads;IJOVHE;Costing markup
MPCOVE;Calcul element overheads;IJOVCD;Batch price quantity
MPCOVE;Calcul element overheads;IJCUCD;Currency
MPCOVE;Calcul element overheads;IJCRTP;Exchange rate type
MPCOVE;Calcul element overheads;IJFMID;Formula
MPCOVE;Calcul element overheads;IJRESI;Result identity
MPCOVE;Calcul element overheads;IJTXID;Text identity
MPCOVE;Calcul element overheads;IJRGDT;Entry date
MPCOVE;Calcul element overheads;IJRGTM;Entry time
MPCOVE;Calcul element overheads;IJLMDT;Change date
MPCOVE;Calcul element overheads;IJCHNO;Change number
MPCOVE;Calcul element overheads;IJCHID;Changed by
MPCOVE;Calcul element overheads;IJWSCA;Costing model
MPDCAD;Capacity per Day;PDCONO;Company
MPDCAD;Capacity per Day;PDFACI;Facility
MPDCAD;Capacity per Day;PDPLGR;Work center
MPDCAD;Capacity per Day;PDDATE;Entry date
MPDCAD;Capacity per Day;PDSTM1;Start time
MPDCAD;Capacity per Day;PDSHFC;Shift
MPDCAD;Capacity per Day;PDYWD5;Date YYWWD
MPDCAD;Capacity per Day;PDETM1;End time
MPDCAD;Capacity per Day;PDPRP1;Utilization rate
MPDCAD;Capacity per Day;PDGHR1;Nominal number of hours
MPDCAD;Capacity per Day;PDWCN1;Number of machines
MPDCAD;Capacity per Day;PDCPT1;Capacity per unit and shift
MPDCAD;Capacity per Day;PDACA1;Alternate capacity
MPDCAD;Capacity per Day;PDRGDT;Entry date
MPDCAD;Capacity per Day;PDRGTM;Entry time
MPDCAD;Capacity per Day;PDLMDT;Change date
MPDCAD;Capacity per Day;PDCHNO;Change number
MPDCAD;Capacity per Day;PDCHID;Changed by
MPDCAD;Capacity per Day;PDLMTS;Timestamp
MPDHED;Product file header;PHCONO;Company
MPDHED;Product file header;PHFACI;Facility
MPDHED;Product file header;PHPRNO;Product
MPDHED;Product file header;PHSTRT;Product structure type
MPDHED;Product file header;PHSTAT;Status
MPDHED;Product file header;PHPRTX;Text
MPDHED;Product file header;PHRESP;Responsible
MPDHED;Product file header;PHEOQT;Order quantity
MPDHED;Product file header;PHDWNO;Drawing number
MPDHED;Product file header;PHNUC1;Number of put-away cards
MPDHED;Product file header;PHNUC2;Number of material requisitions
MPDHED;Product file header;PHNUC3;Number of labor tickets
MPDHED;Product file header;PHNUC4;Number of shop travelers
MPDHED;Product file header;PHNUC5;Number of routing cards
MPDHED;Product file header;PHNUC6;Number of picking lists
MPDHED;Product file header;PHNUC7;Number of design documents
MPDHED;Product file header;PHBAQT;Yield quantity
MPDHED;Product file header;PHBACO;Batch recalculation
MPDHED;Product file header;PHEXPC;Yield percentage
MPDHED;Product file header;PHDCON;Dynamic configurator
MPDHED;Product file header;PHWLDE;Infinite/finite
MPDHED;Product file header;PHSDTB;Same date for batches
MPDHED;Product file header;PHPRIB;Batch production
MPDHED;Product file header;PHLEAL;Lead time this level
MPDHED;Product file header;PHLEAA;Lead time 5 production time all levels
MPDHED;Product file header;PHLEAP;Product lead time
MPDHED;Product file header;PHSCOM;Structure complexity
MPDHED;Product file header;PHAOPL;Alternate routings
MPDHED;Product file header;PHNUMA;Number of components
MPDHED;Product file header;PHNUOP;Number of operations
MPDHED;Product file header;PHNUSC;Number of subcontract operations
MPDHED;Product file header;PHNUPH;Number of phantom items
MPDHED;Product file header;PHNUEX;Number of yield components
MPDHED;Product file header;PHTEXQ;Batch quantity
MPDHED;Product file header;PHLEVL;Lowest level
MPDHED;Product file header;PHNUBD;Number of explosion items
MPDHED;Product file header;PHNUCM;Number of lot controlling components
MPDHED;Product file header;PHASLA;Accumulated queue time
MPDHED;Product file header;PHASPC;Cumulative scrap percentage
MPDHED;Product file header;PHHDPR;Main product
MPDHED;Product file header;PHSBOD;Summarized bill of material date
MPDHED;Product file header;PHPLED;Production lead time
MPDHED;Product file header;PHFSCD;Kit control
MPDHED;Product file header;PHPSET;Pricing method
MPDHED;Product file header;PHSRCD;Reservation level
MPDHED;Product file header;PHSCCD;Statistics level
MPDHED;Product file header;PHUPCO;Full cost summation
MPDHED;Product file header;PHKPCD;Kit/charge printout
MPDHED;Product file header;PHSAOI;Standard routing
MPDHED;Product file header;PHPULD;Pull-up of delayed orders
MPDHED;Product file header;PHPULN;Pull-up of early orders
MPDHED;Product file header;PHPCBO;Percentage BoM
MPDHED;Product file header;PHPPMG;Production lot controlled op exist
MPDHED;Product file header;PHNUC8;Number of production lot cards
MPDHED;Product file header;PHTXID;Text identity
MPDHED;Product file header;PHRGDT;Entry date
MPDHED;Product file header;PHRGTM;Entry time
MPDHED;Product file header;PHLMDT;Change date
MPDHED;Product file header;PHCHNO;Change number
MPDHED;Product file header;PHCHID;Changed by
MPDHED;Product file header;PHLMTS;Timestamp
MPDHED;Product file header;PHSKTS;Suppress kit screen
MPDHED;Product file header;PHKPPO;Kit printout PO
MPDHED;Product file header;PHPSCL;Product structure class
MPDHED;Product file header;PHVRNF;Version managed
MPDHED;Product file header;PHALTS;Alternate structure
MPDHED;Product file header;PHVRSN;Version
MPDHED;Product file header;PHOTNO;Output item
MPDHED;Product file header;PHMNPL;Maintained by external system
MPDHED;Product file header;PHAGAP;Allow date gap
MPDHED;Product file header;PHAGBF;Aggregated backflush
MPDMAT;Connect materials / operations;PMALON;Allocation location
MPDMAT;Connect materials / operations;PMCONO;Company
MPDMAT;Connect materials / operations;PMFACI;Facility
MPDMAT;Connect materials / operations;PMPRNO;Product
MPDMAT;Connect materials / operations;PMSTRT;Product structure type
MPDMAT;Connect materials / operations;PMMSEQ;Sequence number
MPDMAT;Connect materials / operations;PMFDAT;From date
MPDMAT;Connect materials / operations;PMOPNO;Operation number
MPDMAT;Connect materials / operations;PMTDAT;To date
MPDMAT;Connect materials / operations;PMDWPO;Drawing position
MPDMAT;Connect materials / operations;PMMTNO;Component number
MPDMAT;Connect materials / operations;PMFMT1;Text
MPDMAT;Connect materials / operations;PMFMT2;Technical reference
MPDMAT;Connect materials / operations;PMCNQT;Quantity
MPDMAT;Connect materials / operations;PMDCCD;Number of decimal places
MPDMAT;Connect materials / operations;PMPEUN;Product engineering U/M
MPDMAT;Connect materials / operations;PMLGTH;Length
MPDMAT;Connect materials / operations;PMWDTH;Width
MPDMAT;Connect materials / operations;PMLWF1;Factor 1
MPDMAT;Connect materials / operations;PMLWF2;Factor 2
MPDMAT;Connect materials / operations;PMWAPC;Normal waste percentage
MPDMAT;Connect materials / operations;PMASPC;Cumulative scrap percentage
MPDMAT;Connect materials / operations;PMVAPC;Option percentage
MPDMAT;Connect materials / operations;PMCCQT;Quantity on drawing
MPDMAT;Connect materials / operations;PMFXCD;Quantity relation
MPDMAT;Connect materials / operations;PMSTGS;Subcontract control
MPDMAT;Connect materials / operations;PMOVTP;Phantom item
MPDMAT;Connect materials / operations;PMOVOP;Order initiated
MPDMAT;Connect materials / operations;PMMPRC;Component price
MPDMAT;Connect materials / operations;PMBYPR;By/co-product code
MPDMAT;Connect materials / operations;PMEXMA;Yield component
MPDMAT;Connect materials / operations;PMCMCD;Inheritance control
MPDMAT;Connect materials / operations;PMNUVA;Number of options
MPDMAT;Connect materials / operations;PMSDCD;Used in standard
MPDMAT;Connect materials / operations;PMASWQ;Cumulative setup scrap
MPDMAT;Connect materials / operations;PMASLA;Accumulated queue time
MPDMAT;Connect materials / operations;PMMDBF;Lead time offset
MPDMAT;Connect materials / operations;PMSPMT;Issue method
MPDMAT;Connect materials / operations;PMHPSV;Family item
MPDMAT;Connect materials / operations;PMECON;Engineering change order number
MPDMAT;Connect materials / operations;PMPONR;Order line number
MPDMAT;Connect materials / operations;PMFECV;From revision number
MPDMAT;Connect materials / operations;PMTECV;To revision number
MPDMAT;Connect materials / operations;PMSIDI;Selection ID - component
MPDMAT;Connect materials / operations;PMSITI;Selection type - component
MPDMAT;Connect materials / operations;PMCFLN;Configurator line
MPDMAT;Connect materials / operations;PMSIDQ;Selection ID - quantity
MPDMAT;Connect materials / operations;PMSITQ;Selection type - quantity
MPDMAT;Connect materials / operations;PMFORI;Formula result identity
MPDMAT;Connect materials / operations;PMSTSQ;Structure sequence number
MPDMAT;Connect materials / operations;PMWHLO;Warehouse
MPDMAT;Connect materials / operations;PMWHSL;Location
MPDMAT;Connect materials / operations;PMFLST;Floor stock
MPDMAT;Connect materials / operations;PMACTS;Operation element number
MPDMAT;Connect materials / operations;PMCRTM;Critical material
MPDMAT;Connect materials / operations;PMATNR;Attribute number
MPDMAT;Connect materials / operations;PMALCE;Check alternate material
MPDMAT;Connect materials / operations;PMSUNO;Supplier
MPDMAT;Connect materials / operations;PMMALN;Main material line
MPDMAT;Connect materials / operations;PMRGDT;Entry date
MPDMAT;Connect materials / operations;PMRGTM;Entry time
MPDMAT;Connect materials / operations;PMLMDT;Change date
MPDMAT;Connect materials / operations;PMCHNO;Change number
MPDMAT;Connect materials / operations;PMCHID;Changed by
MPDMAT;Connect materials / operations;PMSHBP;Shipping buffer in production days
MPDMAT;Connect materials / operations;PMLMTS;Timestamp
MPDMAT;Connect materials / operations;PMSTAT;Status
MPDMAT;Connect materials / operations;PMRTHI;Reservation time - material
MPDMAT;Connect materials / operations;PMNORD;Additional days - material reservation
MPDMAT;Connect materials / operations;PMINHI;Item to inherit from
MPDMAT;Connect materials / operations;PMEXCH;Exchange
MPDMAT;Connect materials / operations;PMBFCW;Catch weight backflush
MPDMAT;Connect materials / operations;PMELRF;External line reference
MPDMAT;Connect materials / operations;PMISBT;Inherit substitution table
MPDMAT;Connect materials / operations;PMISTO;Intermediate stock
MPDMAT;Connect materials / operations;PMADBF;Detailed backflush
MPDOPE;Operations;POCFIS;Setup time formula
MPDOPE;Operations;POCFRS;Setup time formula result
MPDOPE;Operations;POCONO;Company
MPDOPE;Operations;POFACI;Facility
MPDOPE;Operations;POPRNO;Product
MPDOPE;Operations;POSTRT;Product structure type
MPDOPE;Operations;POOPNO;Operation number
MPDOPE;Operations;POFDAT;From date
MPDOPE;Operations;POMSEQ;Sequence number
MPDOPE;Operations;POTDAT;To date
MPDOPE;Operations;POPLGR;Work center
MPDOPE;Operations;POOPDS;Operation description
MPDOPE;Operations;POTXT1;Text line 1
MPDOPE;Operations;POTXT2;Text line 2
MPDOPE;Operations;POAOPE;Alternate operation
MPDOPE;Operations;POOADS;Operation element exists
MPDOPE;Operations;POPHOP;Phantom operation method
MPDOPE;Operations;PODOID;Document identity
MPDOPE;Operations;POFXTI;Fixed time
MPDOPE;Operations;POSETI;Setup time
MPDOPE;Operations;POOSET;External setup time
MPDOPE;Operations;POPITI;Run time
MPDOPE;Operations;POCTCD;Price and time quantity
MPDOPE;Operations;POSENP;Planned number of workers - setup
MPDOPE;Operations;POPRNP;Planned number of workers - run time
MPDOPE;Operations;POPRNM;Planned number of machines
MPDOPE;Operations;POSEPR;Setup price
MPDOPE;Operations;POPIPR;Unit price
MPDOPE;Operations;POWAFA;Time rate
MPDOPE;Operations;POWCRF;Time reference
MPDOPE;Operations;POKIWG;Pay element
MPDOPE;Operations;POINWE;Initial weight
MPDOPE;Operations;POOPV3;Operation volume
MPDOPE;Operations;POMFPR;Multiplication factor - manufacturing
MPDOPE;Operations;POOPCM;Operation cost multiplier
MPDOPE;Operations;POLASK;Labor skill
MPDOPE;Operations;POINSK;Inspection skill
MPDOPE;Operations;POSCPC;Scrap percentage
MPDOPE;Operations;POASPC;Cumulative scrap percentage
MPDOPE;Operations;POVAPC;Option percentage
MPDOPE;Operations;POSDCD;Used in standard
MPDOPE;Operations;POTOOL;Tool number
MPDOPE;Operations;POCAMP;Number of labor tickets
MPDOPE;Operations;POSLAC;Transport value in days
MPDOPE;Operations;POODBF;Lead time offset
MPDOPE;Operations;POPRDY;Production days
MPDOPE;Operations;POSWQT;Setup scrap
MPDOPE;Operations;POASWQ;Cumulative setup scrap
MPDOPE;Operations;POSUNO;Supplier
MPDOPE;Operations;PONSUN;Next supplier
MPDOPE;Operations;POASLA;Accumulated queue time
MPDOPE;Operations;POCFID;Formula
MPDOPE;Operations;POCFRI;Formula result
MPDOPE;Operations;POMDOP;Max duration of operation in percent
MPDOPE;Operations;POTXID;Text identity
MPDOPE;Operations;POWLDE;Infinite/finite
MPDOPE;Operations;POSTSQ;Structure sequence number
MPDOPE;Operations;POSUBC;Subcontract control
MPDOPE;Operations;PONUVA;Number of options
MPDOPE;Operations;POAUIN;Automatic receipt
MPDOPE;Operations;POAURP;Automatic operation reporting
MPDOPE;Operations;POASOP;Assembly operation
MPDOPE;Operations;POPLGF;Forced resource
MPDOPE;Operations;PONXOP;Next APP operation number
MPDOPE;Operations;POAPON;SWB operation number
MPDOPE;Operations;POPOOC;Parallel operation overlap code
MPDOPE;Operations;POSLAT;Transit unit of measure/Overlap code
MPDOPE;Operations;PORESR;Resource restriction
MPDOPE;Operations;POSPLK;Split method - operation
MPDOPE;Operations;POSPLN;Number of operations after split
MPDOPE;Operations;POSPSZ;Split quantity
MPDOPE;Operations;POPRET;Preparation time
MPDOPE;Operations;POPOTM;Post-operation time
MPDOPE;Operations;POPLOQ;Production lot size
MPDOPE;Operations;POPLMG;Production lot controlled
MPDOPE;Operations;POFECV;From revision number
MPDOPE;Operations;POTECV;To revision number
MPDOPE;Operations;POCFGL;Position
MPDOPE;Operations;POITNO;Item number
MPDOPE;Operations;POATNR;Attribute number
MPDOPE;Operations;POPLTQ;Quantity type - production lot
MPDOPE;Operations;PORGDT;Entry date
MPDOPE;Operations;PORGTM;Entry time
MPDOPE;Operations;POLMDT;Change date
MPDOPE;Operations;POCHNO;Change number
MPDOPE;Operations;POCHID;Changed by
MPDOPE;Operations;POCRTR;Critical resource
MPDOPE;Operations;POAMAO;Additional material offset
MPDOPE;Operations;POSHBP;Shipping buffer in production days
MPDOPE;Operations;POLMTS;Timestamp
MPDOPE;Operations;POSTAT;Status
MPDOPE;Operations;POECON;Engineering change order number
MPDOPE;Operations;POOPSX;Operation suffix
MPDOPE;Operations;POPLLT;Lot number control
MPDRER;Resource relations;PRCONO;Company
MPDRER;Resource relations;PRFACI;Facility
MPDRER;Resource relations;PRPLG1;Work center
MPDRER;Resource relations;PRPLG6;Work center resource
MPDRER;Resource relations;PRPRIR;Work center priority
MPDRER;Resource relations;PRSECR;Preferred resource
MPDRER;Resource relations;PRPLGF;Forced resource
MPDRER;Resource relations;PRPLGN;Norm resource
MPDRER;Resource relations;PRDSCR;Description
MPDRER;Resource relations;PRRPLF;Line control
MPDRER;Resource relations;PREFFA;Efficiency factor
MPDRER;Resource relations;PRRGDT;Entry date
MPDRER;Resource relations;PRRGTM;Entry time
MPDRER;Resource relations;PRLMDT;Change date
MPDRER;Resource relations;PRCHNO;Change number
MPDRER;Resource relations;PRCHID;Changed by
MPDRER;Resource relations;PRLMTS;Timestamp
MPDSUM;Summary contain of analyse;PSCONO;Company
MPDSUM;Summary contain of analyse;PSTSTM;Timestamp
MPDSUM;Summary contain of analyse;PSFACI;Facility
MPDSUM;Summary contain of analyse;PSPRNO;Product
MPDSUM;Summary contain of analyse;PSSTRT;Product structure type
MPDSUM;Summary contain of analyse;PSSEQN;Sequence number
MPDSUM;Summary contain of analyse;PSRLEV;Relative level
MPDSUM;Summary contain of analyse;PSITTY;Item type
MPDSUM;Summary contain of analyse;PSSTSQ;Structure sequence number
MPDSUM;Summary contain of analyse;PSPRN1;Product
MPDSUM;Summary contain of analyse;PSMTNO;Component number
MPDSUM;Summary contain of analyse;PSCNQT;Quantity
MPDSUM;Summary contain of analyse;PSPEUN;Product engineering U/M
MPDSUM;Summary contain of analyse;PSFXCD;Quantity relation
MPDSUM;Summary contain of analyse;PSCRMA;Critical line manufacturing
MPDSUM;Summary contain of analyse;PSCRPU;Critical line purchase
MPDSUM;Summary contain of analyse;PSOPLC;Planning method
MPDSUM;Summary contain of analyse;PSACDB;Cumulative lead-time offset
MPDSUM;Summary contain of analyse;PSMDBF;Lead time offset
MPDSUM;Summary contain of analyse;PSSATD;Safety time
MPDSUM;Summary contain of analyse;PSLEAL;Lead time this level
MPDSUM;Summary contain of analyse;PSRGDT;Entry date
MPDWCT;Planning groups (workcenters);PPCONO;Company
MPDWCT;Planning groups (workcenters);PPFACI;Facility
MPDWCT;Planning groups (workcenters);PPPLGR;Work center
MPDWCT;Planning groups (workcenters);PPPLNM;Name
MPDWCT;Planning groups (workcenters);PPIIWC;Included in work center
MPDWCT;Planning groups (workcenters);PPDEPT;Department
MPDWCT;Planning groups (workcenters);PPREAR;Planning area
MPDWCT;Planning groups (workcenters);PPPLGT;Work center type
MPDWCT;Planning groups (workcenters);PPPLTP;Resource type
MPDWCT;Planning groups (workcenters);PPQUAC;Quality inspection
MPDWCT;Planning groups (workcenters);PPPRLN;Production line
MPDWCT;Planning groups (workcenters);PPPLHZ;Planning horizon
MPDWCT;Planning groups (workcenters);PPDPLH;Weekly load leveling
MPDWCT;Planning groups (workcenters);PPLVDY;Daily load leveling
MPDWCT;Planning groups (workcenters);PPEFCH;Efficiency control
MPDWCT;Planning groups (workcenters);PPAVEF;Utilization rate
MPDWCT;Planning groups (workcenters);PPOUTO;Output tolerance
MPDWCT;Planning groups (workcenters);PPINTO;Input tolerance
MPDWCT;Planning groups (workcenters);PPLCRD;Latest CRP generation date
MPDWCT;Planning groups (workcenters);PPWCRE;Work center responsible
MPDWCT;Planning groups (workcenters);PPPCAP;Capacity type
MPDWCT;Planning groups (workcenters);PPPTUN;Time U/M
MPDWCT;Planning groups (workcenters);PPWCNM;Number of machines
MPDWCT;Planning groups (workcenters);PPWCNP;Number of persons
MPDWCT;Planning groups (workcenters);PPCPTY;Capacity per unit and shift
MPDWCT;Planning groups (workcenters);PPACAP;Alternate capacity
MPDWCT;Planning groups (workcenters);PPRCUN;Alternate capacity U/M
MPDWCT;Planning groups (workcenters);PPSHFT;Number of shifts
MPDWCT;Planning groups (workcenters);PPSHPA;Shift pattern
MPDWCT;Planning groups (workcenters);PPPDCC;Number of price decimal places
MPDWCT;Planning groups (workcenters);PPSLAT;Transit unit of measure/Overlap code
MPDWCT;Planning groups (workcenters);PPRATP;Production rate display code
MPDWCT;Planning groups (workcenters);PPPSQT;Co-sorting identity
MPDWCT;Planning groups (workcenters);PPFITP;From item position
MPDWCT;Planning groups (workcenters);PPTITP;To item position
MPDWCT;Planning groups (workcenters);PPRWCD;Load reduction method
MPDWCT;Planning groups (workcenters);PPAMAO;Additional material offset
MPDWCT;Planning groups (workcenters);PPSOFD;Co-sorting feature or drawing measuremnt
MPDWCT;Planning groups (workcenters);PPQUDY;Queue days
MPDWCT;Planning groups (workcenters);PPPIDS;Panel identity - MO W/C schedule
MPDWCT;Planning groups (workcenters);PPPIDW;Panel identity - WO W/C schedule
MPDWCT;Planning groups (workcenters);PPKANB;Item location issue
MPDWCT;Planning groups (workcenters);PPWHLO;Warehouse
MPDWCT;Planning groups (workcenters);PPWHSL;Location
MPDWCT;Planning groups (workcenters);PPTWSL;To location
MPDWCT;Planning groups (workcenters);PPAUIN;Automatic receipt
MPDWCT;Planning groups (workcenters);PPAURP;Automatic operation reporting
MPDWCT;Planning groups (workcenters);PPKYRE;Flow order resource
MPDWCT;Planning groups (workcenters);PPWLDE;Infinite/finite
MPDWCT;Planning groups (workcenters);PPDAFA;Day factor
MPDWCT;Planning groups (workcenters);PPOPDS;Operation description
MPDWCT;Planning groups (workcenters);PPDOID;Document identity
MPDWCT;Planning groups (workcenters);PPTOOL;Tool number
MPDWCT;Planning groups (workcenters);PPSLAC;Transport value in days
MPDWCT;Planning groups (workcenters);PPSWQT;Setup scrap
MPDWCT;Planning groups (workcenters);PPCTCD;Price and time quantity
MPDWCT;Planning groups (workcenters);PPSETI;Setup time
MPDWCT;Planning groups (workcenters);PPOSET;External setup time
MPDWCT;Planning groups (workcenters);PPPITI;Run time
MPDWCT;Planning groups (workcenters);PPFXTI;Fixed time
MPDWCT;Planning groups (workcenters);PPSENP;Planned number of workers - setup
MPDWCT;Planning groups (workcenters);PPPRNP;Planned number of workers - run time
MPDWCT;Planning groups (workcenters);PPPRNM;Planned number of machines
MPDWCT;Planning groups (workcenters);PPSEPR;Setup price
MPDWCT;Planning groups (workcenters);PPPIPR;Unit price
MPDWCT;Planning groups (workcenters);PPKIWG;Pay element
MPDWCT;Planning groups (workcenters);PPSUNO;Supplier
MPDWCT;Planning groups (workcenters);PPSCPC;Scrap percentage
MPDWCT;Planning groups (workcenters);PPCAMP;Number of labor tickets
MPDWCT;Planning groups (workcenters);PPWCRF;Time reference
MPDWCT;Planning groups (workcenters);PPVAPC;Option percentage
MPDWCT;Planning groups (workcenters);PPRAUM;Reporting in alternate U/M
MPDWCT;Planning groups (workcenters);PPFL01;Field selection
MPDWCT;Planning groups (workcenters);PPFL02;Field selection
MPDWCT;Planning groups (workcenters);PPFL03;Field selection
MPDWCT;Planning groups (workcenters);PPFL04;Field selection
MPDWCT;Planning groups (workcenters);PPFL05;Field selection
MPDWCT;Planning groups (workcenters);PPFL06;Field selection
MPDWCT;Planning groups (workcenters);PPFL07;Field selection
MPDWCT;Planning groups (workcenters);PPFL08;Field selection
MPDWCT;Planning groups (workcenters);PPFL09;Field selection
MPDWCT;Planning groups (workcenters);PPFL10;Field selection
MPDWCT;Planning groups (workcenters);PPFL11;Field selection
MPDWCT;Planning groups (workcenters);PPFL12;Field selection
MPDWCT;Planning groups (workcenters);PPFL13;Field selection
MPDWCT;Planning groups (workcenters);PPFL14;Field selection
MPDWCT;Planning groups (workcenters);PPFL15;Field selection
MPDWCT;Planning groups (workcenters);PPFL16;Field selection
MPDWCT;Planning groups (workcenters);PPFL17;Field selection
MPDWCT;Planning groups (workcenters);PPFL18;Field selection
MPDWCT;Planning groups (workcenters);PPFL19;Field selection
MPDWCT;Planning groups (workcenters);PPFL20;Field selection
MPDWCT;Planning groups (workcenters);PPFL21;Field selection
MPDWCT;Planning groups (workcenters);PPFL22;Field selection
MPDWCT;Planning groups (workcenters);PPFL23;Field selection
MPDWCT;Planning groups (workcenters);PPFL24;Field selection
MPDWCT;Planning groups (workcenters);PPFL25;Field selection
MPDWCT;Planning groups (workcenters);PPFL26;Field selection
MPDWCT;Planning groups (workcenters);PPFL27;Field selection
MPDWCT;Planning groups (workcenters);PPFL28;Field selection
MPDWCT;Planning groups (workcenters);PPFL29;Field selection
MPDWCT;Planning groups (workcenters);PPFL30;Field selection
MPDWCT;Planning groups (workcenters);PPFL31;Field selection
MPDWCT;Planning groups (workcenters);PPFL32;Field selection
MPDWCT;Planning groups (workcenters);PPFL33;Field selection
MPDWCT;Planning groups (workcenters);PPFL34;Field selection
MPDWCT;Planning groups (workcenters);PPFL35;Field selection
MPDWCT;Planning groups (workcenters);PPFL36;Field selection
MPDWCT;Planning groups (workcenters);PPFL37;Field selection
MPDWCT;Planning groups (workcenters);PPFL38;Field selection
MPDWCT;Planning groups (workcenters);PPFL39;Field selection
MPDWCT;Planning groups (workcenters);PPFL40;Field selection
MPDWCT;Planning groups (workcenters);PPFL41;Field selection
MPDWCT;Planning groups (workcenters);PPFL42;Field selection
MPDWCT;Planning groups (workcenters);PPFL43;Field selection
MPDWCT;Planning groups (workcenters);PPFL44;Field selection
MPDWCT;Planning groups (workcenters);PPFL45;Field selection
MPDWCT;Planning groups (workcenters);PPFL46;Field selection
MPDWCT;Planning groups (workcenters);PPFL47;Field selection
MPDWCT;Planning groups (workcenters);PPFL48;Field selection
MPDWCT;Planning groups (workcenters);PPFL49;Field selection
MPDWCT;Planning groups (workcenters);PPFL50;Field selection
MPDWCT;Planning groups (workcenters);PPFL51;Field selection
MPDWCT;Planning groups (workcenters);PPFL52;Field selection
MPDWCT;Planning groups (workcenters);PPFL53;Field selection
MPDWCT;Planning groups (workcenters);PPFL54;Field selection
MPDWCT;Planning groups (workcenters);PPFL55;Field selection
MPDWCT;Planning groups (workcenters);PPFL56;Field selection
MPDWCT;Planning groups (workcenters);PPFL57;Field selection
MPDWCT;Planning groups (workcenters);PPFL58;Field selection
MPDWCT;Planning groups (workcenters);PPFL59;Field selection
MPDWCT;Planning groups (workcenters);PPFL60;Field selection
MPDWCT;Planning groups (workcenters);PPFL61;Field selection
MPDWCT;Planning groups (workcenters);PPFL62;Field selection
MPDWCT;Planning groups (workcenters);PPFL63;Field selection
MPDWCT;Planning groups (workcenters);PPFL64;Field selection
MPDWCT;Planning groups (workcenters);PPFL65;Field selection
MPDWCT;Planning groups (workcenters);PPFL66;Field selection
MPDWCT;Planning groups (workcenters);PPFL67;Field selection
MPDWCT;Planning groups (workcenters);PPFL68;Field selection
MPDWCT;Planning groups (workcenters);PPFL69;Field selection
MPDWCT;Planning groups (workcenters);PPFL70;Field selection
MPDWCT;Planning groups (workcenters);PPFL71;Field selection
MPDWCT;Planning groups (workcenters);PPFL72;Field selection
MPDWCT;Planning groups (workcenters);PPFL73;Field selection
MPDWCT;Planning groups (workcenters);PPFL74;Field selection
MPDWCT;Planning groups (workcenters);PPFL75;Field selection
MPDWCT;Planning groups (workcenters);PPFL76;Field selection
MPDWCT;Planning groups (workcenters);PPFL77;Field selection
MPDWCT;Planning groups (workcenters);PPFL78;Field selection
MPDWCT;Planning groups (workcenters);PPFL79;Field selection
MPDWCT;Planning groups (workcenters);PPFL80;Field selection
MPDWCT;Planning groups (workcenters);PPFL81;Field selection
MPDWCT;Planning groups (workcenters);PPFL82;Field selection
MPDWCT;Planning groups (workcenters);PPFL83;Field selection
MPDWCT;Planning groups (workcenters);PPFL84;Field selection
MPDWCT;Planning groups (workcenters);PPFL85;Field selection
MPDWCT;Planning groups (workcenters);PPFL86;Field selection
MPDWCT;Planning groups (workcenters);PPFL87;Field selection
MPDWCT;Planning groups (workcenters);PPFL88;Field selection
MPDWCT;Planning groups (workcenters);PPFL89;Field selection
MPDWCT;Planning groups (workcenters);PPFL90;Field selection
MPDWCT;Planning groups (workcenters);PPSEQP;Sequencing priority
MPDWCT;Planning groups (workcenters);PPACOL;Activity color
MPDWCT;Planning groups (workcenters);PPPOTM;Post-operation time
MPDWCT;Planning groups (workcenters);PPCPOT;Continuous post-opr time
MPDWCT;Planning groups (workcenters);PPMPTF;Operator time factor
MPDWCT;Planning groups (workcenters);PPLDPR;Loading principle
MPDWCT;Planning groups (workcenters);PPFUMT;Fill method
MPDWCT;Planning groups (workcenters);PPMAHD;Planned number of resources
MPDWCT;Planning groups (workcenters);PPMINR;Minimum restriction
MPDWCT;Planning groups (workcenters);PPMAXR;Maximum restriction
MPDWCT;Planning groups (workcenters);PPGRMX;Maximum oven load
MPDWCT;Planning groups (workcenters);PPGRMU;Oven load U/M
MPDWCT;Planning groups (workcenters);PPAVFL;Average load percentage
MPDWCT;Planning groups (workcenters);PPAVQT;Average queue time
MPDWCT;Planning groups (workcenters);PPPRET;Preparation time
MPDWCT;Planning groups (workcenters);PPPLGD;Default resource
MPDWCT;Planning groups (workcenters);PPCAPL;Capacity level
MPDWCT;Planning groups (workcenters);PPBONE;Bottleneck planning
MPDWCT;Planning groups (workcenters);PPAPLC;Location
MPDWCT;Planning groups (workcenters);PPVEOC;Verify operation closing
MPDWCT;Planning groups (workcenters);PPUNIT;Unit of measure
MPDWCT;Planning groups (workcenters);PPCOCE;Cost center
MPDWCT;Planning groups (workcenters);PPCINA;Create cost accounting transactions
MPDWCT;Planning groups (workcenters);PPPLOQ;Production lot size
MPDWCT;Planning groups (workcenters);PPBAME;Batch sizing method
MPDWCT;Planning groups (workcenters);PPBAML;Minimum level percentage
MPDWCT;Planning groups (workcenters);PPBAMI;Minimum batch size
MPDWCT;Planning groups (workcenters);PPBAMA;Maximum batch size
MPDWCT;Planning groups (workcenters);PPBASL;Step level percentage
MPDWCT;Planning groups (workcenters);PPBASS;Multiple batch size
MPDWCT;Planning groups (workcenters);PPBAFD;Frozen horizon
MPDWCT;Planning groups (workcenters);PPBALD;Sequence lock horizon
MPDWCT;Planning groups (workcenters);PPBASD;Slushy horizon
MPDWCT;Planning groups (workcenters);PPBAGH;Grouping horizon
MPDWCT;Planning groups (workcenters);PPBARD;Surplus rule
MPDWCT;Planning groups (workcenters);PPMDOP;Max duration of operation in percent
MPDWCT;Planning groups (workcenters);PPPLTQ;Quantity type - production lot
MPDWCT;Planning groups (workcenters);PPUSTD;Used time default
MPDWCT;Planning groups (workcenters);PPUMSD;Used time default
MPDWCT;Planning groups (workcenters);PPUPTD;Used time default
MPDWCT;Planning groups (workcenters);PPUMTD;Used time default
MPDWCT;Planning groups (workcenters);PPTXID;Text identity
MPDWCT;Planning groups (workcenters);PPRGDT;Entry date
MPDWCT;Planning groups (workcenters);PPRGTM;Entry time
MPDWCT;Planning groups (workcenters);PPLMDT;Change date
MPDWCT;Planning groups (workcenters);PPCHNO;Change number
MPDWCT;Planning groups (workcenters);PPCHID;Changed by
MPDWCT;Planning groups (workcenters);PPCRTR;Critical resource
MPDWCT;Planning groups (workcenters);PPSHBP;Shipping buffer in production days
MPDWCT;Planning groups (workcenters);PPLMTS;Timestamp
MPDWCT;Planning groups (workcenters);PPATMO;Attribute model
MPDWCT;Planning groups (workcenters);PPAVRT;Average run time threshold
MPDWCT;Planning groups (workcenters);PPGEOX;Geographic code X
MPDWCT;Planning groups (workcenters);PPGEOY;Geographic code Y
MPDWCT;Planning groups (workcenters);PPGEOZ;Geographic code  Z
MPDWCT;Planning groups (workcenters);PPPLLT;Lot number control
MPDWCT;Planning groups (workcenters);PPRETL;Return location
MPGRMT;Goods recieving methods;GREXLR;Extended lot ref check
MPGRMT;Goods recieving methods;GRCONO;Company
MPGRMT;Goods recieving methods;GRGRMT;Goods receiving method
MPGRMT;Goods recieving methods;GRTX40;Description
MPGRMT;Goods recieving methods;GRTX15;Name
MPGRMT;Goods recieving methods;GRDSTO;Direct put-away
MPGRMT;Goods recieving methods;GRQUCO;Quality inspection reporting
MPGRMT;Goods recieving methods;GRFLCD;Inspection point
MPGRMT;Goods recieving methods;GRPTAA;Shortage check - goods receipt
MPGRMT;Goods recieving methods;GRPTAD;Time limit - urgent requirements alarm
MPGRMT;Goods recieving methods;GRQCLA;Quality inspection address - default
MPGRMT;Goods recieving methods;GRQCAD;QI address if default is missing
MPGRMT;Goods recieving methods;GRPUAD;Put-away address - default
MPGRMT;Goods recieving methods;GRPUAE;Put-away address if default is missing
MPGRMT;Goods recieving methods;GRLEA2;Inspection lead time
MPGRMT;Goods recieving methods;GRSCSE;Copy standard parameters
MPGRMT;Goods recieving methods;GRLCLV;Lowest permitted quality inspection lvl
MPGRMT;Goods recieving methods;GRTOSP;Quality inspection plan
MPGRMT;Goods recieving methods;GRSPTT;Sample table
MPGRMT;Goods recieving methods;GRMCLD;Minimum quality inspection interval
MPGRMT;Goods recieving methods;GRCLWM;QI level after minimum QI interval
MPGRMT;Goods recieving methods;GRCTXT;Inspection text
MPGRMT;Goods recieving methods;GRQCCE;Quality inspection level - new revision
MPGRMT;Goods recieving methods;GRCSCT;Are quality inspection tasks used
MPGRMT;Goods recieving methods;GRCRBN;Manual lot number entry
MPGRMT;Goods recieving methods;GRTSPA;Two-step put-away
MPGRMT;Goods recieving methods;GRSB01;Display attribute screen at goods recpt
MPGRMT;Goods recieving methods;GRSB02;Display attribute screen at quality insp
MPGRMT;Goods recieving methods;GRSB03;Display attribute screen at put-away
MPGRMT;Goods recieving methods;GRCDGM;Extended cross-docking check type
MPGRMT;Goods recieving methods;GRTXID;Text identity
MPGRMT;Goods recieving methods;GRRGDT;Entry date
MPGRMT;Goods recieving methods;GRRGTM;Entry time
MPGRMT;Goods recieving methods;GRLMDT;Change date
MPGRMT;Goods recieving methods;GRCHNO;Change number
MPGRMT;Goods recieving methods;GRCHID;Changed by
MPGRMT;Goods recieving methods;GRPBRE;Package-based receipt
MPGRMT;Goods recieving methods;GRLIRR;Laboratory inspection request rule
MPGRMT;Goods recieving methods;GRAUPX;Auto put-away of cross-dock
MPGRMT;Goods recieving methods;GRCPTX;Copy PO line text to equipment
MPGRMT;Goods recieving methods;GRLMTS;Timestamp
MPGRMT;Goods recieving methods;GRPTFB;Test frequency basis for PO
MPHEAD;Purchase order;IASRAM;Supplier rebate agreement model
MPHEAD;Purchase order;IACONO;Company
MPHEAD;Purchase order;IAPUNO;Purchase order number
MPHEAD;Purchase order;IADIVI;Division
MPHEAD;Purchase order;IAFACI;Facility
MPHEAD;Purchase order;IAWHLO;Warehouse
MPHEAD;Purchase order;IAORTY;Order type
MPHEAD;Purchase order;IAPOTC;Purchase order category
MPHEAD;Purchase order;IAPUSL;Lowest status - purchase order
MPHEAD;Purchase order;IASLDT;Change date - order status
MPHEAD;Purchase order;IAPUST;Highest status - purchase order
MPHEAD;Purchase order;IASCDT;Change date highest order status
MPHEAD;Purchase order;IACMCO;Media profile
MPHEAD;Purchase order;IAPUDT;Order date
MPHEAD;Purchase order;IASUNO;Supplier
MPHEAD;Purchase order;IALNCD;Language
MPHEAD;Purchase order;IACUCD;Currency
MPHEAD;Purchase order;IATEPY;Payment terms
MPHEAD;Purchase order;IAPYME;Payment method - accounts payable
MPHEAD;Purchase order;IAMODL;Delivery method
MPHEAD;Purchase order;IATEDL;Delivery terms
MPHEAD;Purchase order;IATEAF;Freight terms
MPHEAD;Purchase order;IATEPA;Packaging terms
MPHEAD;Purchase order;IARFID;Reference
MPHEAD;Purchase order;IAYRE1;Your reference
MPHEAD;Purchase order;IADWDT;Requested delivery date
MPHEAD;Purchase order;IAHDDT;Last day of delivery
MPHEAD;Purchase order;IAPRSU;Payee
MPHEAD;Purchase order;IAOURR;Our reference number
MPHEAD;Purchase order;IAOURT;Reference type
MPHEAD;Purchase order;IAAGNT;Recipient agreement type 1 - commission
MPHEAD;Purchase order;IANTAM;Net order value
MPHEAD;Purchase order;IABRAM;Order value gross
MPHEAD;Purchase order;IAOTBA;Order total discount generating amount
MPHEAD;Purchase order;IAPURC;Requisition by
MPHEAD;Purchase order;IABUYE;Buyer
MPHEAD;Purchase order;IAAURE;Authorized
MPHEAD;Purchase order;IALEDT;First printout date
MPHEAD;Purchase order;IAFUSC;Monitoring activity list
MPHEAD;Purchase order;IAEXAT;Monitoring active
MPHEAD;Purchase order;IAPTAC;Payment table active
MPHEAD;Purchase order;IARTAC;Revision table active
MPHEAD;Purchase order;IAEXAV;Charge active
MPHEAD;Purchase order;IANOPP;Number of pages - purchase order
MPHEAD;Purchase order;IANOLN;Number of purchase order lines
MPHEAD;Purchase order;IAMTWP;Multiple warehouses
MPHEAD;Purchase order;IAMTDP;Multiple delivery addresses
MPHEAD;Purchase order;IACOAM;Total order cost
MPHEAD;Purchase order;IAODAM;Order total discount
MPHEAD;Purchase order;IAOTPC;Order total discount generating
MPHEAD;Purchase order;IAPRLA;Print line amount
MPHEAD;Purchase order;IAVOL3;Volume
MPHEAD;Purchase order;IAGRWE;Gross weight
MPHEAD;Purchase order;IATOQT;Total quantity
MPHEAD;Purchase order;IATFNO;Facsimile transmission number
MPHEAD;Purchase order;IALRED;Last reply date
MPHEAD;Purchase order;IAATDT;Last activity date
MPHEAD;Purchase order;IAPOPO;Calculator print
MPHEAD;Purchase order;IATEL1;Terms text
MPHEAD;Purchase order;IADUDT;Due date
MPHEAD;Purchase order;IACUTE;Currency terms
MPHEAD;Purchase order;IAAGRA;Agreed rate
MPHEAD;Purchase order;IAPYAD;Our invoicing address
MPHEAD;Purchase order;IASHVI;Ship via code
MPHEAD;Purchase order;IAFIDS;Your receiving address
MPHEAD;Purchase order;IARCDT;Receipt date
MPHEAD;Purchase order;IALIDT;Not used
MPHEAD;Purchase order;IAEXEP;External charge
MPHEAD;Purchase order;IAINEP;Internal charge
MPHEAD;Purchase order;IATLEX;External line unique charges
MPHEAD;Purchase order;IATLIN;Internal line unique charges
MPHEAD;Purchase order;IATEOR;Telephone order
MPHEAD;Purchase order;IATXID;Text identity
MPHEAD;Purchase order;IAPRTX;Text identity
MPHEAD;Purchase order;IAPOTX;Text identity
MPHEAD;Purchase order;IADTID;Data identity
MPHEAD;Purchase order;IAPROJ;Project number
MPHEAD;Purchase order;IAELNO;Project element
MPHEAD;Purchase order;IAECLC;Labor code - trade statistics (TST)
MPHEAD;Purchase order;IACPRI;Customs procedure - import
MPHEAD;Purchase order;IAHAFE;Harbor or airport
MPHEAD;Purchase order;IATIHM;Time hours & minutes
MPHEAD;Purchase order;IAMEDC;Media
MPHEAD;Purchase order;IARGDT;Entry date
MPHEAD;Purchase order;IARGTM;Entry time
MPHEAD;Purchase order;IALMDT;Change date
MPHEAD;Purchase order;IACHNO;Change number
MPHEAD;Purchase order;IACHID;Changed by
MPHEAD;Purchase order;IALMTS;Timestamp
MPHEAD;Purchase order;IAPRVW;Print preview
MPHEAD;Purchase order;IARASN;Rail station
MPHEAD;Purchase order;IAFECN;Future rate agreement number
MPHEAD;Purchase order;IAUCA1;User-defined alpha field 1
MPHEAD;Purchase order;IAUCA2;User-defined alpha field 2
MPHEAD;Purchase order;IAUCA3;User-defined alpha field 3
MPHEAD;Purchase order;IAUCA4;User-defined alpha field 4
MPHEAD;Purchase order;IAUCA5;User-defined alpha field 5
MPHEAD;Purchase order;IAUCA6;User-defined alpha field 6
MPHEAD;Purchase order;IAUCA7;User-defined alpha field 7
MPHEAD;Purchase order;IAUCA8;User-defined alpha field 8
MPHEAD;Purchase order;IAUCA9;User-defined alpha field 9
MPHEAD;Purchase order;IAUCA0;User-defined alpha field 10
MPHEAD;Purchase order;IAUDN1;User-defined numeric 1
MPHEAD;Purchase order;IAUDN2;User-defined numeric 2
MPHEAD;Purchase order;IAUDN3;User-defined numeric 3
MPHEAD;Purchase order;IAUDN4;User-defined numeric 4
MPHEAD;Purchase order;IAUDN5;User-defined numeric 5
MPHEAD;Purchase order;IAUDN6;User-defined numeric 6
MPHEAD;Purchase order;IAUID1;User-defined date 1
MPHEAD;Purchase order;IAUID2;User-defined date 2
MPHEAD;Purchase order;IAUID3;User-defined date 3
MPHEAD;Purchase order;IAUCT1;User-defined text field 1
MPHEAD;Purchase order;IAPORG;Purchase organization
MPLIND;PO line transactions;ICCONO;Company
MPLIND;PO line transactions;ICPUNO;Purchase order number
MPLIND;PO line transactions;ICPNLI;Purchase order line
MPLIND;PO line transactions;ICPNLS;Purchase order line subnumber
MPLIND;PO line transactions;ICPNLX;Purchase order line suffix
MPLIND;PO line transactions;ICFACI;Facility
MPLIND;PO line transactions;ICWHLO;Warehouse
MPLIND;PO line transactions;ICWHSL;Location
MPLIND;PO line transactions;ICBANO;Lot number
MPLIND;PO line transactions;ICCAMU;Container
MPLIND;PO line transactions;ICSUDO;Delivery note number
MPLIND;PO line transactions;ICREPN;Receiving number
MPLIND;PO line transactions;ICPUOS;Purchase order status
MPLIND;PO line transactions;ICUGCD;Urgency code
MPLIND;PO line transactions;ICNEAC;Next activity
MPLIND;PO line transactions;ICREOR;Report order
MPLIND;PO line transactions;ICCHPO;Check points
MPLIND;PO line transactions;ICRPQA;Reported quantity
MPLIND;PO line transactions;ICRPQT;Reported quantity
MPLIND;PO line transactions;ICTRDT;Transaction date
MPLIND;PO line transactions;ICPLDT;Planning date
MPLIND;PO line transactions;ICRENE;Responsible for next process step
MPLIND;PO line transactions;ICRESP;Responsible
MPLIND;PO line transactions;ICBOLN;Bill of lading
MPLIND;PO line transactions;ICCARN;Carrier name
MPLIND;PO line transactions;ICSMDT;Planned pickup date
MPLIND;PO line transactions;ICARDT;Arrival date
MPLIND;PO line transactions;ICNOPK;Number of packages
MPLIND;PO line transactions;ICFWRF;Forwarding agent reference
MPLIND;PO line transactions;ICOEND;Flagged as completed
MPLIND;PO line transactions;ICSCOP;Received cost - basic U/M, local curr
MPLIND;PO line transactions;ICSERA;Received exchange rate
MPLIND;PO line transactions;ICDTID;Data identity
MPLIND;PO line transactions;ICTIHM;Time hours & minutes
MPLIND;PO line transactions;ICDLIX;Delivery number
MPLIND;PO line transactions;ICAGNB;Agreement number
MPLIND;PO line transactions;ICPACN;Package number
MPLIND;PO line transactions;ICPACC;Included in package number
MPLIND;PO line transactions;ICRGDT;Entry date
MPLIND;PO line transactions;ICRGTM;Entry time
MPLIND;PO line transactions;ICTXID;Text identity
MPLIND;PO line transactions;ICLMTS;Timestamp
MPLIND;PO line transactions;ICSUNO;Supplier
MPLIND;PO line transactions;ICDNDT;Delivery note date
MPLIND;PO line transactions;ICSDDT;Supplier's departure date
MPLIND;PO line transactions;ICNDDT;Carrier departure date
MPLIND;PO line transactions;ICSTWH;Ship-to warehouse
MPLIND;PO line transactions;ICICDN;Customs import declaration number
MPLINE;Purchase order - line;IBCOUM;Component U/M
MPLINE;Purchase order - line;IBKITQ;Kit component quantity
MPLINE;Purchase order - line;IBSRAM;Supplier rebate agreement model
MPLINE;Purchase order - line;IBSRGR;Supplier rebate generating
MPLINE;Purchase order - line;IBTOCQ;Total component quantity
MPLINE;Purchase order - line;IBCONO;Company
MPLINE;Purchase order - line;IBPUNO;Purchase order number
MPLINE;Purchase order - line;IBPNLI;Purchase order line
MPLINE;Purchase order - line;IBPNLS;Purchase order line subnumber
MPLINE;Purchase order - line;IBFACI;Facility
MPLINE;Purchase order - line;IBWHLO;Warehouse
MPLINE;Purchase order - line;IBORTY;Order type
MPLINE;Purchase order - line;IBPOTC;Purchase order category
MPLINE;Purchase order - line;IBLTPP;Line type
MPLINE;Purchase order - line;IBPUST;Highest status - purchase order
MPLINE;Purchase order - line;IBPUSL;Lowest status - purchase order
MPLINE;Purchase order - line;IBIDAG;Different delivery address
MPLINE;Purchase order - line;IBSUNO;Supplier
MPLINE;Purchase order - line;IBSUAG;Supplier number - agreement
MPLINE;Purchase order - line;IBITNO;Item number
MPLINE;Purchase order - line;IBPRCS;Service process
MPLINE;Purchase order - line;IBSUFI;Service
MPLINE;Purchase order - line;IBSITE;Supplier item number
MPLINE;Purchase order - line;IBPITD;Purchase order item name
MPLINE;Purchase order - line;IBPITT;Purchase order item description
MPLINE;Purchase order - line;IBSORN;Supplier order number
MPLINE;Purchase order - line;IBPROD;Manufacturer
MPLINE;Purchase order - line;IBECVE;Revision number
MPLINE;Purchase order - line;IBNOED;Revision printout
MPLINE;Purchase order - line;IBREVN;Revision number
MPLINE;Purchase order - line;IBETRF;External instruction
MPLINE;Purchase order - line;IBPUPR;Purchase price
MPLINE;Purchase order - line;IBODI1;Discount 1
MPLINE;Purchase order - line;IBODI2;Discount 2
MPLINE;Purchase order - line;IBODI3;Discount 3
MPLINE;Purchase order - line;IBCPPR;Confirmed purchase price
MPLINE;Purchase order - line;IBCFD1;Confirmed discount 1
MPLINE;Purchase order - line;IBCFD2;Confirmed discount 2
MPLINE;Purchase order - line;IBCFD3;Confirmed discount 3
MPLINE;Purchase order - line;IBPUUN;Purchase order U/M
MPLINE;Purchase order - line;IBPPUN;Purchase price U/M
MPLINE;Purchase order - line;IBPUCD;Purchase price quantity
MPLINE;Purchase order - line;IBCPUC;Confirmed purchase price quantity
MPLINE;Purchase order - line;IBPTCD;Purchase price text
MPLINE;Purchase order - line;IBOTOD;Part of order total discount
MPLINE;Purchase order - line;IBLNAM;Line amount - order currency
MPLINE;Purchase order - line;IBDWDT;Requested delivery date
MPLINE;Purchase order - line;IBCODT;Confirmed delivery date
MPLINE;Purchase order - line;IBECDD;Previously confirmed delivery date
MPLINE;Purchase order - line;IBPDDT;Deviating confirmed delivery date
MPLINE;Purchase order - line;IBVDDT;Valid delivery date
MPLINE;Purchase order - line;IBORQA;Ordered quantity - alternate U/M
MPLINE;Purchase order - line;IBCFQA;Confirmed quantity
MPLINE;Purchase order - line;IBADQA;Transport notified quantit alternate U/M
MPLINE;Purchase order - line;IBTNQA;Transport notified quantity
MPLINE;Purchase order - line;IBRVQA;Received quantity
MPLINE;Purchase order - line;IBRCDT;Receipt date
MPLINE;Purchase order - line;IBDT4T;Date type
MPLINE;Purchase order - line;IBCAQA;Approved quantity - alternate U/M
MPLINE;Purchase order - line;IBRJQA;Rejected quantity
MPLINE;Purchase order - line;IBSDQA;Stored quantity
MPLINE;Purchase order - line;IBRRQA;Required replacement quantity
MPLINE;Purchase order - line;IBLPUD;Latest put-away date
MPLINE;Purchase order - line;IBIVQA;Invoiced quantity - alternate U/M
MPLINE;Purchase order - line;IBIDAT;Invoice date
MPLINE;Purchase order - line;IBRORC;Reference order category
MPLINE;Purchase order - line;IBRORN;Reference order number
MPLINE;Purchase order - line;IBRORL;Reference order line
MPLINE;Purchase order - line;IBOURR;Our reference number
MPLINE;Purchase order - line;IBOURT;Reference type
MPLINE;Purchase order - line;IBUPAV;Update material plan
MPLINE;Purchase order - line;IBREPP;Representative price
MPLINE;Purchase order - line;IBPRIP;Priority
MPLINE;Purchase order - line;IBFUSC;Monitoring activity list
MPLINE;Purchase order - line;IBEXAT;Monitoring active
MPLINE;Purchase order - line;IBEXAV;Charge active
MPLINE;Purchase order - line;IBPLPN;Planned order
MPLINE;Purchase order - line;IBPLPS;Subnumber - planned order
MPLINE;Purchase order - line;IBPURC;Requisition by
MPLINE;Purchase order - line;IBBUYE;Buyer
MPLINE;Purchase order - line;IBRESF;Responsible for follow-up
MPLINE;Purchase order - line;IBTERE;Technical supervisor
MPLINE;Purchase order - line;IBGRMT;Goods receiving method
MPLINE;Purchase order - line;IBIRCV;Recipient
MPLINE;Purchase order - line;IBUPIV;Update item/supplier with purchase price
MPLINE;Purchase order - line;IBATDT;Last activity date
MPLINE;Purchase order - line;IBSUDO;Delivery note number
MPLINE;Purchase order - line;IBPACT;Packaging
MPLINE;Purchase order - line;IBCLLI;Claim exists
MPLINE;Purchase order - line;IBNPDE;Number of partial deliveries
MPLINE;Purchase order - line;IBVTCD;VAT code
MPLINE;Purchase order - line;IBLICC;Line creation code
MPLINE;Purchase order - line;IBACLI;Accounting line
MPLINE;Purchase order - line;IBULEX;External nondistributing expenditure
MPLINE;Purchase order - line;IBEXEP;External charge
MPLINE;Purchase order - line;IBINEP;Internal charge
MPLINE;Purchase order - line;IBOEND;Flagged as completed
MPLINE;Purchase order - line;IBPLDT;Planning date
MPLINE;Purchase order - line;IBACRF;User-defined accounting control object
MPLINE;Purchase order - line;IBCOCE;Cost center
MPLINE;Purchase order - line;IBCSNO;Customs statistical number
MPLINE;Purchase order - line;IBECLC;Labor code - trade statistics (TST)
MPLINE;Purchase order - line;IBVRCD;Business type - trade statistics (TST)
MPLINE;Purchase order - line;IBECF1;User-defined TST field 1
MPLINE;Purchase order - line;IBECF2;User-defined TST field 2
MPLINE;Purchase order - line;IBECF3;User-defined TST field 3
MPLINE;Purchase order - line;IBECF4;User-defined TST field  4
MPLINE;Purchase order - line;IBECF5;User-defined TST field 5
MPLINE;Purchase order - line;IBTXID;Text identity
MPLINE;Purchase order - line;IBDTID;Data identity
MPLINE;Purchase order - line;IBPROJ;Project number
MPLINE;Purchase order - line;IBELNO;Project element
MPLINE;Purchase order - line;IBDWCP;Drawing copies
MPLINE;Purchase order - line;IBCPRI;Customs procedure - import
MPLINE;Purchase order - line;IBHAFE;Harbor or airport
MPLINE;Purchase order - line;IBTAXC;Tax code customer/address
MPLINE;Purchase order - line;IBTIHM;Time hours & minutes
MPLINE;Purchase order - line;IBCFIN;Configuration number
MPLINE;Purchase order - line;IBHDPR;Main product
MPLINE;Purchase order - line;IBECVS;Simulation round
MPLINE;Purchase order - line;IBATNR;Attribute number
MPLINE;Purchase order - line;IBSEQN;Sequence number
MPLINE;Purchase order - line;IBATPR;Attribute pricing rule
MPLINE;Purchase order - line;IBPGRN;Purchase group
MPLINE;Purchase order - line;IBCFMB;Conversion factor Main U/M to Basic U/M
MPLINE;Purchase order - line;IBCFPB;Conversion factor purch price U/M to BuM
MPLINE;Purchase order - line;IBMSTN;Milestone chain
MPLINE;Purchase order - line;IBCLAN;Claim number
MPLINE;Purchase order - line;IBCLLN;Claim order line
MPLINE;Purchase order - line;IBSEBI;Self-bill (SB)
MPLINE;Purchase order - line;IBAGNB;Agreement number
MPLINE;Purchase order - line;IBRGDT;Entry date
MPLINE;Purchase order - line;IBRGTM;Entry time
MPLINE;Purchase order - line;IBLMDT;Change date
MPLINE;Purchase order - line;IBCHNO;Change number
MPLINE;Purchase order - line;IBCHID;Changed by
MPLINE;Purchase order - line;IBRORX;Line suffix
MPLINE;Purchase order - line;IBUPCK;Unpack
MPLINE;Purchase order - line;IBOPTX;Option
MPLINE;Purchase order - line;IBOPTY;Option
MPLINE;Purchase order - line;IBOPTZ;Option
MPLINE;Purchase order - line;IBBAOR;Purchase order batch origin
MPLINE;Purchase order - line;IBFATP;Fixed asset type
MPLINE;Purchase order - line;IBRE20;Reference
MPLINE;Purchase order - line;IBLMTS;Timestamp
MPLINE;Purchase order - line;IBORCO;Country of origin
MPLINE;Purchase order - line;IBMODL;Delivery method
MPLINE;Purchase order - line;IBTEDL;Delivery terms
MPLINE;Purchase order - line;IBTEL1;Terms text
MPLINE;Purchase order - line;IBGETY;Generation reference
MPLINE;Purchase order - line;IBFSCD;Kit control
MPLINE;Purchase order - line;IBPSET;Pricing method
MPLINE;Purchase order - line;IBSRCD;Reservation level
MPLINE;Purchase order - line;IBSFLI;Split to line
MPLINE;Purchase order - line;IBSFLS;Split to line subnumber
MPLINE;Purchase order - line;IBDUPL;Duplicate
MPLINE;Purchase order - line;IBDUPO;Duplicated from
MPLINE;Purchase order - line;IBGEOC;Geographical code
MPLINE;Purchase order - line;IBBANO;Lot number
MPLINE;Purchase order - line;IBTRRC;Order relation category
MPLINE;Purchase order - line;IBTRRN;Order relation
MPLINE;Purchase order - line;IBTRRL;Order relation line
MPLINE;Purchase order - line;IBTRRX;Line suffix
MPLINE;Purchase order - line;IBRASN;Rail station
MPLINE;Purchase order - line;IBDNDT;Delivery note date
MPLINE;Purchase order - line;IBFRRC;Freight reference type
MPLINE;Purchase order - line;IBFRRE;Freight reference
MPLINE;Purchase order - line;IBSDES;Place of loading
MPLINE;Purchase order - line;IBCDES;Confirmed place of loading
MPLINE;Purchase order - line;IBPIAD;Pickup address number
MPLINE;Purchase order - line;IBCIAD;Confirmed pickup address
MPLINE;Purchase order - line;IBORAD;Origin address
MPLINE;Purchase order - line;IBCOLO;Color
MPLINE;Purchase order - line;IBSIZE;Size
MPLINE;Purchase order - line;IBCHCS;Characteristics
MPLINE;Purchase order - line;IBWSCA;Costing model
MPLINE;Purchase order - line;IBOWHL;Ordering warehouse
MPLINE;Purchase order - line;IBOFCI;Ordering facility
MPLINE;Purchase order - line;IBSORL;Supplier order line
MPLINE;Purchase order - line;IBSORX;Line suffix
MPLINE;Purchase order - line;IBCPRD;Confirmed manufacturer
MPLINE;Purchase order - line;IBASNE;Advance shipment notice exists
MPLINE;Purchase order - line;IBUCA1;User-defined alpha field 1
MPLINE;Purchase order - line;IBUCA2;User-defined alpha field 2
MPLINE;Purchase order - line;IBUCA3;User-defined alpha field 3
MPLINE;Purchase order - line;IBUCA4;User-defined alpha field 4
MPLINE;Purchase order - line;IBUCA5;User-defined alpha field 5
MPLINE;Purchase order - line;IBUCA6;User-defined alpha field 6
MPLINE;Purchase order - line;IBUCA7;User-defined alpha field 7
MPLINE;Purchase order - line;IBUCA8;User-defined alpha field 8
MPLINE;Purchase order - line;IBUCA9;User-defined alpha field 9
MPLINE;Purchase order - line;IBUCA0;User-defined alpha field 10
MPLINE;Purchase order - line;IBUDN1;User-defined numeric 1
MPLINE;Purchase order - line;IBUDN2;User-defined numeric 2
MPLINE;Purchase order - line;IBUDN3;User-defined numeric 3
MPLINE;Purchase order - line;IBUDN4;User-defined numeric 4
MPLINE;Purchase order - line;IBUDN5;User-defined numeric 5
MPLINE;Purchase order - line;IBUDN6;User-defined numeric 6
MPLINE;Purchase order - line;IBUID1;User-defined date 1
MPLINE;Purchase order - line;IBUID2;User-defined date 2
MPLINE;Purchase order - line;IBUID3;User-defined date 3
MPLINE;Purchase order - line;IBUCT1;User-defined text field 1
MPLINE;Purchase order - line;IBMUFT;MUC trigger
MPLINE;Purchase order - line;IBPORG;Purchase organization
MPLINE;Purchase order - line;IBSCHN;Schedule number
MPOEXP;Purchase Order. Connect Charges;IVCONO;Company
MPOEXP;Purchase Order. Connect Charges;IVPUNO;Purchase order number
MPOEXP;Purchase Order. Connect Charges;IVPNLI;Purchase order line
MPOEXP;Purchase Order. Connect Charges;IVPNLS;Purchase order line subnumber
MPOEXP;Purchase Order. Connect Charges;IVCDSE;Sequence number - costing element
MPOEXP;Purchase Order. Connect Charges;IVREPN;Receiving number
MPOEXP;Purchase Order. Connect Charges;IVBANO;Lot number
MPOEXP;Purchase Order. Connect Charges;IVEXTY;Charge type
MPOEXP;Purchase Order. Connect Charges;IVCEID;Costing element
MPOEXP;Purchase Order. Connect Charges;IVEXIC;Charge invoicing
MPOEXP;Purchase Order. Connect Charges;IVWSOP;Costing operator
MPOEXP;Purchase Order. Connect Charges;IVCUCD;Currency
MPOEXP;Purchase Order. Connect Charges;IVCEVA;Costing element amount
MPOEXP;Purchase Order. Connect Charges;IVCEVJ;Adjusted costing element amount
MPOEXP;Purchase Order. Connect Charges;IVACIN;Acc invoiced
MPOEXP;Purchase Order. Connect Charges;IVIVCQ;Invoice charge quantity
MPOEXP;Purchase Order. Connect Charges;IVTHPR;3rd party charges
MPOEXP;Purchase Order. Connect Charges;IVPOOV;Markup
MPOEXP;Purchase Order. Connect Charges;IVOVHE;Costing markup
MPOEXP;Purchase Order. Connect Charges;IVRGDT;Entry date
MPOEXP;Purchase Order. Connect Charges;IVRGTM;Entry time
MPOEXP;Purchase Order. Connect Charges;IVLMDT;Change date
MPOEXP;Purchase Order. Connect Charges;IVCHNO;Change number
MPOEXP;Purchase Order. Connect Charges;IVCHID;Changed by
MPOEXP;Purchase Order. Connect Charges;IVOVCD;Batch price quantity
MPOEXP;Purchase Order. Connect Charges;IVTXBA;Tax base amount
MPOEXP;Purchase Order. Connect Charges;IVTXID;Text identity
MPOEXP;Purchase Order. Connect Charges;IVTAXC;Tax code customer/address
MPOEXP;Purchase Order. Connect Charges;IVCRID;Charge
MPOPLP;Planned purchase order;POCOUM;Component U/M
MPOPLP;Planned purchase order;POKITI;Kit indicator
MPOPLP;Planned purchase order;POKITQ;Kit component quantity
MPOPLP;Planned purchase order;POSRAM;Supplier rebate agreement model
MPOPLP;Planned purchase order;POSRGR;Supplier rebate generating
MPOPLP;Planned purchase order;POTOCQ;Total component quantity
MPOPLP;Planned purchase order;POCONO;Company
MPOPLP;Planned purchase order;POPLPN;Planned order
MPOPLP;Planned purchase order;POPLPS;Subnumber - planned order
MPOPLP;Planned purchase order;POPLP2;Subnumber - planned order
MPOPLP;Planned purchase order;POFACI;Facility
MPOPLP;Planned purchase order;POWHLO;Warehouse
MPOPLP;Planned purchase order;POITNO;Item number
MPOPLP;Planned purchase order;POPRCS;Service process
MPOPLP;Planned purchase order;POSUFI;Service
MPOPLP;Planned purchase order;POGETY;Generation reference
MPOPLP;Planned purchase order;PORPLD;Shortage date
MPOPLP;Planned purchase order;POACTP;Action message (AM)
MPOPLP;Planned purchase order;POPRIF;Priority value
MPOPLP;Planned purchase order;PORPLQ;Shortage quantity
MPOPLP;Planned purchase order;PONUAU;Number of automatic updates
MPOPLP;Planned purchase order;PORELD;Release date
MPOPLP;Planned purchase order;PODLDT;Planned delivery date
MPOPLP;Planned purchase order;POPLDT;Planning date
MPOPLP;Planned purchase order;POFUDT;Follow-up date
MPOPLP;Planned purchase order;POPPQT;Planned quantity
MPOPLP;Planned purchase order;PORESP;Responsible
MPOPLP;Planned purchase order;POTERE;Technical supervisor
MPOPLP;Planned purchase order;POBUYE;Buyer
MPOPLP;Planned purchase order;POPSTS;Status - planned MO
MPOPLP;Planned purchase order;POPUSL;Lowest status - purchase order
MPOPLP;Planned purchase order;POMSG1;Warning message
MPOPLP;Planned purchase order;POMSG2;Warning message
MPOPLP;Planned purchase order;POMSG3;Warning message
MPOPLP;Planned purchase order;POMSG4;Warning message
MPOPLP;Planned purchase order;POPURC;Requisition by
MPOPLP;Planned purchase order;PORFID;Reference
MPOPLP;Planned purchase order;POYRE1;Your reference
MPOPLP;Planned purchase order;POAURE;Authorized
MPOPLP;Planned purchase order;POORTY;Order type
MPOPLP;Planned purchase order;POPOTC;Purchase order category
MPOPLP;Planned purchase order;POCMCO;Media profile
MPOPLP;Planned purchase order;POTFNO;Facsimile transmission number
MPOPLP;Planned purchase order;PORORN;Reference order number
MPOPLP;Planned purchase order;PORORL;Reference order line
MPOPLP;Planned purchase order;PORORC;Reference order category
MPOPLP;Planned purchase order;POOSHV;Ship-via address
MPOPLP;Planned purchase order;POOFID;Final destination
MPOPLP;Planned purchase order;POLEDT;First printout date
MPOPLP;Planned purchase order;POLEDN;Number of printouts
MPOPLP;Planned purchase order;POTEDL;Delivery terms
MPOPLP;Planned purchase order;POMODL;Delivery method
MPOPLP;Planned purchase order;POTEPY;Payment terms
MPOPLP;Planned purchase order;POPRIP;Priority
MPOPLP;Planned purchase order;POSUNO;Supplier
MPOPLP;Planned purchase order;POSUAG;Supplier number - agreement
MPOPLP;Planned purchase order;POOURR;Our reference number
MPOPLP;Planned purchase order;POOURT;Reference type
MPOPLP;Planned purchase order;POPUNO;Purchase order number
MPOPLP;Planned purchase order;POCUCD;Currency
MPOPLP;Planned purchase order;POSITE;Supplier item number
MPOPLP;Planned purchase order;POPITD;Purchase order item name
MPOPLP;Planned purchase order;POPITT;Purchase order item description
MPOPLP;Planned purchase order;POPUPR;Purchase price
MPOPLP;Planned purchase order;POPPUN;Purchase price U/M
MPOPLP;Planned purchase order;POPUUN;Purchase order U/M
MPOPLP;Planned purchase order;POPUCD;Purchase price quantity
MPOPLP;Planned purchase order;POPTCD;Purchase price text
MPOPLP;Planned purchase order;POODI1;Discount 1
MPOPLP;Planned purchase order;POODI2;Discount 2
MPOPLP;Planned purchase order;POODI3;Discount 3
MPOPLP;Planned purchase order;POPPSQ;Co-sorting identity planned order
MPOPLP;Planned purchase order;POPROD;Manufacturer
MPOPLP;Planned purchase order;POTEOR;Telephone order
MPOPLP;Planned purchase order;POECVE;Revision number
MPOPLP;Planned purchase order;PONOED;Revision printout
MPOPLP;Planned purchase order;POPACT;Packaging
MPOPLP;Planned purchase order;POIRCV;Recipient
MPOPLP;Planned purchase order;POFUSC;Monitoring activity list
MPOPLP;Planned purchase order;POGRMT;Goods receiving method
MPOPLP;Planned purchase order;POPTXT;Note
MPOPLP;Planned purchase order;POETRF;External instruction
MPOPLP;Planned purchase order;POEXAV;Charge active
MPOPLP;Planned purchase order;POACLI;Accounting line
MPOPLP;Planned purchase order;POSLTP;Stock zone
MPOPLP;Planned purchase order;POUPAV;Update material plan
MPOPLP;Planned purchase order;POREPP;Representative price
MPOPLP;Planned purchase order;POSTRT;Product structure type
MPOPLP;Planned purchase order;POTPCD;Item category
MPOPLP;Planned purchase order;PONSUN;Next supplier
MPOPLP;Planned purchase order;POADID;Address number
MPOPLP;Planned purchase order;POADVI;Ship-via address
MPOPLP;Planned purchase order;POYRE3;Your reference
MPOPLP;Planned purchase order;POOUR1;Our reference number
MPOPLP;Planned purchase order;POOFI1;Final destination
MPOPLP;Planned purchase order;POWHL1;Warehouse
MPOPLP;Planned purchase order;POSLT1;Stock zone
MPOPLP;Planned purchase order;POOSH1;Ship-via address
MPOPLP;Planned purchase order;POWHL2;Warehouse
MPOPLP;Planned purchase order;POACRF;User-defined accounting control object
MPOPLP;Planned purchase order;POCOCE;Cost center
MPOPLP;Planned purchase order;POBANO;Lot number
MPOPLP;Planned purchase order;PONHAI;Next item number
MPOPLP;Planned purchase order;PONHSN;Next serial number
MPOPLP;Planned purchase order;POAPRB;Approved by
MPOPLP;Planned purchase order;PORSCD;Transaction reason
MPOPLP;Planned purchase order;POHOMA;Hole or material oriented service
MPOPLP;Planned purchase order;POBLTA;Competing meters
MPOPLP;Planned purchase order;POAECN;Engineering order number
MPOPLP;Planned purchase order;PODEID;Complaint
MPOPLP;Planned purchase order;POMVA1;Meter value 1
MPOPLP;Planned purchase order;POMVA2;Meter value 2
MPOPLP;Planned purchase order;POMVA3;Meter value 3
MPOPLP;Planned purchase order;POMVA4;Meter value 4
MPOPLP;Planned purchase order;POMETE;Selected meter
MPOPLP;Planned purchase order;POMVB1;Actual meter value 1
MPOPLP;Planned purchase order;POMVB2;Actual meter value 2
MPOPLP;Planned purchase order;POMVB3;Actual meter value 3
MPOPLP;Planned purchase order;POMVB4;Actual meter value 4
MPOPLP;Planned purchase order;POMES1;Meter 1
MPOPLP;Planned purchase order;POMES2;Meter 2
MPOPLP;Planned purchase order;POMES3;Meter 3
MPOPLP;Planned purchase order;POMES4;Meter 4
MPOPLP;Planned purchase order;POFSER;First service
MPOPLP;Planned purchase order;POEXNO;Concession number
MPOPLP;Planned purchase order;PONUM2;Number
MPOPLP;Planned purchase order;POMPRN;Main product number
MPOPLP;Planned purchase order;POMSTR;Main structure type
MPOPLP;Planned purchase order;POMSUF;Main service
MPOPLP;Planned purchase order;POUPID;Registration identity
MPOPLP;Planned purchase order;POPGNM;Program name
MPOPLP;Planned purchase order;POTXID;Text identity
MPOPLP;Planned purchase order;POPROJ;Project number
MPOPLP;Planned purchase order;POELNO;Project element
MPOPLP;Planned purchase order;POOPED;Operational tolerance - date
MPOPLP;Planned purchase order;POETD1;Economical tolerance date 1
MPOPLP;Planned purchase order;POETD2;Economical tolerance date 2
MPOPLP;Planned purchase order;PODWCP;Drawing copies
MPOPLP;Planned purchase order;POTIHM;Time hours & minutes
MPOPLP;Planned purchase order;POCFIN;Configuration number
MPOPLP;Planned purchase order;POPRNS;Service product
MPOPLP;Planned purchase order;POCFGH;NH position
MPOPLP;Planned purchase order;POCFGL;Position
MPOPLP;Planned purchase order;POHDPR;Main product
MPOPLP;Planned purchase order;POSTYN;Style number
MPOPLP;Planned purchase order;POOPTZ;Option
MPOPLP;Planned purchase order;POOPTX;Option
MPOPLP;Planned purchase order;POOPTY;Option
MPOPLP;Planned purchase order;POECVS;Simulation round
MPOPLP;Planned purchase order;POCFI1;User-defined field 1 - item
MPOPLP;Planned purchase order;POCFI2;User-defined field 2 - item
MPOPLP;Planned purchase order;POCFI3;User-defined field 3 - item
MPOPLP;Planned purchase order;POCFI4;User-defined field 4 - item
MPOPLP;Planned purchase order;POCFI5;User-defined field 5 - item
MPOPLP;Planned purchase order;POSCHD;Scheduled maintenance service
MPOPLP;Planned purchase order;POATNR;Attribute number
MPOPLP;Planned purchase order;POSEQN;Sequence number
MPOPLP;Planned purchase order;POIIAJ;Included in autojob
MPOPLP;Planned purchase order;POATPR;Attribute pricing rule
MPOPLP;Planned purchase order;POPGRN;Purchase group
MPOPLP;Planned purchase order;POCFMB;Conversion factor Main U/M to Basic U/M
MPOPLP;Planned purchase order;POCFPB;Conversion factor purch price U/M to BuM
MPOPLP;Planned purchase order;POMSTN;Milestone chain
MPOPLP;Planned purchase order;POSEBI;Self-bill (SB)
MPOPLP;Planned purchase order;POMEDC;Media
MPOPLP;Planned purchase order;POAGNB;Agreement number
MPOPLP;Planned purchase order;POPRAP;SWB processed
MPOPLP;Planned purchase order;PORGDT;Entry date
MPOPLP;Planned purchase order;PORGTM;Entry time
MPOPLP;Planned purchase order;POLMDT;Change date
MPOPLP;Planned purchase order;POCHNO;Change number
MPOPLP;Planned purchase order;POCHID;Changed by
MPOPLP;Planned purchase order;PORORX;Line suffix
MPOPLP;Planned purchase order;POUPCK;Unpack
MPOPLP;Planned purchase order;POFATP;Fixed asset type
MPOPLP;Planned purchase order;PORE20;Reference
MPOPLP;Planned purchase order;POLMTS;Timestamp
MPOPLP;Planned purchase order;POORCO;Country of origin
MPOPLP;Planned purchase order;POCGRP;Consolidation group
MPOPLP;Planned purchase order;POCKEY;Consolidate sort fields
MPOPLP;Planned purchase order;POGEOC;Geographical code
MPOPLP;Planned purchase order;POFRRE;Freight reference
MPOPLP;Planned purchase order;POPIAD;Pickup address number
MPOPLP;Planned purchase order;POSDES;Place of loading
MPOPLP;Planned purchase order;POORAD;Origin address
MPOPLP;Planned purchase order;POPDLN;Product line
MPOPLP;Planned purchase order;POMUFT;MUC trigger
MPOPLP;Planned purchase order;POPORG;Purchase organization
MPOPLP;Planned purchase order;POSCHN;Schedule number
MPORDT;Purchase order types;OTGNSR;Generate supplier rebate
MPORDT;Purchase order types;OTWSCA;Costing model
MPORDT;Purchase order types;OTCONO;Company
MPORDT;Purchase order types;OTORTY;Order type
MPORDT;Purchase order types;OTTX15;Name
MPORDT;Purchase order types;OTTX40;Description
MPORDT;Purchase order types;OTPOTC;Purchase order category
MPORDT;Purchase order types;OTP010;Panel sequence
MPORDT;Purchase order types;OTP011;Panel sequence
MPORDT;Purchase order types;OTP012;Panel sequence
MPORDT;Purchase order types;OTP020;020 Number series - PO
MPORDT;Purchase order types;OTP021;021 Number series - goods receiving doc
MPORDT;Purchase order types;OTP022;022 Number series - return to supplier
MPORDT;Purchase order types;OTP030;030 Document variant - PO
MPORDT;Purchase order types;OTP040;040 Goods receiving method
MPORDT;Purchase order types;OTP041;041 Principle for receiving number
MPORDT;Purchase order types;OTP050;050 Communication method - PO
MPORDT;Purchase order types;OTP060;060 Reference order category
MPORDT;Purchase order types;OTP070;070 Authorization check
MPORDT;Purchase order types;OTP110;110 Mandatory item/supplier record
MPORDT;Purchase order types;OTP120;120 Printout method - item name
MPORDT;Purchase order types;OTP121;121 Printout method - item description
MPORDT;Purchase order types;OTP130;130 Print PO lines
MPORDT;Purchase order types;OTP140;140 PO split on reference person
MPORDT;Purchase order types;OTP150;150 Update material plan
MPORDT;Purchase order types;OTP160;160 Multiple agreements per PO
MPORDT;Purchase order types;OTP161;161 Agreement check - PO entry
MPORDT;Purchase order types;OTP170;170 PO deletion method - PO
MPORDT;Purchase order types;OTP175;175 Initial provisioning order
MPORDT;Purchase order types;OTP176;Update preallocation when qty is changed
MPORDT;Purchase order types;OTP180;180 Project number check
MPORDT;Purchase order types;OTP190;190 PO type check
MPORDT;Purchase order types;OTP200;200 Should planned PO get a warning if
MPORDT;Purchase order types;OTP210;210 Maximum number of PO lines
MPORDT;Purchase order types;OTP220;220 Update item file with purchase price
MPORDT;Purchase order types;OTP225;225 Retrieve price from last invoice
MPORDT;Purchase order types;OTP230;230 Pricing rule - phantom items
MPORDT;Purchase order types;OTP240;240 Price text
MPORDT;Purchase order types;OTP250;250 PO to agent
MPORDT;Purchase order types;OTP260;260 Revision check
MPORDT;Purchase order types;OTP280;280 Purch costing calc on each line
MPORDT;Purchase order types;OTP290;290 Goods recipient in location file
MPORDT;Purchase order types;OTP320;320 Representative price
MPORDT;Purchase order types;OTP330;330 Check maximum service charge limit
MPORDT;Purchase order types;OTP340;340 Multiple warehouses per PO
MPORDT;Purchase order types;OTP341;341 Multiple delivery addresses per PO
MPORDT;Purchase order types;OTP350;350 Consolidation fence - PO
MPORDT;Purchase order types;OTP360;360 PO status - auto confirmation
MPORDT;Purchase order types;OTP370;370 Warning - dely date within lead time
MPORDT;Purchase order types;OTP380;380 Inventory management
MPORDT;Purchase order types;OTP381;381 Default order type for repair order
MPORDT;Purchase order types;OTP390;390 EU labor code
MPORDT;Purchase order types;OTP400;400 EU origin code trade transaction
MPORDT;Purchase order types;OTP510;510 Stop if excess delivery
MPORDT;Purchase order types;OTP520;Retrieve buyer from agreement first
MPORDT;Purchase order types;OTP530;530 PO transaction - order confirmation
MPORDT;Purchase order types;OTP531;531 PO transaction - shipment advice
MPORDT;Purchase order types;OTP532;532 PO transaction - transport notificat
MPORDT;Purchase order types;OTP540;540 Completion flag open - goods receipt
MPORDT;Purchase order types;OTP610;610 Invoice reporting
MPORDT;Purchase order types;OTP620;620 Auto display accounting string
MPORDT;Purchase order types;OTP630;630 Invoicing permitted
MPORDT;Purchase order types;OTP640;640 Manual update of due date
MPORDT;Purchase order types;OTP650;650 Partial payment permitted
MPORDT;Purchase order types;OTP710;710 Automatic printout of PO documents
MPORDT;Purchase order types;OTP720;720 Supplier performance affected
MPORDT;Purchase order types;OTP730;730 Automatic delivery note generation
MPORDT;Purchase order types;OTP740;740 vendor statistics update
MPORDT;Purchase order types;OTTXID;Text identity
MPORDT;Purchase order types;OTPCKA;Packaging action
MPORDT;Purchase order types;OTACOP;Update confirm price
MPORDT;Purchase order types;OTRGDT;Entry date
MPORDT;Purchase order types;OTRGTM;Entry time
MPORDT;Purchase order types;OTLMDT;Change date
MPORDT;Purchase order types;OTCHNO;Change number
MPORDT;Purchase order types;OTCHID;Changed by
MPORDT;Purchase order types;OTCRIN;Create packing instruction
MPORDT;Purchase order types;OTCRMI;Create mark-for instruction
MPORDT;Purchase order types;OTFATP;Fixed asset type
MPORDT;Purchase order types;OTP580;Create SSCC for mark-for instruction
MPORDT;Purchase order types;OTPPIN;Print packing instruction
MPORDT;Purchase order types;OTEMRG;Rush order
MPORDT;Purchase order types;OTLIRR;Laboratory inspection request rule
MPORDT;Purchase order types;OTDPOL;Dispatch policy
MPORDT;Purchase order types;OTCGRP;Consolidation group
MPORDT;Purchase order types;OTP014;014 Panel Sequence - F&B
MPORDT;Purchase order types;OTLMTS;Timestamp
MPORDT;Purchase order types;OTP660;660 Auto goods receipt
MPORDT;Purchase order types;OTSEAH;Season in use
MPORDT;Purchase order types;OTSEAG;Season control
MPORDT;Purchase order types;OTP750;750 DO type for supply chain rebuild
MPORDT;Purchase order types;OTP760;760 inventory bypass
MPORDT;Purchase order types;OTP770;770 Frozen requested delivery date
MPORDT;Purchase order types;OTP780;780 Check appr manufacturer PO entry
MPORDT;Purchase order types;OTP790;790 Check appr manufacturer PO receipt
MPORDT;Purchase order types;OTP795;795 X-hire or loan PO
MPORDT;Purchase order types;OTP796;796 X-hire subline number
MPPOAD;Purchase order address;ADCONO;Company
MPPOAD;Purchase order address;ADPUNO;Purchase order number
MPPOAD;Purchase order address;ADPNLI;Purchase order line
MPPOAD;Purchase order address;ADPOAD;PO address type
MPPOAD;Purchase order address;ADFACI;Facility
MPPOAD;Purchase order address;ADWHLO;Warehouse
MPPOAD;Purchase order address;ADADID;Address number
MPPOAD;Purchase order address;ADADK2;Address key 2
MPPOAD;Purchase order address;ADADK3;Address key 3
MPPOAD;Purchase order address;ADCONM;Company name
MPPOAD;Purchase order address;ADPRIA;Printout code
MPPOAD;Purchase order address;ADADR1;Address line 1
MPPOAD;Purchase order address;ADADR2;Address line 2
MPPOAD;Purchase order address;ADADR3;Address line 3
MPPOAD;Purchase order address;ADADR4;Address line 4
MPPOAD;Purchase order address;ADTOWN;City
MPPOAD;Purchase order address;ADECAR;State
MPPOAD;Purchase order address;ADCSCD;Country
MPPOAD;Purchase order address;ADPONO;Postal code
MPPOAD;Purchase order address;ADTXID;Text identity
MPPOAD;Purchase order address;ADRGDT;Entry date
MPPOAD;Purchase order address;ADRGTM;Entry time
MPPOAD;Purchase order address;ADLMDT;Change date
MPPOAD;Purchase order address;ADCHNO;Change number
MPPOAD;Purchase order address;ADCHID;Changed by
MPPOAD;Purchase order address;ADFRCO;County ID
MPPOAD;Purchase order address;ADSPLE;Standard point location code
MPPOAD;Purchase order address;ADRASN;Rail station
MPPOAD;Purchase order address;ADLMTS;Timestamp
MPQFUH;Quality data for follow up on heading l;JXCONO;Company
MPQFUH;Quality data for follow up on heading l;JXWHLO;Warehouse
MPQFUH;Quality data for follow up on heading l;JXREPN;Receiving number
MPQFUH;Quality data for follow up on heading l;JXFACI;Facility
MPQFUH;Quality data for follow up on heading l;JXITNO;Item number
MPQFUH;Quality data for follow up on heading l;JXPRCS;Service process
MPQFUH;Quality data for follow up on heading l;JXSUFI;Service
MPQFUH;Quality data for follow up on heading l;JXSUNO;Supplier
MPQFUH;Quality data for follow up on heading l;JXQCLV;Quality inspection level
MPQFUH;Quality data for follow up on heading l;JXQCRA;Quality inspection result
MPQFUH;Quality data for follow up on heading l;JXORTY;Order type
MPQFUH;Quality data for follow up on heading l;JXGRMT;Goods receiving method
MPQFUH;Quality data for follow up on heading l;JXPUUN;Purchase order U/M
MPQFUH;Quality data for follow up on heading l;JXRVQA;Received quantity
MPQFUH;Quality data for follow up on heading l;JXCOQA;Inspected quantity
MPQFUH;Quality data for follow up on heading l;JXRJQA;Rejected quantity
MPQFUH;Quality data for follow up on heading l;JXINAQ;Inspected and rejected quantity
MPQFUH;Quality data for follow up on heading l;JXBUYE;Buyer
MPQFUH;Quality data for follow up on heading l;JXNKQA;Quantity in stock approved with remarks
MPQFUH;Quality data for follow up on heading l;JXSTAT;Status
MPQFUH;Quality data for follow up on heading l;JXRESP;Responsible
MPQFUH;Quality data for follow up on heading l;JXSCRE;Rejection reason
MPQFUH;Quality data for follow up on heading l;JXPROD;Manufacturer
MPQFUH;Quality data for follow up on heading l;JXRGDT;Entry date
MPQFUH;Quality data for follow up on heading l;JXRGTM;Entry time
MPQFUH;Quality data for follow up on heading l;JXTXID;Text identity
MPQFUH;Quality data for follow up on heading l;JXLMTS;Timestamp
MPREAL;Pre allocation;NACONO;Company
MPREAL;Pre allocation;NAAOCA;Acquistion order category
MPREAL;Pre allocation;NAARDN;Acquisition order number
MPREAL;Pre allocation;NAARDL;Acquisition order line
MPREAL;Pre allocation;NADOCA;Demand order category
MPREAL;Pre allocation;NADRDN;Demand order number
MPREAL;Pre allocation;NADRDL;Demand order line
MPREAL;Pre allocation;NAARDX;Line suffix
MPREAL;Pre allocation;NADRDX;Line suffix
MPREAL;Pre allocation;NAWHLO;Warehouse
MPREAL;Pre allocation;NAITNO;Item number
MPREAL;Pre allocation;NAPQTY;Preallocated quantity
MPREAL;Pre allocation;NAPQTR;Preallocated quantity
MPREAL;Pre allocation;NANTFC;Notify responsible when changed
MPREAL;Pre allocation;NANTFD;Notify responsible when deleted
MPREAL;Pre allocation;NANTDC;Notify if demand order is changed
MPREAL;Pre allocation;NANTDD;Notify if demand order is deleted
MPREAL;Pre allocation;NANTAC;Notify if acquisition order is changed
MPREAL;Pre allocation;NANTAD;Notify if acquisition order is deleted
MPREAL;Pre allocation;NAARBD;Yes/no
MPREAL;Pre allocation;NADRBD;Yes/no
MPREAL;Pre allocation;NAPATY;Preallocation type
MPREAL;Pre allocation;NASTSB;Preallocation status
MPREAL;Pre allocation;NARESP;Responsible
MPREAL;Pre allocation;NARGDT;Entry date
MPREAL;Pre allocation;NARGTM;Entry time
MPREAL;Pre allocation;NALMDT;Change date
MPREAL;Pre allocation;NACHNO;Change number
MPREAL;Pre allocation;NACHID;Changed by
MPREAL;Pre allocation;NASCNB;Supply chain number
MPREAL;Pre allocation;NADMSQ;Demand material sequence number
MPREAL;Pre allocation;NADOPN;Demand operation number
MPREAL;Pre allocation;NADSSQ;Demand structure - sequence number
MPREAL;Pre allocation;NAALPS;Acquisition order sub number
MPREAL;Pre allocation;NAALP2;Acquisition order sub number
MPREAL;Pre allocation;NADLPS;Demand order sub number
MPREAL;Pre allocation;NADLP2;Demand order sub number
MPREAL;Pre allocation;NALMTS;Timestamp
MPREAL;Pre allocation;NASCPO;Supply chain policy
MPTAWY;Pending Put-aways;NOCONO;Company
MPTAWY;Pending Put-aways;NOPANO;Put-away number
MPTAWY;Pending Put-aways;NOWHLO;Warehouse
MPTAWY;Pending Put-aways;NOWHSL;Location
MPTAWY;Pending Put-aways;NOITNO;Item number
MPTAWY;Pending Put-aways;NOBANO;Lot number
MPTAWY;Pending Put-aways;NOCAMU;Container
MPTAWY;Pending Put-aways;NOREPN;Receiving number
MPTAWY;Pending Put-aways;NOCOMG;Container management
MPTAWY;Pending Put-aways;NOTRQT;Transaction quantity - basic U/M
MPTAWY;Pending Put-aways;NOSLTP;Stock zone
MPTAWY;Pending Put-aways;NOWHLT;Location type
MPTAWY;Pending Put-aways;NOPISE;Warehouse equipment
MPTAWY;Pending Put-aways;NOPLRI;Wave number
MPTAWY;Pending Put-aways;NOTEAM;Picking team
MPTAWY;Pending Put-aways;NOPICK;Picker
MPTAWY;Pending Put-aways;NOTRFL;Transportation flow
MPTAWY;Pending Put-aways;NOAORC;Acquistion order category
MPTAWY;Pending Put-aways;NOARDN;Acquisition order number
MPTAWY;Pending Put-aways;NOARDL;Acquisition order line
MPTAWY;Pending Put-aways;NOCDTP;Cross-docking type
MPTAWY;Pending Put-aways;NODOCA;Demand order category
MPTAWY;Pending Put-aways;NODRRC;Demand order category
MPTAWY;Pending Put-aways;NODRDN;Demand order number
MPTAWY;Pending Put-aways;NODRDL;Demand order line
MPTAWY;Pending Put-aways;NOSTAT;Status
MPTAWY;Pending Put-aways;NOCFDT;Confirmed finish date
MPTAWY;Pending Put-aways;NOCFTM;Confirmed finish time
MPTAWY;Pending Put-aways;NOSTGE;Staged two-step put-away
MPTAWY;Pending Put-aways;NOREP2;Receiving number
MPTAWY;Pending Put-aways;NOTXID;Text identity
MPTAWY;Pending Put-aways;NORGDT;Entry date
MPTAWY;Pending Put-aways;NORGTM;Entry time
MPTAWY;Pending Put-aways;NOLMDT;Change date
MPTAWY;Pending Put-aways;NOCHNO;Change number
MPTAWY;Pending Put-aways;NOCHID;Changed by
MPTAWY;Pending Put-aways;NOARDX;Line suffix
MPTAWY;Pending Put-aways;NODRDX;Line suffix
MPTAWY;Pending Put-aways;NOLMTS;Timestamp
MPTAWY;Pending Put-aways;NOPANR;Package number
MPTAWY;Pending Put-aways;NODLIX;Delivery number
MPTAWY;Pending Put-aways;NOOPAN;Outer package number
MPTAWY;Pending Put-aways;NOPACO;Package level
MPTAWY;Pending Put-aways;NOPAII;Included in package number
MPTAWY;Pending Put-aways;NOLOCG;Location group
MPTRNS;Packages;ORCONO;Company
MPTRNS;Packages;ORDIPA;Disconnected package
MPTRNS;Packages;ORWHLO;Warehouse
MPTRNS;Packages;ORDLIX;Delivery number
MPTRNS;Packages;ORPANR;Package number
MPTRNS;Packages;ORINOU;Direction
MPTRNS;Packages;ORPACO;Package level
MPTRNS;Packages;ORCUNO;Customer
MPTRNS;Packages;ORADID;Address number
MPTRNS;Packages;ORPACU;Bulk package
MPTRNS;Packages;ORPAII;Included in package number
MPTRNS;Packages;ORPACT;Packaging
MPTRNS;Packages;ORGRTP;Packaging code
MPTRNS;Packages;ORTEPA;Packaging terms
MPTRNS;Packages;ORSORT;Sort value
MPTRNS;Packages;ORDLRM;Remark
MPTRNS;Packages;ORDLMO;Goods mark - Odette
MPTRNS;Packages;ORVOL3;Volume
MPTRNS;Packages;ORVOGR;Gross volume
MPTRNS;Packages;ORNEWE;Net weight
MPTRNS;Packages;ORGRWE;Gross weight
MPTRNS;Packages;ORFRCP;Capacity - free capacity unit
MPTRNS;Packages;ORTARW;Packaging weight
MPTRNS;Packages;ORD1QT;Standard quantity
MPTRNS;Packages;ORDLQT;Delivered quantity - basic U/M
MPTRNS;Packages;ORDLSP;Delivery specification
MPTRNS;Packages;ORDTID;Data identity
MPTRNS;Packages;ORSSCC;SSCC number
MPTRNS;Packages;ORTXID;Text identity
MPTRNS;Packages;OROWNC;Owner
MPTRNS;Packages;ORTRDT;Transaction date
MPTRNS;Packages;ORTRTM;Transaction time
MPTRNS;Packages;ORNSTQ;New on-hand balance
MPTRNS;Packages;ORBANO;Lot number
MPTRNS;Packages;ORPKQT;Packaging quantity
MPTRNS;Packages;ORNTWM;Actual net weight
MPTRNS;Packages;ORGWTM;Actual gross weight
MPTRNS;Packages;ORVLMM;Actual volume
MPTRNS;Packages;ORFRCM;Actual quantity in free unit
MPTRNS;Packages;ORNTWE;Estimated net weight
MPTRNS;Packages;ORGWTE;Estimated gross weight packed goods
MPTRNS;Packages;ORVLME;Estimated volume
MPTRNS;Packages;ORFRCE;Estimated free unit packed goods
MPTRNS;Packages;ORNTWI;Included net weight
MPTRNS;Packages;ORGWTI;Included gross weight
MPTRNS;Packages;ORVLMI;Included volume
MPTRNS;Packages;ORFRCI;Included number of free cap units
MPTRNS;Packages;ORPGRS;Delivery status
MPTRNS;Packages;ORPACL;Packaging length
MPTRNS;Packages;ORPACW;Packaging width
MPTRNS;Packages;ORPACH;Packaging height
MPTRNS;Packages;ORETRN;External tracking number
MPTRNS;Packages;ORPCON;Package content
MPTRNS;Packages;ORRVNO;Reporting version number
MPTRNS;Packages;ORPAN1;Package alias 1
MPTRNS;Packages;ORPAN2;Package alias 2
MPTRNS;Packages;ORPAN3;Package alias 3
MPTRNS;Packages;ORRGDT;Entry date
MPTRNS;Packages;ORRGTM;Entry time
MPTRNS;Packages;ORLMDT;Change date
MPTRNS;Packages;ORCHNO;Change number
MPTRNS;Packages;ORCHID;Changed by
MPTRNS;Packages;ORPACS;Package status
MPTRNS;Packages;ORPISS;Picking status
MPTRNS;Packages;OROPAN;Outer package number
MPTRNS;Packages;ORPPNB;Package definition number
MPTRNS;Packages;ORLMTS;Timestamp
MPTRNS;Packages;ORSPNO;Shipment package number
MPTRNS;Packages;ORPAGR;Packaging group
MPTRNS;Packages;ORSRT1;Sort value
MPTRNS;Packages;ORSRT2;Sort value
MPTRNS;Packages;ORCAPA;Remaining capacity
MPTRNS;Packages;ORMIGI;Internal migration status
MPURST;HF: Purchase statistic;IHCONO;Company
MPURST;HF: Purchase statistic;IHPUNO;Purchase order number
MPURST;HF: Purchase statistic;IHPNLI;Purchase order line
MPURST;HF: Purchase statistic;IHPNLS;Purchase order line subnumber
MPURST;HF: Purchase statistic;IHLTPP;Line type
MPURST;HF: Purchase statistic;IHITNO;Item number
MPURST;HF: Purchase statistic;IHPRCS;Service process
MPURST;HF: Purchase statistic;IHSUFI;Service
MPURST;HF: Purchase statistic;IHFACI;Facility
MPURST;HF: Purchase statistic;IHWHLO;Warehouse
MPURST;HF: Purchase statistic;IHITTY;Item type
MPURST;HF: Purchase statistic;IHITGR;Item group
MPURST;HF: Purchase statistic;IHPRGP;Procurement group
MPURST;HF: Purchase statistic;IHECVE;Revision number
MPURST;HF: Purchase statistic;IHPRIP;Priority
MPURST;HF: Purchase statistic;IHSUNO;Supplier
MPURST;HF: Purchase statistic;IHSUGR;Statistical supplier
MPURST;HF: Purchase statistic;IHSUCL;Supplier group
MPURST;HF: Purchase statistic;IHSPYN;Payee
MPURST;HF: Purchase statistic;IHPROD;Manufacturer
MPURST;HF: Purchase statistic;IHBUYE;Buyer
MPURST;HF: Purchase statistic;IHPURC;Requisition by
MPURST;HF: Purchase statistic;IHPUUN;Purchase order U/M
MPURST;HF: Purchase statistic;IHPPUN;Purchase price U/M
MPURST;HF: Purchase statistic;IHPUCD;Purchase price quantity
MPURST;HF: Purchase statistic;IHTEPY;Payment terms
MPURST;HF: Purchase statistic;IHTEAF;Freight terms
MPURST;HF: Purchase statistic;IHTEPA;Packaging terms
MPURST;HF: Purchase statistic;IHTEDL;Delivery terms
MPURST;HF: Purchase statistic;IHMODL;Delivery method
MPURST;HF: Purchase statistic;IHORTP;Customer order type
MPURST;HF: Purchase statistic;IHGRMT;Goods receiving method
MPURST;HF: Purchase statistic;IHORCO;Country of origin
MPURST;HF: Purchase statistic;IHSTCD;Inventory accounting
MPURST;HF: Purchase statistic;IHBOFO;Bonus generating
MPURST;HF: Purchase statistic;IHBOGE;Bonus item
MPURST;HF: Purchase statistic;IHPUDT;Order date
MPURST;HF: Purchase statistic;IHDWDT;Requested delivery date
MPURST;HF: Purchase statistic;IHCODT;Confirmed delivery date
MPURST;HF: Purchase statistic;IHADDT;Actual delivery date
MPURST;HF: Purchase statistic;IHRCDT;Receipt date
MPURST;HF: Purchase statistic;IHRPDT;Reporting date
MPURST;HF: Purchase statistic;IHIVDT;Invoice date
MPURST;HF: Purchase statistic;IHCEDT;Completion flag date
MPURST;HF: Purchase statistic;IHNDDE;Number of discrepancy days
MPURST;HF: Purchase statistic;IHORQA;Ordered quantity - alternate U/M
MPURST;HF: Purchase statistic;IHRVQA;Received quantity
MPURST;HF: Purchase statistic;IHCAQA;Approved quantity - alternate U/M
MPURST;HF: Purchase statistic;IHRJQA;Rejected quantity
MPURST;HF: Purchase statistic;IHSDQA;Stored quantity
MPURST;HF: Purchase statistic;IHCAWE;Catch weight
MPURST;HF: Purchase statistic;IHNPDE;Number of partial deliveries
MPURST;HF: Purchase statistic;IHLEA6;Lead time
MPURST;HF: Purchase statistic;IHICED;Early delivery - cost of capital amount
MPURST;HF: Purchase statistic;IHIVPR;Invoiced price - PO price unit/Currency
MPURST;HF: Purchase statistic;IHTRPO;Transaction price order
MPURST;HF: Purchase statistic;IHIVQA;Invoiced quantity - alternate U/M
MPURST;HF: Purchase statistic;IHIVDI;Invoiced discount
MPURST;HF: Purchase statistic;IHEXEP;External charge
MPURST;HF: Purchase statistic;IHINEP;Internal charge
MPURST;HF: Purchase statistic;IHCUCD;Currency
MPURST;HF: Purchase statistic;IHARAT;Exchange rate
MPURST;HF: Purchase statistic;IHIVTC;Invoiced VAT code
MPURST;HF: Purchase statistic;IHSITE;Supplier item number
MPURST;HF: Purchase statistic;IHPITD;Purchase order item name
MPURST;HF: Purchase statistic;IHRORN;Reference order number
MPURST;HF: Purchase statistic;IHRORL;Reference order line
MPURST;HF: Purchase statistic;IHRORC;Reference order category
MPURST;HF: Purchase statistic;IHSORN;Supplier order number
MPURST;HF: Purchase statistic;IHOURR;Our reference number
MPURST;HF: Purchase statistic;IHOURT;Reference type
MPURST;HF: Purchase statistic;IHADDG;Additional cost - currency amount
MPURST;HF: Purchase statistic;IHRGDT;Entry date
MPURST;HF: Purchase statistic;IHRGTM;Entry time
MPURST;HF: Purchase statistic;IHLMDT;Change date
MPURST;HF: Purchase statistic;IHCHNO;Change number
MPURST;HF: Purchase statistic;IHCHID;Changed by
MPURST;HF: Purchase statistic;IHRORX;Line suffix
MPURST;HF: Purchase statistic;IHLMTS;Timestamp
MWOHED;MO header;VHHVDI;Harvested date inherited
MWOHED;MO header;VHMOLK;MO lock
MWOHED;MO header;VHCONO;Company
MWOHED;MO header;VHFACI;Facility
MWOHED;MO header;VHPRNO;Product
MWOHED;MO header;VHMFNO;Manufacturing order number
MWOHED;MO header;VHITNO;Item number
MWOHED;MO header;VHVANO;Product variant
MWOHED;MO header;VHDIVI;Division
MWOHED;MO header;VHPRIO;Priority
MWOHED;MO header;VHORTY;Order type
MWOHED;MO header;VHGETP;Origin
MWOHED;MO header;VHWHST;Status - manufacturing order
MWOHED;MO header;VHSLDT;Change date - order status
MWOHED;MO header;VHWHHS;Highest operation status - order
MWOHED;MO header;VHHSDT;Change date - highest operation status
MWOHED;MO header;VHWMST;Material status
MWOHED;MO header;VHWHLO;Warehouse
MWOHED;MO header;VHWHSL;Location
MWOHED;MO header;VHBANO;Lot number
MWOHED;MO header;VHWOSQ;Reporting number
MWOHED;MO header;VHDWNO;Drawing number
MWOHED;MO header;VHPLPR;Picking list round
MWOHED;MO header;VHRESP;Responsible
MWOHED;MO header;VHTXT1;Text line 1
MWOHED;MO header;VHTXT2;Text line 2
MWOHED;MO header;VHFSTD;Original start date
MWOHED;MO header;VHFFID;Original finish date
MWOHED;MO header;VHNURP;Number of times replanned
MWOHED;MO header;VHSTDT;Start date
MWOHED;MO header;VHFIDT;Finish date
MWOHED;MO header;VHRSDT;Actual start date
MWOHED;MO header;VHREFD;Actual finish date
MWOHED;MO header;VHRPDT;Reporting date
MWOHED;MO header;VHWODP;Order documents printed
MWOHED;MO header;VHOROQ;Original ordered quantity
MWOHED;MO header;VHOROA;Original ordered qty - alt U/M
MWOHED;MO header;VHORQT;Ordered quantity - basic U/M
MWOHED;MO header;VHORQA;Ordered quantity - alternate U/M
MWOHED;MO header;VHNUBA;Number of lots
MWOHED;MO header;VHMAUN;Manufacturing U/M
MWOHED;MO header;VHRVQT;Received quantity
MWOHED;MO header;VHRVQA;Received quantity
MWOHED;MO header;VHCAQA;Approved quantity - alternate U/M
MWOHED;MO header;VHMAQT;Manufactured quantity
MWOHED;MO header;VHMAQA;Manufactured quantity
MWOHED;MO header;VHREND;Manual completion flag
MWOHED;MO header;VHCOFA;Conversion factor
MWOHED;MO header;VHDMCF;Conversion form
MWOHED;MO header;VHNUC1;Number of put-away cards
MWOHED;MO header;VHNUC2;Number of material requisitions
MWOHED;MO header;VHNUC3;Number of labor tickets
MWOHED;MO header;VHNUC4;Number of shop travelers
MWOHED;MO header;VHNUC5;Number of routing cards
MWOHED;MO header;VHNUC6;Number of picking lists
MWOHED;MO header;VHNUC7;Number of design documents
MWOHED;MO header;VHBDCD;Explosion
MWOHED;MO header;VHBAQT;Yield quantity
MWOHED;MO header;VHLEAL;Lead time this level
MWOHED;MO header;VHLTRE;Share of lead time
MWOHED;MO header;VHWLDE;Infinite/finite
MWOHED;MO header;VHSDTB;Same date for batches
MWOHED;MO header;VHSCEX;Subcontracting exists
MWOHED;MO header;VHPLGR;Work center
MWOHED;MO header;VHPRDY;Production days
MWOHED;MO header;VHLEVL;Lowest level
MWOHED;MO header;VHPRHL;Product number highest level
MWOHED;MO header;VHMFHL;MO number highest level
MWOHED;MO header;VHPRLO;Product number overlying level
MWOHED;MO header;VHMFLO;MO number next higher level
MWOHED;MO header;VHMSLO;Serial number overlying level
MWOHED;MO header;VHLVSQ;Level sequence
MWOHED;MO header;VHASPC;Cumulative scrap percentage
MWOHED;MO header;VHCOTD;Cost other department
MWOHED;MO header;VHRORN;Reference order number
MWOHED;MO header;VHRORL;Reference order line
MWOHED;MO header;VHRORC;Reference order category
MWOHED;MO header;VHTXID;Text identity
MWOHED;MO header;VHECVE;Revision number
MWOHED;MO header;VHPCDO;Costing performed
MWOHED;MO header;VHAOID;Alternative routing
MWOHED;MO header;VHSTRT;Product structure type
MWOHED;MO header;VHCFIN;Configuration number
MWOHED;MO header;VHECVS;Simulation round
MWOHED;MO header;VHPROJ;Project number
MWOHED;MO header;VHELNO;Project element
MWOHED;MO header;VHMSTI;Start time
MWOHED;MO header;VHMFTI;Finish time
MWOHED;MO header;VHSCOM;Structure complexity
MWOHED;MO header;VHWCLN;Production line
MWOHED;MO header;VHNUOP;Number of operations
MWOHED;MO header;VHNUFO;Number of finished operations
MWOHED;MO header;VHACTP;Action message (AM)
MWOHED;MO header;VHNNDT;Alternate planning date
MWOHED;MO header;VHSCHN;Schedule number
MWOHED;MO header;VHHDPR;Main product
MWOHED;MO header;VHPCCO;Process code
MWOHED;MO header;VHCOSH;Costing percentage
MWOHED;MO header;VHRIFD;Reschedule in - filter date
MWOHED;MO header;VHROFD;Reschedule out - filter date
MWOHED;MO header;VHTSDA;SWB timestamp
MWOHED;MO header;VHTSTE;SWB timestamp
MWOHED;MO header;VHPULD;Pull-up of delayed orders
MWOHED;MO header;VHPULN;Pull-up of early orders
MWOHED;MO header;VHSUBN;Sub-network mark
MWOHED;MO header;VHPRAP;SWB processed
MWOHED;MO header;VHVEOC;Verify operation closing
MWOHED;MO header;VHSUBD;Subnetwork due date
MWOHED;MO header;VHCLGP;Color group
MWOHED;MO header;VHNTWP;External network priority
MWOHED;MO header;VHACHD;Change date - M3 SWB
MWOHED;MO header;VHACHT;Change time - M3 SWB
MWOHED;MO header;VHMOHS;Hold MO status
MWOHED;MO header;VHATNR;Attribute number
MWOHED;MO header;VHPPMG;Production lot controlled op exist
MWOHED;MO header;VHNUC8;Number of production lot cards
MWOHED;MO header;VHPGTP;Production group type
MWOHED;MO header;VHALMA;Allow alternate material on MO
MWOHED;MO header;VHRPCH;Rescheduling check
MWOHED;MO header;VHRGDT;Entry date
MWOHED;MO header;VHRGTM;Entry time
MWOHED;MO header;VHLMDT;Change date
MWOHED;MO header;VHCHNO;Change number
MWOHED;MO header;VHCHID;Changed by
MWOHED;MO header;VHRORX;Line suffix
MWOHED;MO header;VHLMTS;Timestamp
MWOHED;MO header;VHEXPI;Expiration date
MWOHED;MO header;VHMEXP;Manual expiration date
MWOHED;MO header;VHMFPC;Process
MWOHED;MO header;VHNBEQ;Order balanced quantity
MWOHED;MO header;VHFRED;Redistribution status
MWOHED;MO header;VHSQNY;Sequence number for sorting
MWOHED;MO header;VHSQNX;Sequence number for sorting
MWOHED;MO header;VHSQNZ;Sequence number for sorting
MWOHED;MO header;VHCOLO;Color
MWOHED;MO header;VHSIZE;Size
MWOHED;MO header;VHCHCS;Characteristics
MWOHED;MO header;VHSLRO;Schedule reservation order
MWOHED;MO header;VHMREC;Manual reclassification date
MWOHED;MO header;VHMRCT;Manual reclassification time
MWOHED;MO header;VHEXRN;External reference number
MWOHED;MO header;VHEXD2;External reference description
MWOHED;MO header;VHICOE;Invalid components exist
MWOHED;MO header;VHAGBF;Aggregated backflush
MWOMAT;MO material file;VMEHVB;Earliest harvested lot
MWOMAT;MO material file;VMEHVD;Earliest harvested date
MWOMAT;MO material file;VMCONO;Company
MWOMAT;MO material file;VMFACI;Facility
MWOMAT;MO material file;VMPRNO;Product
MWOMAT;MO material file;VMMFNO;Manufacturing order number
MWOMAT;MO material file;VMMSEQ;Sequence number
MWOMAT;MO material file;VMOPNO;Operation number
MWOMAT;MO material file;VMDWPO;Drawing position
MWOMAT;MO material file;VMPRIO;Priority
MWOMAT;MO material file;VMWMST;Material status
MWOMAT;MO material file;VMSTGS;Subcontract control
MWOMAT;MO material file;VMMTNO;Component number
MWOMAT;MO material file;VMWOSQ;Reporting number
MWOMAT;MO material file;VMFMT1;Text
MWOMAT;MO material file;VMFMT2;Technical reference
MWOMAT;MO material file;VMCNQT;Quantity
MWOMAT;MO material file;VMDCCD;Number of decimal places
MWOMAT;MO material file;VMFXCD;Quantity relation
MWOMAT;MO material file;VMBYPR;By/co-product code
MWOMAT;MO material file;VMCMCD;Inheritance control
MWOMAT;MO material file;VMPEUN;Product engineering U/M
MWOMAT;MO material file;VMLGTH;Length
MWOMAT;MO material file;VMWDTH;Width
MWOMAT;MO material file;VMLWF1;Factor 1
MWOMAT;MO material file;VMLWF2;Factor 2
MWOMAT;MO material file;VMWAPC;Normal waste percentage
MWOMAT;MO material file;VMASPC;Cumulative scrap percentage
MWOMAT;MO material file;VMRDAT;Reservation date
MWOMAT;MO material file;VMTIHM;Time hours & minutes
MWOMAT;MO material file;VMMDBF;Lead time offset
MWOMAT;MO material file;VMMARC;MO reservations
MWOMAT;MO material file;VMREQT;Reserved quantity
MWOMAT;MO material file;VMREQA;Reserved quantity
MWOMAT;MO material file;VMRCQA;Compensation quantity
MWOMAT;MO material file;VMRVQT;Received quantity
MWOMAT;MO material file;VMRVQA;Received quantity
MWOMAT;MO material file;VMCAQA;Approved quantity - alternate U/M
MWOMAT;MO material file;VMRPQT;Reported quantity
MWOMAT;MO material file;VMRPQA;Reported quantity
MWOMAT;MO material file;VMRPRE;Responsible for reporting
MWOMAT;MO material file;VMREND;Manual completion flag
MWOMAT;MO material file;VMRPDT;Reporting date
MWOMAT;MO material file;VMALQT;Allocated quantity - basic U/M
MWOMAT;MO material file;VMALQA;Allocated quantity - alternate U/M
MWOMAT;MO material file;VMPLQT;Picking list quantity - basic U/M
MWOMAT;MO material file;VMPLQA;Picking list quantity - alternate U/M
MWOMAT;MO material file;VMCOFA;Conversion factor
MWOMAT;MO material file;VMDMCF;Conversion form
MWOMAT;MO material file;VMWODP;Order documents printed
MWOMAT;MO material file;VMMPRC;Component price
MWOMAT;MO material file;VMWHLO;Warehouse
MWOMAT;MO material file;VMWHSL;Location
MWOMAT;MO material file;VMBANO;Lot number
MWOMAT;MO material file;VMPLPR;Picking list round
MWOMAT;MO material file;VMPLGR;Work center
MWOMAT;MO material file;VMPRDY;Production days
MWOMAT;MO material file;VMASWQ;Cumulative setup scrap
MWOMAT;MO material file;VMALMT;Allocation method
MWOMAT;MO material file;VMSPMT;Issue method
MWOMAT;MO material file;VMSTSQ;Structure sequence number
MWOMAT;MO material file;VMORDP;Order dependent
MWOMAT;MO material file;VMRORC;Reference order category
MWOMAT;MO material file;VMRORN;Reference order number
MWOMAT;MO material file;VMRORL;Reference order line
MWOMAT;MO material file;VMNOAA;Overriding allocation method
MWOMAT;MO material file;VMACTS;Operation element number
MWOMAT;MO material file;VMSCHN;Schedule number
MWOMAT;MO material file;VMSCQT;Scrapped quantity
MWOMAT;MO material file;VMSCQA;Scrapped quantity
MWOMAT;MO material file;VMMOHD;Hold MO
MWOMAT;MO material file;VMATNR;Attribute number
MWOMAT;MO material file;VMMALN;Main material line
MWOMAT;MO material file;VMRGDT;Entry date
MWOMAT;MO material file;VMRGTM;Entry time
MWOMAT;MO material file;VMLMDT;Change date
MWOMAT;MO material file;VMCHNO;Change number
MWOMAT;MO material file;VMCHID;Changed by
MWOMAT;MO material file;VMCRTM;Critical material
MWOMAT;MO material file;VMSHBP;Shipping buffer in production days
MWOMAT;MO material file;VMRORX;Line suffix
MWOMAT;MO material file;VMLMTS;Timestamp
MWOMAT;MO material file;VMBFCW;Catch weight backflush
MWOMAT;MO material file;VMNRQT;Qty not rounded reserved basic U/M
MWOMAT;MO material file;VMNRQA;Qty not rounded reserved altern U/M
MWOMAT;MO material file;VMREMO;Reservation MO
MWOMAT;MO material file;VMREML;Reservation MO line
MWOMAT;MO material file;VMICEC;Component error code
MWOMAT;MO material file;VMISTO;Intermediate stock
MWOMAT;MO material file;VMADBF;Detailed backflush
MWOOPE;MO operation file;VOCONO;Company
MWOOPE;MO operation file;VOFACI;Facility
MWOOPE;MO operation file;VOPRNO;Product
MWOOPE;MO operation file;VOMFNO;Manufacturing order number
MWOOPE;MO operation file;VOOPNO;Operation number
MWOOPE;MO operation file;VOMSEQ;Sequence number
MWOOPE;MO operation file;VOPRIO;Priority
MWOOPE;MO operation file;VOWOST;Status
MWOOPE;MO operation file;VOWOSQ;Reporting number
MWOOPE;MO operation file;VOPLGR;Work center
MWOOPE;MO operation file;VOOPDS;Operation description
MWOOPE;MO operation file;VOTXT1;Text line 1
MWOOPE;MO operation file;VOTXT2;Text line 2
MWOOPE;MO operation file;VODEPT;Department
MWOOPE;MO operation file;VOREAR;Planning area
MWOOPE;MO operation file;VODOID;Document identity
MWOOPE;MO operation file;VOSTDT;Start date
MWOOPE;MO operation file;VOMSTI;Start time
MWOOPE;MO operation file;VOFIDT;Finish date
MWOOPE;MO operation file;VOMFTI;Finish time
MWOOPE;MO operation file;VODAFA;Day factor
MWOOPE;MO operation file;VORSDT;Actual start date
MWOOPE;MO operation file;VOREFD;Actual finish date
MWOOPE;MO operation file;VORPDT;Reporting date
MWOOPE;MO operation file;VORPTM;Reporting time
MWOOPE;MO operation file;VOREND;Manual completion flag
MWOOPE;MO operation file;VOORQT;Ordered quantity - basic U/M
MWOOPE;MO operation file;VOORQA;Ordered quantity - alternate U/M
MWOOPE;MO operation file;VOMAQT;Manufactured quantity
MWOOPE;MO operation file;VOMAQA;Manufactured quantity
MWOOPE;MO operation file;VORPRE;Responsible for reporting
MWOOPE;MO operation file;VOSCQT;Scrapped quantity
MWOOPE;MO operation file;VOSCQA;Scrapped quantity
MWOOPE;MO operation file;VOSCRE;Rejection reason
MWOOPE;MO operation file;VORWQT;Rework quantity
MWOOPE;MO operation file;VORWQA;Rework quantity - alternate unit
MWOOPE;MO operation file;VOCOFA;Conversion factor
MWOOPE;MO operation file;VODMCF;Conversion form
MWOOPE;MO operation file;VOLASK;Labor skill
MWOOPE;MO operation file;VOFXTI;Fixed time
MWOOPE;MO operation file;VOSETI;Setup time
MWOOPE;MO operation file;VOOSET;External setup time
MWOOPE;MO operation file;VOPITI;Run time
MWOOPE;MO operation file;VOCTCD;Price and time quantity
MWOOPE;MO operation file;VOUSET;Used machine setup time
MWOOPE;MO operation file;VOUPIT;Used machine run time
MWOOPE;MO operation file;VOUMAT;Used labor run time
MWOOPE;MO operation file;VOUMAS;Used labor setup time
MWOOPE;MO operation file;VOSENP;Planned number of workers - setup
MWOOPE;MO operation file;VOPRNP;Planned number of workers - run time
MWOOPE;MO operation file;VOPRNM;Planned number of machines
MWOOPE;MO operation file;VOSEPR;Setup price
MWOOPE;MO operation file;VOPIPR;Unit price
MWOOPE;MO operation file;VOWAFA;Time rate
MWOOPE;MO operation file;VOWCRF;Time reference
MWOOPE;MO operation file;VOKIWG;Pay element
MWOOPE;MO operation file;VOSCPC;Scrap percentage
MWOOPE;MO operation file;VOASPC;Cumulative scrap percentage
MWOOPE;MO operation file;VOINWE;Initial weight
MWOOPE;MO operation file;VOOPV3;Operation volume
MWOOPE;MO operation file;VOMFPR;Multiplication factor - manufacturing
MWOOPE;MO operation file;VOOPCM;Operation cost multiplier
MWOOPE;MO operation file;VOTOOL;Tool number
MWOOPE;MO operation file;VOCAMP;Number of labor tickets
MWOOPE;MO operation file;VOWODP;Order documents printed
MWOOPE;MO operation file;VOQUDY;Queue days
MWOOPE;MO operation file;VOSLAC;Transport value in days
MWOOPE;MO operation file;VOODBF;Lead time offset
MWOOPE;MO operation file;VOPRDY;Production days
MWOOPE;MO operation file;VOSWQT;Setup scrap
MWOOPE;MO operation file;VOASWQ;Cumulative setup scrap
MWOOPE;MO operation file;VOSUNO;Supplier
MWOOPE;MO operation file;VOPSSQ;Co-sorting key
MWOOPE;MO operation file;VOSCHN;Schedule number
MWOOPE;MO operation file;VOSCHS;Schedule number sequence
MWOOPE;MO operation file;VOTPLG;To work center
MWOOPE;MO operation file;VOFPLG;From work center
MWOOPE;MO operation file;VOAUIN;Automatic receipt
MWOOPE;MO operation file;VOAURP;Automatic operation reporting
MWOOPE;MO operation file;VODPLG;Deviating work center
MWOOPE;MO operation file;VOWLDE;Infinite/finite
MWOOPE;MO operation file;VOTXID;Text identity
MWOOPE;MO operation file;VOOPST;Operation started
MWOOPE;MO operation file;VOCOTD;Cost other department
MWOOPE;MO operation file;VOSTSQ;Structure sequence number
MWOOPE;MO operation file;VOQUAC;Quality inspection
MWOOPE;MO operation file;VOSUBC;Subcontract control
MWOOPE;MO operation file;VOOADS;Operation element exists
MWOOPE;MO operation file;VOPLG1;Work center
MWOOPE;MO operation file;VOPLGF;Forced resource
MWOOPE;MO operation file;VONXOP;Next APP operation number
MWOOPE;MO operation file;VOAPON;SWB operation number
MWOOPE;MO operation file;VOPOOC;Parallel operation overlap code
MWOOPE;MO operation file;VOSLAT;Transit unit of measure/Overlap code
MWOOPE;MO operation file;VORESR;Resource restriction
MWOOPE;MO operation file;VOSPLK;Split method - operation
MWOOPE;MO operation file;VOSPLN;Number of operations after split
MWOOPE;MO operation file;VOSPSZ;Split quantity
MWOOPE;MO operation file;VOFRCD;Forced start date
MWOOPE;MO operation file;VOFRCT;Forced start time
MWOOPE;MO operation file;VOSEQS;Sequencing status
MWOOPE;MO operation file;VOPRAP;SWB processed
MWOOPE;MO operation file;VOSPLT;Split code
MWOOPE;MO operation file;VOPRET;Preparation time
MWOOPE;MO operation file;VOPOTM;Post-operation time
MWOOPE;MO operation file;VOPLOQ;Production lot size
MWOOPE;MO operation file;VOPLOA;Production lot size - alt U/M
MWOOPE;MO operation file;VOPLMG;Production lot controlled
MWOOPE;MO operation file;VOPLTQ;Quantity type - production lot
MWOOPE;MO operation file;VOFSTD;Original start date
MWOOPE;MO operation file;VOFSTT;Original start time
MWOOPE;MO operation file;VOFFID;Original finish date
MWOOPE;MO operation file;VOFFIT;Original finish time
MWOOPE;MO operation file;VORGDT;Entry date
MWOOPE;MO operation file;VORGTM;Entry time
MWOOPE;MO operation file;VOLMDT;Change date
MWOOPE;MO operation file;VOCHNO;Change number
MWOOPE;MO operation file;VOCHID;Changed by
MWOOPE;MO operation file;VORBUP;Remaining buffer percent
MWOOPE;MO operation file;VOCRTR;Critical resource
MWOOPE;MO operation file;VOAMAO;Additional material offset
MWOOPE;MO operation file;VOSHBP;Shipping buffer in production days
MWOOPE;MO operation file;VOLMTS;Timestamp
MWOOPE;MO operation file;VOPLLT;Lot number control
MWOPOL;Work Order Production Lots;BHCONO;Company
MWOPOL;Work Order Production Lots;BHFACI;Facility
MWOPOL;Work Order Production Lots;BHWOSQ;Reporting number
MWOPOL;Work Order Production Lots;BHPLNO;Production lot number
MWOPOL;Work Order Production Lots;BHPRNO;Product
MWOPOL;Work Order Production Lots;BHMFNO;Manufacturing order number
MWOPOL;Work Order Production Lots;BHOPNO;Operation number
MWOPOL;Work Order Production Lots;BHPLOA;Production lot size - alt U/M
MWOPOL;Work Order Production Lots;BHPLOB;Production lot size - alt U/M
MWOPOL;Work Order Production Lots;BHMAQT;Manufactured quantity
MWOPOL;Work Order Production Lots;BHMAQA;Manufactured quantity
MWOPOL;Work Order Production Lots;BHSCQT;Scrapped quantity
MWOPOL;Work Order Production Lots;BHSCQA;Scrapped quantity
MWOPOL;Work Order Production Lots;BHCOFA;Conversion factor
MWOPOL;Work Order Production Lots;BHDMCF;Conversion form
MWOPOL;Work Order Production Lots;BHUSET;Used machine setup time
MWOPOL;Work Order Production Lots;BHUPIT;Used machine run time
MWOPOL;Work Order Production Lots;BHUMAT;Used labor run time
MWOPOL;Work Order Production Lots;BHUMAS;Used labor setup time
MWOPOL;Work Order Production Lots;BHRSDT;Actual start date
MWOPOL;Work Order Production Lots;BHREFD;Actual finish date
MWOPOL;Work Order Production Lots;BHOADS;Operation element exists
MWOPOL;Work Order Production Lots;BHPLCF;Continuance flag
MWOPOL;Work Order Production Lots;BHEMNO;Employee number
MWOPOL;Work Order Production Lots;BHMAUN;Manufacturing U/M
MWOPOL;Work Order Production Lots;BHMCPL;Manually changed
MWOPOL;Work Order Production Lots;BHRGDT;Entry date
MWOPOL;Work Order Production Lots;BHRGTM;Entry time
MWOPOL;Work Order Production Lots;BHLMDT;Change date
MWOPOL;Work Order Production Lots;BHCHNO;Change number
MWOPOL;Work Order Production Lots;BHCHID;Changed by
MWOPOL;Work Order Production Lots;BHLMTS;Timestamp
MWOPTR;Operation transaction;DJCONO;Company
MWOPTR;Operation transaction;DJFACI;Facility
MWOPTR;Operation transaction;DJMFNO;Manufacturing order number
MWOPTR;Operation transaction;DJOPNO;Operation number
MWOPTR;Operation transaction;DJPRNO;Product
MWOPTR;Operation transaction;DJTRDT;Transaction date
MWOPTR;Operation transaction;DJTRTM;Transaction time
MWOPTR;Operation transaction;DJTMSX;Time suffix
MWOPTR;Operation transaction;DJWOSQ;Reporting number
MWOPTR;Operation transaction;DJROID;Operation reporting identity
MWOPTR;Operation transaction;DJPLGR;Work center
MWOPTR;Operation transaction;DJDPLG;Deviating work center
MWOPTR;Operation transaction;DJMSNO;Resource
MWOPTR;Operation transaction;DJEMNO;Employee number
MWOPTR;Operation transaction;DJDEPT;Department
MWOPTR;Operation transaction;DJREAR;Planning area
MWOPTR;Operation transaction;DJTMNO;Work group
MWOPTR;Operation transaction;DJSHFC;Shift
MWOPTR;Operation transaction;DJPERI;Period
MWOPTR;Operation transaction;DJUMAT;Used labor run time
MWOPTR;Operation transaction;DJUPIT;Used machine run time
MWOPTR;Operation transaction;DJUSET;Used machine setup time
MWOPTR;Operation transaction;DJUMAS;Used labor setup time
MWOPTR;Operation transaction;DJSENP;Planned number of workers - setup
MWOPTR;Operation transaction;DJPRNP;Planned number of workers - run time
MWOPTR;Operation transaction;DJFXTI;Fixed time
MWOPTR;Operation transaction;DJTIMC;Time coefficient
MWOPTR;Operation transaction;DJUPDC;Update
MWOPTR;Operation transaction;DJOFCL;Operation fully calculated
MWOPTR;Operation transaction;DJRUDI;Run disturbance
MWOPTR;Operation transaction;DJSEDI;Setup disturbance
MWOPTR;Operation transaction;DJMAQT;Manufactured quantity
MWOPTR;Operation transaction;DJMAQA;Manufactured quantity
MWOPTR;Operation transaction;DJSCQT;Scrapped quantity
MWOPTR;Operation transaction;DJSCQA;Scrapped quantity
MWOPTR;Operation transaction;DJSCRE;Rejection reason
MWOPTR;Operation transaction;DJSCWC;Scrap source work center
MWOPTR;Operation transaction;DJSQNO;Offset accounting serial number
MWOPTR;Operation transaction;DJOPTP;Operation report type
MWOPTR;Operation transaction;DJFICD;Open/closed record
MWOPTR;Operation transaction;DJTFDC;Transaction from Data Collection
MWOPTR;Operation transaction;DJSTDT;Start date
MWOPTR;Operation transaction;DJOSTM;Start time - operation
MWOPTR;Operation transaction;DJFIDT;Finish date
MWOPTR;Operation transaction;DJOFTM;Stop time operation
MWOPTR;Operation transaction;DJREND;Manual completion flag
MWOPTR;Operation transaction;DJREID;Report identity
MWOPTR;Operation transaction;DJKIWG;Pay element
MWOPTR;Operation transaction;DJSUNO;Supplier
MWOPTR;Operation transaction;DJSEPR;Setup price
MWOPTR;Operation transaction;DJPIPR;Unit price
MWOPTR;Operation transaction;DJWAFA;Time rate
MWOPTR;Operation transaction;DJTODL;Total amount direct labor
MWOPTR;Operation transaction;DJWCRF;Time reference
MWOPTR;Operation transaction;DJPWPA;Piece rate earnings
MWOPTR;Operation transaction;DJTTPD;Latest transfer date to history/pay
MWOPTR;Operation transaction;DJREMK;Remark
MWOPTR;Operation transaction;DJCOCE;Cost center
MWOPTR;Operation transaction;DJAPCD;Authorized user
MWOPTR;Operation transaction;DJAPDT;Date approved
MWOPTR;Operation transaction;DJREWK;Rework
MWOPTR;Operation transaction;DJCAMU;Container
MWOPTR;Operation transaction;DJDPIS;Date transferred to W/C statistic
MWOPTR;Operation transaction;DJANBR;Accounting number
MWOPTR;Operation transaction;DJOCNR;Sequence number - order costing
MWOPTR;Operation transaction;DJPCTP;Costing type
MWOPTR;Operation transaction;DJPLNO;Production lot number
MWOPTR;Operation transaction;DJRGDT;Entry date
MWOPTR;Operation transaction;DJRGTM;Entry time
MWOPTR;Operation transaction;DJUPID;Registration identity
MWOPTR;Operation transaction;DJLMDT;Change date
MWOPTR;Operation transaction;DJCHNO;Change number
MWOPTR;Operation transaction;DJCHID;Changed by
MWOPTR;Operation transaction;DJLMTS;Timestamp
MWORDT;Manufacturing ordertypes;VTARDQ;Auto redistribute quantities
MWORDT;Manufacturing ordertypes;VTCONO;Company
MWORDT;Manufacturing ordertypes;VTORTY;Order type
MWORDT;Manufacturing ordertypes;VTTX15;Name
MWORDT;Manufacturing ordertypes;VTTX40;Description
MWORDT;Manufacturing ordertypes;VTNBID;Number series
MWORDT;Manufacturing ordertypes;VTKEEP;Keep planned order number as MO number
MWORDT;Manufacturing ordertypes;VTLCAT;Load category
MWORDT;Manufacturing ordertypes;VTSOSC;Set prop sched no. as order sched no.
MWORDT;Manufacturing ordertypes;VTCRLO;Load creation
MWORDT;Manufacturing ordertypes;VTCWPO;Create load directly for planned orders
MWORDT;Manufacturing ordertypes;VTTPRR;Time on product receipt
MWORDT;Manufacturing ordertypes;VTTMAR;Time on material reservation
MWORDT;Manufacturing ordertypes;VTTIST;Time on material plan from status
MWORDT;Manufacturing ordertypes;VTRCOR;Reschedule after operation reporting
MWORDT;Manufacturing ordertypes;VTCOSM;Create product costing at order release
MWORDT;Manufacturing ordertypes;VTWACO;Costing warnings
MWORDT;Manufacturing ordertypes;VTPRTC;Print product costing
MWORDT;Manufacturing ordertypes;VTPAVR;View
MWORDT;Manufacturing ordertypes;VTPIOP;Picking list separator
MWORDT;Manufacturing ordertypes;VTACML;Accumulate plan meter load on mach/tool
MWORDT;Manufacturing ordertypes;VTRSCH;Reschedule order
MWORDT;Manufacturing ordertypes;VTSSTH;Setup time processing
MWORDT;Manufacturing ordertypes;VTCLGP;Color group
MWORDT;Manufacturing ordertypes;VTPRIO;Priority
MWORDT;Manufacturing ordertypes;VTDPOL;Dispatch policy
MWORDT;Manufacturing ordertypes;VTPTRG;Reschedule from when preall was changed
MWORDT;Manufacturing ordertypes;VTPTQC;Update preallocation when qty is changed
MWORDT;Manufacturing ordertypes;VTAROC;Automatically release for order costing
MWORDT;Manufacturing ordertypes;VTBASP;Surplus priority
MWORDT;Manufacturing ordertypes;VTTSPA;Two-step put-away
MWORDT;Manufacturing ordertypes;VTAGIG;Aging
MWORDT;Manufacturing ordertypes;VTTXID;Text identity
MWORDT;Manufacturing ordertypes;VTRGDT;Entry date
MWORDT;Manufacturing ordertypes;VTRGTM;Entry time
MWORDT;Manufacturing ordertypes;VTLMDT;Change date
MWORDT;Manufacturing ordertypes;VTCHNO;Change number
MWORDT;Manufacturing ordertypes;VTCHID;Changed by
MWORDT;Manufacturing ordertypes;VTLMTS;Timestamp
MWORDT;Manufacturing ordertypes;VTKEDM;Keep expiry date decisions made on MO
MWORDT;Manufacturing ordertypes;VTRPWS;Release planned MOs w/o standard cost
MWORDT;Manufacturing ordertypes;VTLIRR;Laboratory inspection request rule
MWORDT;Manufacturing ordertypes;VTMTFB;MO test frequency basis
MWORDT;Manufacturing ordertypes;VTQIRT;QI request timing
MWORDT;Manufacturing ordertypes;VTAWCC;Disable work center change
MWORDT;Manufacturing ordertypes;VTKPSD;Keep start date
MWORDT;Manufacturing ordertypes;VTPPCK;Print package
MWORDT;Manufacturing ordertypes;VTPORP;Prevent overreporting
MWORDT;Manufacturing ordertypes;VTCSCM;Check standard cost at MO receipt
MWORDT;Manufacturing ordertypes;VTSLRS;Schedule level reservation
MWORDT;Manufacturing ordertypes;VTDERQ;Default received quantity at MO receipt
MWORDT;Manufacturing ordertypes;VTCLMR;Create lot number at MO release
OAGRHE;Customer agreement - head;UYCONO;Company
OAGRHE;Customer agreement - head;UYCUNO;Customer
OAGRHE;Customer agreement - head;UYAGNO;Blanket agreement number
OAGRHE;Customer agreement - head;UYSTDT;Start date
OAGRHE;Customer agreement - head;UYDIVI;Division
OAGRHE;Customer agreement - head;UYLVDT;Valid to
OAGRHE;Customer agreement - head;UYTX40;Description
OAGRHE;Customer agreement - head;UYAGQT;Agreed quantity
OAGRHE;Customer agreement - head;UYLIDT;Not used
OAGRHE;Customer agreement - head;UYUNIT;Unit of measure
OAGRHE;Customer agreement - head;UYAGHE;Summed agreement quantity
OAGRHE;Customer agreement - head;UYCUCD;Currency
OAGRHE;Customer agreement - head;UYAGST;Status
OAGRHE;Customer agreement - head;UYAGDT;Blanket agreement date
OAGRHE;Customer agreement - head;UYAGEC;Quantity check
OAGRHE;Customer agreement - head;UYLNCD;Language
OAGRHE;Customer agreement - head;UYNXAG;Next blanket agreement
OAGRHE;Customer agreement - head;UYOREF;Our reference
OAGRHE;Customer agreement - head;UYYREF;Your reference 1
OAGRHE;Customer agreement - head;UYCUDT;Customer s purchase order date
OAGRHE;Customer agreement - head;UYCUOR;Customer's order number
OAGRHE;Customer agreement - head;UYAGPD;Agreed prices
OAGRHE;Customer agreement - head;UYFECN;Future rate agreement number
OAGRHE;Customer agreement - head;UYTEPY;Payment terms
OAGRHE;Customer agreement - head;UYTECD;Cash discount term
OAGRHE;Customer agreement - head;UYMODL;Delivery method
OAGRHE;Customer agreement - head;UYTEDL;Delivery terms
OAGRHE;Customer agreement - head;UYTEPA;Packaging terms
OAGRHE;Customer agreement - head;UYNTCD;Net price used
OAGRHE;Customer agreement - head;UYTINC;VAT included
OAGRHE;Customer agreement - head;UYVTCD;VAT code
OAGRHE;Customer agreement - head;UYBNCD;Bonus generating
OAGRHE;Customer agreement - head;UYBREC;Recipient b/c agreement
OAGRHE;Customer agreement - head;UYPRAC;Commission generating
OAGRHE;Customer agreement - head;UYAGNT;Recipient agreement type 1 - commission
OAGRHE;Customer agreement - head;UYAGN2;Recipient agreement type 2 - commission
OAGRHE;Customer agreement - head;UYAGN3;Recipient agreement type 3 - commission
OAGRHE;Customer agreement - head;UYAGN4;Recipient agreement type 4 - commission
OAGRHE;Customer agreement - head;UYAGN5;Recipient agreement type 5 - commission
OAGRHE;Customer agreement - head;UYAGN6;Recipient agreement type 6 - commission
OAGRHE;Customer agreement - head;UYAGN7;Recipient agreement type 7 - commission
OAGRHE;Customer agreement - head;UYSCMO;Costing model - sales price
OAGRHE;Customer agreement - head;UYADID;Address number
OAGRHE;Customer agreement - head;UYAGCB;Business chain agreement
OAGRHE;Customer agreement - head;UYTXID;Text identity
OAGRHE;Customer agreement - head;UYPRTX;Text identity
OAGRHE;Customer agreement - head;UYPOTX;Text identity
OAGRHE;Customer agreement - head;UYDTID;Data identity
OAGRHE;Customer agreement - head;UYAGNB;Agreement number
OAGRHE;Customer agreement - head;UYSUNO;Supplier
OAGRHE;Customer agreement - head;UYSPGR;Superior groups
OAGRHE;Customer agreement - head;UYPROJ;Project number
OAGRHE;Customer agreement - head;UYELNO;Project element
OAGRHE;Customer agreement - head;UYPRRF;Price list
OAGRHE;Customer agreement - head;UYRESP;Responsible
OAGRHE;Customer agreement - head;UYAGTP;Agreement type
OAGRHE;Customer agreement - head;UYAGLN;Sequence number
OAGRHE;Customer agreement - head;UYSMCD;Salesperson
OAGRHE;Customer agreement - head;UYPRLC;Price list customer number
OAGRHE;Customer agreement - head;UYSEAH;Season in use
OAGRHE;Customer agreement - head;UYACGR;Object access group
OAGRHE;Customer agreement - head;UYRGDT;Entry date
OAGRHE;Customer agreement - head;UYRGTM;Entry time
OAGRHE;Customer agreement - head;UYLMDT;Change date
OAGRHE;Customer agreement - head;UYCHNO;Change number
OAGRHE;Customer agreement - head;UYCHID;Changed by
OAGRHE;Customer agreement - head;UYLMTS;Timestamp
OAGRHE;Customer agreement - head;UYWHLO;Warehouse
OAGRHE;Customer agreement - head;UYBUOR;Bulk order
OAGRHE;Customer agreement - head;UYDECU;Delivery customer
OAGRLN;Customer agreement - lines;UWCONO;Company
OAGRLN;Customer agreement - lines;UWCUNO;Customer
OAGRLN;Customer agreement - lines;UWAGNO;Blanket agreement number
OAGRLN;Customer agreement - lines;UWFDAT;From date
OAGRLN;Customer agreement - lines;UWSTDT;Start date
OAGRLN;Customer agreement - lines;UWPREX;Priority
OAGRLN;Customer agreement - lines;UWOBV1;Start value 1
OAGRLN;Customer agreement - lines;UWOBV2;Start value 2
OAGRLN;Customer agreement - lines;UWOBV3;Start value 3
OAGRLN;Customer agreement - lines;UWOBV4;Start value 4
OAGRLN;Customer agreement - lines;UWDIVI;Division
OAGRLN;Customer agreement - lines;UWGENE;Generic
OAGRLN;Customer agreement - lines;UWAGQT;Agreed quantity
OAGRLN;Customer agreement - lines;UWSPGR;Superior groups
OAGRLN;Customer agreement - lines;UWAGNB;Agreement number
OAGRLN;Customer agreement - lines;UWSUNO;Supplier
OAGRLN;Customer agreement - lines;UWAGLN;Sequence number
OAGRLN;Customer agreement - lines;UWPRRF;Price list
OAGRLN;Customer agreement - lines;UWPRLC;Price list customer number
OAGRLN;Customer agreement - lines;UWLIDT;Not used
OAGRLN;Customer agreement - lines;UWD2QT;Minimum quantity
OAGRLN;Customer agreement - lines;UWD3QT;Maximum quantity
OAGRLN;Customer agreement - lines;UWLAMI;Minimum line amount
OAGRLN;Customer agreement - lines;UWLVDT;Valid to
OAGRLN;Customer agreement - lines;UWAGPD;Agreed prices
OAGRLN;Customer agreement - lines;UWKPCD;Kit/charge printout
OAGRLN;Customer agreement - lines;UWNAQT;Normal call-off quantity
OAGRLN;Customer agreement - lines;UWAGST;Status
OAGRLN;Customer agreement - lines;UWCUCD;Currency
OAGRLN;Customer agreement - lines;UWNTCD;Net price used
OAGRLN;Customer agreement - lines;UWUNIT;Unit of measure
OAGRLN;Customer agreement - lines;UWCOFA;Conversion factor
OAGRLN;Customer agreement - lines;UWDMCF;Conversion form
OAGRLN;Customer agreement - lines;UWSPUN;Sales price unit of measure
OAGRLN;Customer agreement - lines;UWPCOF;Price adjustment factor
OAGRLN;Customer agreement - lines;UWCOFS;Conversion factor - sales price U/M
OAGRLN;Customer agreement - lines;UWDMCS;Conversion method - sales price U/M
OAGRLN;Customer agreement - lines;UWTINC;VAT included
OAGRLN;Customer agreement - lines;UWVTCD;VAT code
OAGRLN;Customer agreement - lines;UWBNCD;Bonus generating
OAGRLN;Customer agreement - lines;UWPRAC;Commission generating
OAGRLN;Customer agreement - lines;UWAGCB;Business chain agreement
OAGRLN;Customer agreement - lines;UWTXID;Text identity
OAGRLN;Customer agreement - lines;UWPRTX;Text identity
OAGRLN;Customer agreement - lines;UWPOTX;Text identity
OAGRLN;Customer agreement - lines;UWDTID;Data identity
OAGRLN;Customer agreement - lines;UWRGDT;Entry date
OAGRLN;Customer agreement - lines;UWRGTM;Entry time
OAGRLN;Customer agreement - lines;UWLMDT;Change date
OAGRLN;Customer agreement - lines;UWCHNO;Change number
OAGRLN;Customer agreement - lines;UWCHID;Changed by
OAGRLN;Customer agreement - lines;UWLMTS;Timestamp
OAGRLN;Customer agreement - lines;UWHDPR;Main product
OAGRLN;Customer agreement - lines;UWOPTY;Y-option
OAGRLN;Customer agreement - lines;UWTX15;Name
OAGRLN;Customer agreement - lines;UWTY15;Name
OAGRLN;Customer agreement - lines;UWOPTX;X-option
OAGRLN;Customer agreement - lines;UWPLDT;Planning date
OAGRLN;Customer agreement - lines;UWORGQ;Original quantity
OAGRLN;Customer agreement - lines;UWORGU;Original U/M
OAGRLN;Customer agreement - lines;UWORGP;Original price list
OAGRLN;Customer agreement - lines;UWORGC;Original currency
OAGRLN;Customer agreement - lines;UWOPTZ;Z-option
OAGRLN;Customer agreement - lines;UWTZ15;Name
OAGRPR;Customer agreement, price;OLCONO;Company
OAGRPR;Customer agreement, price;OLCUNO;Customer
OAGRPR;Customer agreement, price;OLAGNO;Blanket agreement number
OAGRPR;Customer agreement, price;OLFDAT;From date
OAGRPR;Customer agreement, price;OLSTDT;Start date
OAGRPR;Customer agreement, price;OLPREX;Priority
OAGRPR;Customer agreement, price;OLOBV1;Start value 1
OAGRPR;Customer agreement, price;OLOBV2;Start value 2
OAGRPR;Customer agreement, price;OLOBV3;Start value 3
OAGRPR;Customer agreement, price;OLOBV4;Start value 4
OAGRPR;Customer agreement, price;OLQTYL;Lowest quantity limit
OAGRPR;Customer agreement, price;OLDIVI;Division
OAGRPR;Customer agreement, price;OLAGPR;Agreed price
OAGRPR;Customer agreement, price;OLSACD;Sales price quantity
OAGRPR;Customer agreement, price;OLDIPC;Discount
OAGRPR;Customer agreement, price;OLDIPR;Discount amount per unit
OAGRPR;Customer agreement, price;OLNTCD;Net price used
OAGRPR;Customer agreement, price;OLQTLB;Lowest quantity limit
OAGRPR;Customer agreement, price;OLRGDT;Entry date
OAGRPR;Customer agreement, price;OLRGTM;Entry time
OAGRPR;Customer agreement, price;OLLMDT;Change date
OAGRPR;Customer agreement, price;OLCHNO;Change number
OAGRPR;Customer agreement, price;OLCHID;Changed by
OCHEAD;Customer returns header;OCFRSC;Finance reason code
OCHEAD;Customer returns header;OCRETO;Return origin
OCHEAD;Customer returns header;OCCONO;Company
OCHEAD;Customer returns header;OCWHLO;Warehouse
OCHEAD;Customer returns header;OCREPN;Receiving number
OCHEAD;Customer returns header;OCCUNO;Customer
OCHEAD;Customer returns header;OCFACI;Facility
OCHEAD;Customer returns header;OCPYNO;Payer
OCHEAD;Customer returns header;OCORNO;Customer order number
OCHEAD;Customer returns header;OCYREF;Your reference 1
OCHEAD;Customer returns header;OCEPDT;Return date
OCHEAD;Customer returns header;OCRERE;Return responsible
OCHEAD;Customer returns header;OCRESL;Lowest status - customer order return
OCHEAD;Customer returns header;OCRESH;Highest status - customer order return
OCHEAD;Customer returns header;OCCRSB;Lowest status - credit
OCHEAD;Customer returns header;OCCRSH;Highest status - credit
OCHEAD;Customer returns header;OCRSCD;Transaction reason
OCHEAD;Customer returns header;OCCUCD;Currency
OCHEAD;Customer returns header;OCORTP;Customer order type
OCHEAD;Customer returns header;OCDIVI;Division
OCHEAD;Customer returns header;OCDODT;Last printout date
OCHEAD;Customer returns header;OCNREF;Reference number
OCHEAD;Customer returns header;OC3RDP;3rd-party provider
OCHEAD;Customer returns header;OCIVNO;Invoice number
OCHEAD;Customer returns header;OCYEA4;Year
OCHEAD;Customer returns header;OCIDIV;Division
OCHEAD;Customer returns header;OCPRTX;Text identity
OCHEAD;Customer returns header;OCPOTX;Text identity
OCHEAD;Customer returns header;OCTXID;Text identity
OCHEAD;Customer returns header;OCRGDT;Entry date
OCHEAD;Customer returns header;OCRGTM;Entry time
OCHEAD;Customer returns header;OCLMDT;Change date
OCHEAD;Customer returns header;OCCHNO;Change number
OCHEAD;Customer returns header;OCCHID;Changed by
OCHEAD;Customer returns header;OCINPX;Invoice prefix
OCHEAD;Customer returns header;OCEXIN;Extended invoice number
OCHEAD;Customer returns header;OCLMTS;Timestamp
OCHEAD;Customer returns header;OCENNO;Entitlement number
OCHEAD;Customer returns header;OCREOC;Return order category
OCHEAD;Customer returns header;OCRORC;Reference order category
OCHEAD;Customer returns header;OCRORN;Reference order number
OCHEAD;Customer returns header;OCPUDL;Pick-up delivery
OCHEAD;Customer returns header;OCPIRD;Requested pick-up date
OCHEAD;Customer returns header;OCPIRT;Requested pick-up time
OCHEAD;Customer returns header;OCADID;Address number
OCHEAD;Customer returns header;OCPUDP;Dispatch policy for pick-up delivery
OCHEAD;Customer returns header;OCPIDC;Confirmed pick-up date
OCHEAD;Customer returns header;OCPITC;Confirmed pick-up time
OCHEAD;Customer returns header;OCROUT;Route
OCHEAD;Customer returns header;OCRODN;Route departure
OCHEAD;Customer returns header;OCMODL;Delivery method
OCHEAD;Customer returns header;OCTEDL;Delivery terms
OCHEAD;Customer returns header;OCPUDS;Pick-up delivery status
OCHEAD;Customer returns header;OCFWNO;Forwarding agent
OCHEAD;Customer returns header;OCDSDT;Departure date
OCHEAD;Customer returns header;OCDSHM;Departure time
OCLINE;Customer returns - lines;ODCAMU;Container
OCLINE;Customer returns - lines;ODCAW4;Uncredited catch weight
OCLINE;Customer returns - lines;ODDLIX;Delivery number
OCLINE;Customer returns - lines;ODLMTS;Timestamp
OCLINE;Customer returns - lines;ODPANR;Package number
OCLINE;Customer returns - lines;ODREQC;Uncredited quantity
OCLINE;Customer returns - lines;ODRPKG;Returned package
OCLINE;Customer returns - lines;ODCONO;Company
OCLINE;Customer returns - lines;ODWHLO;Warehouse
OCLINE;Customer returns - lines;ODREPN;Receiving number
OCLINE;Customer returns - lines;ODRELI;Order line number
OCLINE;Customer returns - lines;ODFACI;Facility
OCLINE;Customer returns - lines;ODORNO;Customer order number
OCLINE;Customer returns - lines;ODPONR;Order line number
OCLINE;Customer returns - lines;ODPOSX;Line suffix
OCLINE;Customer returns - lines;ODREST;Status - customer order return
OCLINE;Customer returns - lines;ODITNO;Item number
OCLINE;Customer returns - lines;ODWHSL;Location
OCLINE;Customer returns - lines;ODBANO;Lot number
OCLINE;Customer returns - lines;ODRPA5;Inspection officer
OCLINE;Customer returns - lines;ODEPDT;Return date
OCLINE;Customer returns - lines;ODREQ0;Transport notified quantity
OCLINE;Customer returns - lines;ODREQ1;Returned quantity
OCLINE;Customer returns - lines;ODREQ2;Inspection quantity
OCLINE;Customer returns - lines;ODREQ3;Approved quantity
OCLINE;Customer returns - lines;ODREQ4;Returned to supplier
OCLINE;Customer returns - lines;ODREQ5;Returned to customer
OCLINE;Customer returns - lines;ODREQ6;Rejected quantity
OCLINE;Customer returns - lines;ODREQ7;Credited quantity
OCLINE;Customer returns - lines;ODREQ8;Repairable quantity
OCLINE;Customer returns - lines;ODSAPR;Sales price
OCLINE;Customer returns - lines;ODUCOS;Cost price
OCLINE;Customer returns - lines;ODRSCD;Transaction reason
OCLINE;Customer returns - lines;ODCRES;Status - credit
OCLINE;Customer returns - lines;ODSTCD;Inventory accounting
OCLINE;Customer returns - lines;ODDIVI;Division
OCLINE;Customer returns - lines;ODCAWE;Catch weight
OCLINE;Customer returns - lines;ODCAW2;Catch weight for credit
OCLINE;Customer returns - lines;ODBREF;Lot reference 1
OCLINE;Customer returns - lines;ODBRE2;Lot reference 2
OCLINE;Customer returns - lines;ODPRTX;Text identity
OCLINE;Customer returns - lines;ODPOTX;Text identity
OCLINE;Customer returns - lines;ODTXID;Text identity
OCLINE;Customer returns - lines;ODRESX;Line suffix
OCLINE;Customer returns - lines;ODLTYP;Line type
OCLINE;Customer returns - lines;ODSACD;Sales price quantity
OCLINE;Customer returns - lines;ODINPR;Internal transfer price
OCLINE;Customer returns - lines;ODCUCT;Internal transfer currency
OCLINE;Customer returns - lines;ODRGDT;Entry date
OCLINE;Customer returns - lines;ODRGTM;Entry time
OCLINE;Customer returns - lines;ODLMDT;Change date
OCLINE;Customer returns - lines;ODCHNO;Change number
OCLINE;Customer returns - lines;ODCHID;Changed by
OCLINE;Customer returns - lines;ODPRHL;Product number highest level
OCLINE;Customer returns - lines;ODSERN;Serial number
OCLINE;Customer returns - lines;ODCTNO;Agreement number
OCLINE;Customer returns - lines;ODAPBA;Material price method
OCLINE;Customer returns - lines;ODCFGL;Position
OCLINE;Customer returns - lines;ODGWTP;Granted warranty type
OCLINE;Customer returns - lines;ODWATP;Warranty type
OCLINE;Customer returns - lines;ODAGNB;Agreement number
OCLINE;Customer returns - lines;ODCTNS;Agreement number
OCLINE;Customer returns - lines;ODATNR;Attribute number
OCLINE;Customer returns - lines;ODTECN;Tax exemption contract number
OCLINE;Customer returns - lines;ODINAP;Industry application
OCLINE;Customer returns - lines;ODCPOL;Core policy
OCLINE;Customer returns - lines;ODCUNO;Customer
OCLINE;Customer returns - lines;ODENNO;Entitlement number
OCLINE;Customer returns - lines;ODPRMO;Price origin
OCLINE;Customer returns - lines;ODRORC;Reference order category
OCLINE;Customer returns - lines;ODRORN;Reference order number
OCLINE;Customer returns - lines;ODRORL;Reference order line
OCLINE;Customer returns - lines;ODRORX;Line suffix
OCUMOT;Cumulative amounts for order total disc;O3CONO;Company
OCUMOT;Cumulative amounts for order total disc;O3ORNO;Customer order number
OCUMOT;Cumulative amounts for order total disc;O3OTDP;Order total discount - percentage
OCUMOT;Cumulative amounts for order total disc;O3NTAM;Net order value
OCUMOT;Cumulative amounts for order total disc;O3DIAM;Discount amount
OCUMOT;Cumulative amounts for order total disc;O3ODAM;Order total discount
OCUMOT;Cumulative amounts for order total disc;O3DIBE;Discount base
OCUMOT;Cumulative amounts for order total disc;O3RGDT;Entry date
OCUMOT;Cumulative amounts for order total disc;O3RGTM;Entry time
OCUMOT;Cumulative amounts for order total disc;O3LMDT;Change date
OCUMOT;Cumulative amounts for order total disc;O3CHNO;Change number
OCUMOT;Cumulative amounts for order total disc;O3CHID;Changed by
OCUSAD;Customer address;OPCONO;Company
OCUSAD;Customer address;OPCUNO;Customer
OCUSAD;Customer address;OPADRT;Address type
OCUSAD;Customer address;OPADID;Address number
OCUSAD;Customer address;OPDIVI;Division
OCUSAD;Customer address;OPCUNM;Name
OCUSAD;Customer address;OPCUA1;Address line 1
OCUSAD;Customer address;OPCUA2;Address line 2
OCUSAD;Customer address;OPCUA3;Address line 3
OCUSAD;Customer address;OPCUA4;Address line 4
OCUSAD;Customer address;OPPONO;Postal code
OCUSAD;Customer address;OPEALO;EAN location code
OCUSAD;Customer address;OPECAR;State
OCUSAD;Customer address;OPRONO;Run
OCUSAD;Customer address;OPMODL;Delivery method
OCUSAD;Customer address;OPTEDL;Delivery terms
OCUSAD;Customer address;OPTEL2;Terms text
OCUSAD;Customer address;OPPHNO;Telephone number 1
OCUSAD;Customer address;OPTFNO;Facsimile transmission number
OCUSAD;Customer address;OPYREF;Your reference 1
OCUSAD;Customer address;OPLSID;User
OCUSAD;Customer address;OPLSAD;Address
OCUSAD;Customer address;OPMEAL;Valid media
OCUSAD;Customer address;OPCSCD;Country
OCUSAD;Customer address;OPVRNO;VAT registration number
OCUSAD;Customer address;OPEDES;Place
OCUSAD;Customer address;OPROUT;Route
OCUSAD;Customer address;OPRODN;Route departure
OCUSAD;Customer address;OPULZO;Unloading zone
OCUSAD;Customer address;OPCESA;Marketing ID - M3 SMS
OCUSAD;Customer address;OPGEOC;Geographical code
OCUSAD;Customer address;OPTAXC;Tax code customer/address
OCUSAD;Customer address;OPHAFE;Harbor or airport
OCUSAD;Customer address;OPTEPA;Packaging terms
OCUSAD;Customer address;OPCALV;Calendar version
OCUSAD;Customer address;OPDLPA;Delivery pattern
OCUSAD;Customer address;OPDNVA;Delivery note variant
OCUSAD;Customer address;OPLAVA;Label variant
OCUSAD;Customer address;OPFVDT;Valid from
OCUSAD;Customer address;OPLVDT;Valid to
OCUSAD;Customer address;OPDTID;Data identity
OCUSAD;Customer address;OPSPLM;Supply model
OCUSAD;Customer address;OPBCKO;Backorder
OCUSAD;Customer address;OPPADL;Partial delivery
OCUSAD;Customer address;OPTOWN;City
OCUSAD;Customer address;OPPNOD;Planning node
OCUSAD;Customer address;OPADVI;Ship-via address
OCUSAD;Customer address;OPTXID;Text identity
OCUSAD;Customer address;OPRGDT;Entry date
OCUSAD;Customer address;OPRGTM;Entry time
OCUSAD;Customer address;OPLMDT;Change date
OCUSAD;Customer address;OPCHNO;Change number
OCUSAD;Customer address;OPCHID;Changed by
OCUSAD;Customer address;OPLMTS;Timestamp
OCUSAD;Customer address;OPGEOX;Geographic code X
OCUSAD;Customer address;OPGEOY;Geographic code Y
OCUSAD;Customer address;OPGEOZ;Geographic code  Z
OCUSAD;Customer address;OPBOP1;Automatic closing
OCUSAD;Customer address;OPVAAD;Valid address
OCUSAD;Customer address;OPPRIO;Priority
OCUSAD;Customer address;OPFRCO;County ID
OCUSAD;Customer address;OPSPLE;Standard point location code
OCUSAD;Customer address;OPRASN;Rail station
OCUSAD;Customer address;OPADCG;Address category
OCUSMA;Customer;OKCASC;Cash customer
OCUSMA;Customer;OKEXDF;Exclude doubtful allowance
OCUSMA;Customer;OKRCPP;Payment receipt document
OCUSMA;Customer;OKCONO;Company
OCUSMA;Customer;OKCUNO;Customer
OCUSMA;Customer;OKDIVI;Division
OCUSMA;Customer;OKSTAT;Status
OCUSMA;Customer;OKCUCL;Customer group
OCUSMA;Customer;OKCUTP;Customer type
OCUSMA;Customer;OKALCU;Search key
OCUSMA;Customer;OKCUNM;Name
OCUSMA;Customer;OKCUA1;Address line 1
OCUSMA;Customer;OKCUA2;Address line 2
OCUSMA;Customer;OKCUA3;Address line 3
OCUSMA;Customer;OKCUA4;Address line 4
OCUSMA;Customer;OKADID;Address number
OCUSMA;Customer;OKADBO;Separate invoices
OCUSMA;Customer;OKPHNO;Telephone number 1
OCUSMA;Customer;OKPHN2;Telephone number 2
OCUSMA;Customer;OKTFNO;Facsimile transmission number
OCUSMA;Customer;OKCORG;Organization number 1
OCUSMA;Customer;OKCOR2;Organization number 2
OCUSMA;Customer;OKYREF;Your reference 1
OCUSMA;Customer;OKYRE2;Your reference 2
OCUSMA;Customer;OKOREF;Our reference
OCUSMA;Customer;OKCUSU;Our supplier number at customer
OCUSMA;Customer;OKEXCD;Service charge
OCUSMA;Customer;OKTEPY;Payment terms
OCUSMA;Customer;OKOT75;Self invoicing
OCUSMA;Customer;OKTECD;Cash discount term
OCUSMA;Customer;OKTEDL;Delivery terms
OCUSMA;Customer;OKMODL;Delivery method
OCUSMA;Customer;OKSMCD;Salesperson
OCUSMA;Customer;OKRESP;Responsible
OCUSMA;Customer;OKRONO;Run
OCUSMA;Customer;OKDIPC;Discount
OCUSMA;Customer;OKDISY;Discount model
OCUSMA;Customer;OKDIGC;Discount group - customer
OCUSMA;Customer;OKVTCD;VAT code
OCUSMA;Customer;OKTXAP;Tax applicable
OCUSMA;Customer;OKCUCD;Currency
OCUSMA;Customer;OKCRTP;Exchange rate type
OCUSMA;Customer;OKPLTB;Price list table
OCUSMA;Customer;OKPRVG;Commission group
OCUSMA;Customer;OKBREC;Recipient b/c agreement
OCUSMA;Customer;OKDTFM;Date format
OCUSMA;Customer;OKEDIT;Date editing
OCUSMA;Customer;OKORTP;Customer order type
OCUSMA;Customer;OKWHLO;Warehouse
OCUSMA;Customer;OKPRIC;Price printout
OCUSMA;Customer;OKSDST;District
OCUSMA;Customer;OKCSCD;Country
OCUSMA;Customer;OKAGNT;Recipient agreement type 1 - commission
OCUSMA;Customer;OKAGN2;Recipient agreement type 2 - commission
OCUSMA;Customer;OKAGN3;Recipient agreement type 3 - commission
OCUSMA;Customer;OKAGN4;Recipient agreement type 4 - commission
OCUSMA;Customer;OKAGN5;Recipient agreement type 5 - commission
OCUSMA;Customer;OKAGN6;Recipient agreement type 6 - commission
OCUSMA;Customer;OKAGN7;Recipient agreement type 7 - commission
OCUSMA;Customer;OKINSU;Insurance agent
OCUSMA;Customer;OKPYNO;Payer
OCUSMA;Customer;OKCUST;Statistics customer
OCUSMA;Customer;OKTEPA;Packaging terms
OCUSMA;Customer;OKLHCD;Language
OCUSMA;Customer;OKCRLM;Credit limit 1
OCUSMA;Customer;OKCRL2;Credit limit 2
OCUSMA;Customer;OKCRL3;Credit limit 3
OCUSMA;Customer;OKBLCD;Customer stop
OCUSMA;Customer;OKPRIO;Priority
OCUSMA;Customer;OKTBLG;Not used
OCUSMA;Customer;OKTOIN;Not used
OCUSMA;Customer;OKTDIN;Not used
OCUSMA;Customer;OKLIDT;Not used
OCUSMA;Customer;OKININ;End date - invoicing range
OCUSMA;Customer;OKACRF;User-defined accounting control object
OCUSMA;Customer;OKAICD;Summary invoice
OCUSMA;Customer;OKBOCD;Backorder permitted
OCUSMA;Customer;OKFRE1;Statistics identity 1 customer
OCUSMA;Customer;OKFRE2;Statistics identity 2 customer
OCUSMA;Customer;OKBGRP;Bonus group
OCUSMA;Customer;OKDOGR;Customer document group
OCUSMA;Customer;OKBLII;Interest invoicing
OCUSMA;Customer;OKIICT;Interest rule
OCUSMA;Customer;OKCLCD;Collection
OCUSMA;Customer;OKBLPR;Payment reminder code
OCUSMA;Customer;OKRMCT;Payment reminder rule
OCUSMA;Customer;OKBLAC;Advice code
OCUSMA;Customer;OKADCA;Advice rule
OCUSMA;Customer;OKPYDI;Payment instruction
OCUSMA;Customer;OKPONO;Postal code
OCUSMA;Customer;OKAUGI;Auto giro
OCUSMA;Customer;OKAGPA;Autogiro payer
OCUSMA;Customer;OKCCUS;Company group customer number
OCUSMA;Customer;OKWAYB;Waybill
OCUSMA;Customer;OKADTG;Address tag
OCUSMA;Customer;OKODTG;Odette-tag
OCUSMA;Customer;OKMAIL;Mail type
OCUSMA;Customer;OKENHD;Document
OCUSMA;Customer;OKEURI;EUR1 certificate
OCUSMA;Customer;OKEDIP;EDI-package note
OCUSMA;Customer;OKCFC1;User-defined field 1 - customer
OCUSMA;Customer;OKCFC2;User-defined field 2 - customer
OCUSMA;Customer;OKCFC3;User-defined field 3 - customer
OCUSMA;Customer;OKCFC4;User-defined field 4 - customer
OCUSMA;Customer;OKCFC5;User-defined field 5 - customer
OCUSMA;Customer;OKCFC6;User-defined field 6 - customer
OCUSMA;Customer;OKCFC7;User-defined field 7 - customer
OCUSMA;Customer;OKCFC8;User-defined field 8 - customer
OCUSMA;Customer;OKCFC9;User-defined field 9 - customer
OCUSMA;Customer;OKCFC0;User-defined field 10 - customer
OCUSMA;Customer;OKLSID;User
OCUSMA;Customer;OKLSAD;Address
OCUSMA;Customer;OKMEAL;Valid media
OCUSMA;Customer;OKVRNO;VAT registration number
OCUSMA;Customer;OKAGCH;Agreement check - order header
OCUSMA;Customer;OKAGCT;Agreement check - order lines
OCUSMA;Customer;OKDUCD;Due date base
OCUSMA;Customer;OKUSR1;Credit limit 1 changed by
OCUSMA;Customer;OKUSR2;Credit limit 2 changed by
OCUSMA;Customer;OKUSR3;Credit limit 3 changed by
OCUSMA;Customer;OKDTE1;Change date - credit limit 1
OCUSMA;Customer;OKDTE2;Change date - credit limit 2
OCUSMA;Customer;OKDTE3;Change date - credit limit 3
OCUSMA;Customer;OKCDRC;Credit department reference
OCUSMA;Customer;OKINCO;Insurance company
OCUSMA;Customer;OKINSN;Insurance number
OCUSMA;Customer;OKCUIC;Customer number at the insurance company
OCUSMA;Customer;OKINSS;Insurance status
OCUSMA;Customer;OKNALI;Unapproved limit
OCUSMA;Customer;OKDTL1;Change date not approved limit
OCUSMA;Customer;OKUSL1;Changed by
OCUSMA;Customer;OKINLI;Insurance limit
OCUSMA;Customer;OKDTL2;Change date insurance limit
OCUSMA;Customer;OKUSL2;Changed by
OCUSMA;Customer;OKVRCD;Business type - trade statistics (TST)
OCUSMA;Customer;OKEDES;Place
OCUSMA;Customer;OKROUT;Route
OCUSMA;Customer;OKRODN;Route departure
OCUSMA;Customer;OKULZO;Unloading zone
OCUSMA;Customer;OKECLC;Labor code - trade statistics (TST)
OCUSMA;Customer;OKECF1;User-defined TST field 1
OCUSMA;Customer;OKECF2;User-defined TST field 2
OCUSMA;Customer;OKECF3;User-defined TST field 3
OCUSMA;Customer;OKECF4;User-defined TST field  4
OCUSMA;Customer;OKECF5;User-defined TST field 5
OCUSMA;Customer;OKPYCD;Payment method - accounts receivable
OCUSMA;Customer;OKGRPY;Group invoice
OCUSMA;Customer;OKTXID;Text identity
OCUSMA;Customer;OKSERC;Service code
OCUSMA;Customer;OKSRES;Service manager
OCUSMA;Customer;OKTECH;Technician
OCUSMA;Customer;OKTRTI;Planned travel time
OCUSMA;Customer;OKLZON;Service zone
OCUSMA;Customer;OKDIST;Number of kilometer
OCUSMA;Customer;OKTVCD;Travel type
OCUSMA;Customer;OKSOTP;Service order type
OCUSMA;Customer;OKMTIC;Credit check - MTI
OCUSMA;Customer;OKPWMT;PIN code
OCUSMA;Customer;OKBPCD;Buying pattern type
OCUSMA;Customer;OKBPEX;Buying pattern exception
OCUSMA;Customer;OKACHK;Assortment check
OCUSMA;Customer;OKTINC;VAT included
OCUSMA;Customer;OKBUSE;Bonus and/or commission active
OCUSMA;Customer;OKTCEX;Included in business chain
OCUSMA;Customer;OKPYOP;Search path - payer
OCUSMA;Customer;OKALWT;Alias category
OCUSMA;Customer;OKPOPN;Alias number
OCUSMA;Customer;OKSOOP;Not used
OCUSMA;Customer;OKPRS1;Price list SO
OCUSMA;Customer;OKPRS2;Price list 2 SO
OCUSMA;Customer;OKPRS3;Price list 3 SO
OCUSMA;Customer;OKPRS4;Price list 4 SO
OCUSMA;Customer;OKPRS5;Price list 5 SO
OCUSMA;Customer;OKDMSO;Discount model SO
OCUSMA;Customer;OKLSOI;Last SO invoice date
OCUSMA;Customer;OKODUD;Credit limit 4
OCUSMA;Customer;OKODUE;Not used
OCUSMA;Customer;OKEALO;EAN location code
OCUSMA;Customer;OKECAR;State
OCUSMA;Customer;OKGEOC;Geographical code
OCUSMA;Customer;OKTECN;Tax exemption contract number
OCUSMA;Customer;OKTEEC;Tax exemption expiry date
OCUSMA;Customer;OKAGPY;Payer - postal giro
OCUSMA;Customer;OKAGCP;Clearing number
OCUSMA;Customer;OKAGAC;Bank account number - postal giro
OCUSMA;Customer;OKAGBP;Payer - bank giro
OCUSMA;Customer;OKACLB;Clearing number
OCUSMA;Customer;OKAACB;Bank account number - bank giro
OCUSMA;Customer;OKAGPN;Personal ID
OCUSMA;Customer;OKAGBG;Bank giro number
OCUSMA;Customer;OKAGPG;Postal giro number
OCUSMA;Customer;OKAGCA;Cancellation
OCUSMA;Customer;OKAGTD;Transmission date
OCUSMA;Customer;OKAGTN;Transmission number
OCUSMA;Customer;OKINRC;Invoice recipient
OCUSMA;Customer;OKCESA;Marketing ID - M3 SMS
OCUSMA;Customer;OKCHSY;Line charge model
OCUSMA;Customer;OKTAXC;Tax code customer/address
OCUSMA;Customer;OKHAFE;Harbor or airport
OCUSMA;Customer;OKOT89;Check planned split
OCUSMA;Customer;OKPRDL;Print delivery information
OCUSMA;Customer;OKMCON;Mandatory entry of customer's order no.
OCUSMA;Customer;OKRAN1;Fixed due date
OCUSMA;Customer;OKRAN2;Fixed due date
OCUSMA;Customer;OKRAN3;Fixed due date
OCUSMA;Customer;OKRAN4;Fixed due date
OCUSMA;Customer;OKQUCK;Quotation check
OCUSMA;Customer;OKIVGP;Invoicing group
OCUSMA;Customer;OKACEI;Advance invoicing of ECI
OCUSMA;Customer;OKVDLA;Display valid delivery addresses
OCUSMA;Customer;OKFACI;Facility
OCUSMA;Customer;OKDTID;Data identity
OCUSMA;Customer;OKDESV;Alternate lang for option description
OCUSMA;Customer;OKCHCL;Charge calculation
OCUSMA;Customer;OKMCOS;CO number mandatory
OCUSMA;Customer;OKSPLM;Supply model
OCUSMA;Customer;OKEXPT;Exclude payment terms
OCUSMA;Customer;OKATPR;Attribute pricing rule
OCUSMA;Customer;OKACGR;Object access group
OCUSMA;Customer;OKSTMS;Statement code
OCUSMA;Customer;OKSTMR;Statement rule
OCUSMA;Customer;OKBCKO;Backorder
OCUSMA;Customer;OKPADL;Partial delivery
OCUSMA;Customer;OKTOWN;City
OCUSMA;Customer;OKADVI;Ship-via address
OCUSMA;Customer;OKESAL;E-Sales customer
OCUSMA;Customer;OKRGDT;Entry date
OCUSMA;Customer;OKRGTM;Entry time
OCUSMA;Customer;OKLMDT;Change date
OCUSMA;Customer;OKCHNO;Change number
OCUSMA;Customer;OKCHID;Changed by
OCUSMA;Customer;OKLMTS;Timestamp
OCUSMA;Customer;OKSCED;Delivery regrouping
OCUSMA;Customer;OKOT86;External prices
OCUSMA;Customer;OKBOP1;Automatic closing
OCUSMA;Customer;OKRPLT;Rental price list table
OCUSMA;Customer;OKRDIS;Rental discount model
OCUSMA;Customer;OKRPYN;Rental payer
OCUSMA;Customer;OKRTEP;Rental payment terms
OCUSMA;Customer;OKRSMC;Rental salesperson
OCUSMA;Customer;OKTRSU;Trade-in supplier
OCUSMA;Customer;OKAOTP;Agreement order type
OCUSMA;Customer;OKFRCO;County ID
OCUSMA;Customer;OKSPLE;Standard point location code
OCUSMA;Customer;OKRASN;Rail station
OCUSMA;Customer;OKST75;Rental rate type
OCUSMA;Customer;OKST76;Number of shifts
OCUSMA;Customer;OKST77;Number of days per week
OCUSMA;Customer;OKST78;Minimum days/week to invoice a week
OCUSMA;Customer;OKRAFA;Rate factor
OCUSMA;Customer;OKMRTP;Minimum rental type
OCUSMA;Customer;OKMINV;Minimum order value
OCUSMA;Customer;OKMIHP;Minimum rental period
OCUSMA;Customer;OKRTYR;Return years - open agreement
OCUSMA;Customer;OKRTMO;Return months - open agreement
OCUSMA;Customer;OKIIYR;Invoicing interval - years
OCUSMA;Customer;OKIIMO;Invoicing interval - months
OCUSMA;Customer;OKIIDA;Invoicing interval - days
OCUSMA;Customer;OKDPOT;Rental depot
OCUSMA;Customer;OKDPCD;Pricing and discount setting
OCUSMA;Customer;OKOOTP;Override order type
OCUSMA;Customer;OKHIFD;Hold invoice until fully delivered
OCUSMA;Customer;OKENCD;Use code
OCUSMA;Customer;OKSEOL;Select oldest
OCUSMA;Customer;OKPYGR;Credit group
OCUSMA;Customer;OKSETA;Tax regime
OCUSMA;Customer;OKTAGY;Trade agreement model
OCUSMA;Customer;OKOPAY;Accounts payable payout
ODCHRG;CO charge;USCONO;Company
ODCHRG;CO charge;USCRID;Charge
ODCHRG;CO charge;USDIVI;Division
ODCHRG;CO charge;USCRTY;Internal charge
ODCHRG;CO charge;USHACD;Debit frequency
ODCHRG;CO charge;USACRF;User-defined accounting control object
ODCHRG;CO charge;USCRD0;Description
ODCHRG;CO charge;USCRAM;Charge
ODCHRG;CO charge;USCRME;Calculation method
ODCHRG;CO charge;USCRFA;Calculation factor
ODCHRG;CO charge;USCRN1;Included in cost total 1
ODCHRG;CO charge;USCRN2;Included in cost total 2
ODCHRG;CO charge;USCRN3;Included in cost total 3
ODCHRG;CO charge;USCRN4;Included in cost total 4
ODCHRG;CO charge;USCRN5;Included in cost total 5
ODCHRG;CO charge;USVTCD;VAT code
ODCHRG;CO charge;USCUCD;Currency
ODCHRG;CO charge;USTAXC;Tax code customer/address
ODCHRG;CO charge;USTXID;Text identity
ODCHRG;CO charge;USRGDT;Entry date
ODCHRG;CO charge;USRGTM;Entry time
ODCHRG;CO charge;USLMDT;Change date
ODCHRG;CO charge;USCHNO;Change number
ODCHRG;CO charge;USCHID;Changed by
ODCHRG;CO charge;USLMTS;Timestamp
ODCHRG;CO charge;USFEXS;From external system
ODCHRG;CO charge;USPRCE;Preliminary charge
ODCHRG;CO charge;USCEID;Costing element
ODHEAD;CO delivery;UARWHL;Return warehouse
ODHEAD;CO delivery;UACONO;Company
ODHEAD;CO delivery;UAORNO;Customer order number
ODHEAD;CO delivery;UADLIX;Delivery number
ODHEAD;CO delivery;UAWHLO;Warehouse
ODHEAD;CO delivery;UATEPY;Payment terms
ODHEAD;CO delivery;UADIVI;Division
ODHEAD;CO delivery;UAFACI;Facility
ODHEAD;CO delivery;UAORTP;Customer order type
ODHEAD;CO delivery;UACUNO;Customer
ODHEAD;CO delivery;UAPYNO;Payer
ODHEAD;CO delivery;UAOPRI;Priority
ODHEAD;CO delivery;UAPLRI;Wave number
ODHEAD;CO delivery;UADNNO;Delivery note number
ODHEAD;CO delivery;UAORST;Highest status - customer order
ODHEAD;CO delivery;UADLDT;Planned delivery date
ODHEAD;CO delivery;UADLTM;Time of delivery
ODHEAD;CO delivery;UAIVNO;Invoice number
ODHEAD;CO delivery;UAYEA4;Year
ODHEAD;CO delivery;UAIVDT;Invoice date
ODHEAD;CO delivery;UAINTM;Invoicing time
ODHEAD;CO delivery;UACUCD;Currency
ODHEAD;CO delivery;UARAIN;Invoice rate
ODHEAD;CO delivery;UAACDT;Accounting date
ODHEAD;CO delivery;UAFECN;Future rate agreement number
ODHEAD;CO delivery;UABRAM;Order value gross
ODHEAD;CO delivery;UANTAM;Net order value
ODHEAD;CO delivery;UAGRWE;Gross weight
ODHEAD;CO delivery;UANEWE;Net weight
ODHEAD;CO delivery;UAVOL3;Volume
ODHEAD;CO delivery;UAAICD;Summary invoice
ODHEAD;CO delivery;UAMODL;Delivery method
ODHEAD;CO delivery;UATEDL;Delivery terms
ODHEAD;CO delivery;UAADID;Address number
ODHEAD;CO delivery;UACONN;Shipment
ODHEAD;CO delivery;UAIVGP;Invoicing group
ODHEAD;CO delivery;UAUPST;Update sales statistics
ODHEAD;CO delivery;UAUPIS;Update INTRASTAT
ODHEAD;CO delivery;UAINRC;Invoice recipient
ODHEAD;CO delivery;UAAPBY;Approved by signature
ODHEAD;CO delivery;UAAPDT;Date approved
ODHEAD;CO delivery;UATXID;Text identity
ODHEAD;CO delivery;UAPRTX;Text identity
ODHEAD;CO delivery;UAPOTX;Text identity
ODHEAD;CO delivery;UADTID;Data identity
ODHEAD;CO delivery;UAROUT;Route
ODHEAD;CO delivery;UARODN;Route departure
ODHEAD;CO delivery;UAORS1;Delivery approval required
ODHEAD;CO delivery;UAORS2;Recalculate preliminary price
ODHEAD;CO delivery;UAPROJ;Project number
ODHEAD;CO delivery;UAELNO;Project element
ODHEAD;CO delivery;UAPRST;Previous status
ODHEAD;CO delivery;UARGDT;Entry date
ODHEAD;CO delivery;UA3RDP;3rd-party provider
ODHEAD;CO delivery;UANREF;Reference number
ODHEAD;CO delivery;UARGTM;Entry time
ODHEAD;CO delivery;UALMDT;Change date
ODHEAD;CO delivery;UACHNO;Change number
ODHEAD;CO delivery;UACHID;Changed by
ODHEAD;CO delivery;UARYEA;Year
ODHEAD;CO delivery;UARIVN;Invoice number
ODHEAD;CO delivery;UARDLX;Corrected delivery number
ODHEAD;CO delivery;UADBCR;Debit/credit code
ODHEAD;CO delivery;UACIME;Corrective method
ODHEAD;CO delivery;UAINPX;Invoice prefix
ODHEAD;CO delivery;UAEXIN;Extended invoice number
ODHEAD;CO delivery;UARINP;Reference - invoice prefix
ODHEAD;CO delivery;UARXIN;Reference - extended invoice number
ODHEAD;CO delivery;UALMTS;Timestamp
ODHEAD;CO delivery;UACUCH;Customer channel ID
ODHEAD;CO delivery;UACCAC;Activity
ODHEAD;CO delivery;UADECU;Delivery customer
ODHEAD;CO delivery;UAVRGD;VAT on GDNI reported
ODHEAD;CO delivery;UARLBY;Responsible
ODHEAD;CO delivery;UARELD;Release date
ODHEAD;CO delivery;UACDNU;Chronological delivery note number
ODHEAD;CO delivery;UACDDE;Chronological dely note no creation date
ODHEAD;CO delivery;UAADLX;Actual delivery number
ODHEAD;CO delivery;UAORS3;Preliminary charges
ODHEAD;CO delivery;UARSCD;Transaction reason
ODHEAD;CO delivery;UAGRN0;Goods responsibility not transferred
ODHEAD;CO delivery;UAMTXD;Modified tax date
ODLINE;Delivery customer order, line;UBDAMT;Deposit amount
ODLINE;Delivery customer order, line;UBDIA7;Discount amount 7
ODLINE;Delivery customer order, line;UBDIA8;Discount amount 8
ODLINE;Delivery customer order, line;UBDIC7;Status - discount
ODLINE;Delivery customer order, line;UBDIC8;Status - discount
ODLINE;Delivery customer order, line;UBDIP7;Discount 7
ODLINE;Delivery customer order, line;UBDIP8;Discount 8
ODLINE;Delivery customer order, line;UBDVAT;Deposit VAT
ODLINE;Delivery customer order, line;UBCONO;Company
ODLINE;Delivery customer order, line;UBORNO;Customer order number
ODLINE;Delivery customer order, line;UBPONR;Order line number
ODLINE;Delivery customer order, line;UBPOSX;Line suffix
ODLINE;Delivery customer order, line;UBDLIX;Delivery number
ODLINE;Delivery customer order, line;UBWHLO;Warehouse
ODLINE;Delivery customer order, line;UBTEPY;Payment terms
ODLINE;Delivery customer order, line;UBDIVI;Division
ODLINE;Delivery customer order, line;UBFACI;Facility
ODLINE;Delivery customer order, line;UBLTYP;Line type
ODLINE;Delivery customer order, line;UBITNO;Item number
ODLINE;Delivery customer order, line;UBDLQT;Delivered quantity - basic U/M
ODLINE;Delivery customer order, line;UBDLQA;Delivered quantity - alternate U/M
ODLINE;Delivery customer order, line;UBDLQS;Delivered quantity - sales price U/M
ODLINE;Delivery customer order, line;UBIVQT;Invoiced quantity - basic U/M
ODLINE;Delivery customer order, line;UBIVQA;Invoiced quantity - alternate U/M
ODLINE;Delivery customer order, line;UBIVQS;Invoiced quantity - sales price U/M
ODLINE;Delivery customer order, line;UBCHQT;Quantity difference
ODLINE;Delivery customer order, line;UBSAPR;Sales price
ODLINE;Delivery customer order, line;UBNEPR;Net price
ODLINE;Delivery customer order, line;UBSACD;Sales price quantity
ODLINE;Delivery customer order, line;UBPRMO;Price origin
ODLINE;Delivery customer order, line;UBDIC1;Status - discount
ODLINE;Delivery customer order, line;UBDIC2;Status - discount
ODLINE;Delivery customer order, line;UBDIC3;Status - discount
ODLINE;Delivery customer order, line;UBDIC4;Status - discount
ODLINE;Delivery customer order, line;UBDIC5;Status - discount
ODLINE;Delivery customer order, line;UBDIC6;Status - discount
ODLINE;Delivery customer order, line;UBDIP1;Discount 1
ODLINE;Delivery customer order, line;UBDIP2;Discount 2
ODLINE;Delivery customer order, line;UBDIP3;Discount 3
ODLINE;Delivery customer order, line;UBDIP4;Discount 4
ODLINE;Delivery customer order, line;UBDIP5;Discount 5
ODLINE;Delivery customer order, line;UBDIP6;Discount 6
ODLINE;Delivery customer order, line;UBDIA1;Discount amount 1
ODLINE;Delivery customer order, line;UBDIA2;Discount amount 2
ODLINE;Delivery customer order, line;UBDIA3;Discount amount 3
ODLINE;Delivery customer order, line;UBDIA4;Discount amount 4
ODLINE;Delivery customer order, line;UBDIA5;Discount amount 5
ODLINE;Delivery customer order, line;UBDIA6;Discount amount 6
ODLINE;Delivery customer order, line;UBLNAM;Line amount - order currency
ODLINE;Delivery customer order, line;UBSTCD;Inventory accounting
ODLINE;Delivery customer order, line;UBPRCH;Price adjustment line
ODLINE;Delivery customer order, line;UBUCOS;Cost price
ODLINE;Delivery customer order, line;UBUCCD;Standard cost code
ODLINE;Delivery customer order, line;UBDCOS;Issued cost amount
ODLINE;Delivery customer order, line;UBALUN;Alternate U/M
ODLINE;Delivery customer order, line;UBSPUN;Sales price unit of measure
ODLINE;Delivery customer order, line;UBCMNO;Sales campaign
ODLINE;Delivery customer order, line;UBSUNO;Supplier
ODLINE;Delivery customer order, line;UBPRTX;Text identity
ODLINE;Delivery customer order, line;UBPOTX;Text identity
ODLINE;Delivery customer order, line;UBDTID;Data identity
ODLINE;Delivery customer order, line;UBINPR;Internal transfer price
ODLINE;Delivery customer order, line;UBCUCT;Internal transfer currency
ODLINE;Delivery customer order, line;UBHDPR;Main product
ODLINE;Delivery customer order, line;UBIVNO;Invoice number
ODLINE;Delivery customer order, line;UBYEA4;Year
ODLINE;Delivery customer order, line;UBCUOR;Customer's order number
ODLINE;Delivery customer order, line;UBPRPR;Preliminary price
ODLINE;Delivery customer order, line;UBPROJ;Project number
ODLINE;Delivery customer order, line;UBELNO;Project element
ODLINE;Delivery customer order, line;UBRGDT;Entry date
ODLINE;Delivery customer order, line;UBRGTM;Entry time
ODLINE;Delivery customer order, line;UBLMDT;Change date
ODLINE;Delivery customer order, line;UBCHNO;Change number
ODLINE;Delivery customer order, line;UBCHID;Changed by
ODLINE;Delivery customer order, line;UBRTQA;Returned quantity - alternate U/M
ODLINE;Delivery customer order, line;UBRTQT;Returned quantity - basic U/M
ODLINE;Delivery customer order, line;UBAPBA;Material price method
ODLINE;Delivery customer order, line;UBWATP;Warranty type
ODLINE;Delivery customer order, line;UBGWTP;Granted warranty type
ODLINE;Delivery customer order, line;UBINPX;Invoice prefix
ODLINE;Delivery customer order, line;UBEXIN;Extended invoice number
ODLINE;Delivery customer order, line;UBPIDE;Promotion
ODLINE;Delivery customer order, line;UBPCLA;Supplier rebate
ODLINE;Delivery customer order, line;UBDECU;Delivery customer
ODLINE;Delivery customer order, line;UBDPCL;Pending rebate claim amount
ODLINE;Delivery customer order, line;UBSCLB;Supplier rebate base
ODLINE;Delivery customer order, line;UBLNCL;Line classification
ODLINE;Delivery customer order, line;UBRAGN;Supplier rebate on sales agreement
ODLINE;Delivery customer order, line;UBCLAT;Supplier rebate reference type
ODLINE;Delivery customer order, line;UBCAWE;Catch weight
ODLINE;Delivery customer order, line;UBCHQS;Quantity difference sales price U/M
ODLINE;Delivery customer order, line;UBMIGI;Internal migration status
ODLINE;Delivery customer order, line;UBLMTS;Timestamp
ODLINE;Delivery customer order, line;UBCLRT;Retrospective supplier rebate inv trans
ODLINE;Delivery customer order, line;UBCICW;Corrective invoice catch weight
ODLINE;Delivery customer order, line;UBISUN;Internal supplier
ODTXTH;Permanent text, head;UVCONO;Company
ODTXTH;Permanent text, head;UVTXCD;Text type
ODTXTH;Permanent text, head;UVTXKY;Text identity
ODTXTH;Permanent text, head;UVLNCD;Language
ODTXTH;Permanent text, head;UVSTDT;Start date
ODTXTH;Permanent text, head;UVDIVI;Division
ODTXTH;Permanent text, head;UVTXDE;Text description
ODTXTH;Permanent text, head;UVTXDO;Print code
ODTXTH;Permanent text, head;UVTXPR;Text place
ODTXTH;Permanent text, head;UVENDT;Finish date
ODTXTH;Permanent text, head;UVTXID;Text identity
ODTXTH;Permanent text, head;UVRGDT;Entry date
ODTXTH;Permanent text, head;UVRGTM;Entry time
ODTXTH;Permanent text, head;UVLMDT;Change date
ODTXTH;Permanent text, head;UVCHNO;Change number
ODTXTH;Permanent text, head;UVCHID;Changed by
OEXFEE;Service charge, head;UXCONO;Company
OEXFEE;Service charge, head;UXDIVI;Division
OEXFEE;Service charge, head;UXEXCD;Service charge
OEXFEE;Service charge, head;UXCUCD;Currency
OEXFEE;Service charge, head;UXVTCD;VAT code
OEXFEE;Service charge, head;UXCRD0;Description
OEXFEE;Service charge, head;UXHACD;Debit frequency
OEXFEE;Service charge, head;UXTXID;Text identity
OEXFEE;Service charge, head;UXTAXC;Tax code customer/address
OEXFEE;Service charge, head;UXRGDT;Entry date
OEXFEE;Service charge, head;UXRGTM;Entry time
OEXFEE;Service charge, head;UXLMDT;Change date
OEXFEE;Service charge, head;UXCHNO;Change number
OEXFEE;Service charge, head;UXCHID;Changed by
OEXLIN;Service charge, matrix;OXCONO;Company
OEXLIN;Service charge, matrix;OXDIVI;Division
OEXLIN;Service charge, matrix;OXEXCD;Service charge
OEXLIN;Service charge, matrix;OXCUCD;Currency
OEXLIN;Service charge, matrix;OXLIMT;Limit value
OEXLIN;Service charge, matrix;OXCHRG;Charge
OEXLIN;Service charge, matrix;OXTXID;Text identity
OEXLIN;Service charge, matrix;OXRGDT;Entry date
OEXLIN;Service charge, matrix;OXRGTM;Entry time
OEXLIN;Service charge, matrix;OXLMDT;Change date
OEXLIN;Service charge, matrix;OXCHNO;Change number
OEXLIN;Service charge, matrix;OXCHID;Changed by
OGDIPO;Discount numbers;DTBDIP;Base discount number
OGDIPO;Discount numbers;DTEDC7;Reserved external system discount 7
OGDIPO;Discount numbers;DTEDC8;Reserved external system discount 8
OGDIPO;Discount numbers;DTCONO;Company
OGDIPO;Discount numbers;DTDISY;Discount model
OGDIPO;Discount numbers;DTDIPO;Discount number
OGDIPO;Discount numbers;DTTX40;Description
OGDIPO;Discount numbers;DTTX15;Name
OGDIPO;Discount numbers;DTTX08;Additional text
OGDIPO;Discount numbers;DTDACC;Accumulation
OGDIPO;Discount numbers;DTDCHA;Manually changeable discount
OGDIPO;Discount numbers;DTDPST;Statistics field for discount
OGDIPO;Discount numbers;DTDDSU;Discount presentation
OGDIPO;Discount numbers;DTCUCD;Currency
OGDIPO;Discount numbers;DTALDP;Allocated discount number
OGDIPO;Discount numbers;DTALPP;Reserved promotional discount
OGDIPO;Discount numbers;DTDITP;Discount type
OGDIPO;Discount numbers;DTDIBE;Discount base
OGDIPO;Discount numbers;DTDIRE;Discount relation
OGDIPO;Discount numbers;DTIDSC;Internal discount
OGDIPO;Discount numbers;DTSGGB;Discount scale base
OGDIPO;Discount numbers;DTSGGC;Discount scale code
OGDIPO;Discount numbers;DTSGGU;Unit of measure
OGDIPO;Discount numbers;DTPC11;Field
OGDIPO;Discount numbers;DTPC12;Field
OGDIPO;Discount numbers;DTPC13;Field
OGDIPO;Discount numbers;DTPC21;Field
OGDIPO;Discount numbers;DTPC22;Field
OGDIPO;Discount numbers;DTPC23;Field
OGDIPO;Discount numbers;DTPC31;Field
OGDIPO;Discount numbers;DTPC32;Field
OGDIPO;Discount numbers;DTPC33;Field
OGDIPO;Discount numbers;DTPC41;Field
OGDIPO;Discount numbers;DTPC42;Field
OGDIPO;Discount numbers;DTPC43;Field
OGDIPO;Discount numbers;DTPC51;Field
OGDIPO;Discount numbers;DTPC52;Field
OGDIPO;Discount numbers;DTPC53;Field
OGDIPO;Discount numbers;DTPC61;Field
OGDIPO;Discount numbers;DTPC62;Field
OGDIPO;Discount numbers;DTPC63;Field
OGDIPO;Discount numbers;DTPC71;Field
OGDIPO;Discount numbers;DTPC72;Field
OGDIPO;Discount numbers;DTPC73;Field
OGDIPO;Discount numbers;DTPC81;Field
OGDIPO;Discount numbers;DTPC82;Field
OGDIPO;Discount numbers;DTPC83;Field
OGDIPO;Discount numbers;DTPC91;Field
OGDIPO;Discount numbers;DTPC92;Field
OGDIPO;Discount numbers;DTPC93;Field
OGDIPO;Discount numbers;DTPC01;Field
OGDIPO;Discount numbers;DTPC02;Field
OGDIPO;Discount numbers;DTPC03;Field
OGDIPO;Discount numbers;DTACRF;User-defined accounting control object
OGDIPO;Discount numbers;DTDICA;Discount category
OGDIPO;Discount numbers;DTPCHM;Priority check method
OGDIPO;Discount numbers;DTTXID;Text identity
OGDIPO;Discount numbers;DTRGDT;Entry date
OGDIPO;Discount numbers;DTRGTM;Entry time
OGDIPO;Discount numbers;DTLMDT;Change date
OGDIPO;Discount numbers;DTCHNO;Change number
OGDIPO;Discount numbers;DTCHID;Changed by
OGDIPO;Discount numbers;DTCORD;Core aging discount number
OGDIPO;Discount numbers;DTLMTS;Timestamp
OGDIPO;Discount numbers;DTTEPY;Payment terms
OGDIPO;Discount numbers;DTPC04;Field
OGDIPO;Discount numbers;DTPC05;Field
OGDIPO;Discount numbers;DTPC14;Field
OGDIPO;Discount numbers;DTPC15;Field
OGDIPO;Discount numbers;DTPC24;Field
OGDIPO;Discount numbers;DTPC25;Field
OGDIPO;Discount numbers;DTPC34;Field
OGDIPO;Discount numbers;DTPC35;Field
OGDIPO;Discount numbers;DTPC44;Field
OGDIPO;Discount numbers;DTPC45;Field
OGDIPO;Discount numbers;DTPC54;Field
OGDIPO;Discount numbers;DTPC55;Field
OGDIPO;Discount numbers;DTPC64;Field
OGDIPO;Discount numbers;DTPC65;Field
OGDIPO;Discount numbers;DTPC74;Field
OGDIPO;Discount numbers;DTPC75;Field
OGDIPO;Discount numbers;DTPC84;Field
OGDIPO;Discount numbers;DTPC85;Field
OGDIPO;Discount numbers;DTPC94;Field
OGDIPO;Discount numbers;DTPC95;Field
OGDIPO;Discount numbers;DTEDC1;Reserved external system discount 1
OGDIPO;Discount numbers;DTEDC2;Reserved external system discount 2
OGDIPO;Discount numbers;DTEDC3;Reserved external system discount 3
OGDIPO;Discount numbers;DTEDC4;Reserved external system discount 4
OGDIPO;Discount numbers;DTEDC5;Reserved external system discount 5
OGDIPO;Discount numbers;DTEDC6;Reserved external system discount 6
OGDIPO;Discount numbers;DTALGP;Price guidance
OGDISY;Discount model;DBEDC7;Reserved external system discount 7
OGDISY;Discount model;DBEDC8;Reserved external system discount 8
OGDISY;Discount model;DBCONO;Company
OGDISY;Discount model;DBDISY;Discount model
OGDISY;Discount model;DBTX40;Description
OGDISY;Discount model;DBTX15;Name
OGDISY;Discount model;DBCUCD;Currency
OGDISY;Discount model;DBALDP;Allocated discount number
OGDISY;Discount model;DBALPP;Reserved promotional discount
OGDISY;Discount model;DBTXID;Text identity
OGDISY;Discount model;DBACGR;Object access group
OGDISY;Discount model;DBRGDT;Entry date
OGDISY;Discount model;DBRGTM;Entry time
OGDISY;Discount model;DBLMDT;Change date
OGDISY;Discount model;DBCHNO;Change number
OGDISY;Discount model;DBCHID;Changed by
OGDISY;Discount model;DBCORD;Core aging discount number
OGDISY;Discount model;DBLMTS;Timestamp
OGDISY;Discount model;DBEDC1;Reserved external system discount 1
OGDISY;Discount model;DBEDC2;Reserved external system discount 2
OGDISY;Discount model;DBEDC3;Reserved external system discount 3
OGDISY;Discount model;DBEDC4;Reserved external system discount 4
OGDISY;Discount model;DBEDC5;Reserved external system discount 5
OGDISY;Discount model;DBEDC6;Reserved external system discount 6
OGDISY;Discount model;DBALGP;Price guidance
OGDLNG;Discount descriptions per language;DLCONO;Company
OGDLNG;Discount descriptions per language;DLDISY;Discount model
OGDLNG;Discount descriptions per language;DLDIPO;Discount number
OGDLNG;Discount descriptions per language;DLLNCD;Language
OGDLNG;Discount descriptions per language;DLTX40;Description
OGDLNG;Discount descriptions per language;DLTX15;Name
OGDLNG;Discount descriptions per language;DLRGDT;Entry date
OGDLNG;Discount descriptions per language;DLRGTM;Entry time
OGDLNG;Discount descriptions per language;DLLMDT;Change date
OGDLNG;Discount descriptions per language;DLCHNO;Change number
OGDLNG;Discount descriptions per language;DLCHID;Changed by
OGDMTX;Discount matrix;DXCONO;Company
OGDMTX;Discount matrix;DXDISY;Discount model
OGDMTX;Discount matrix;DXDIPO;Discount number
OGDMTX;Discount matrix;DXFVDT;Valid from
OGDMTX;Discount matrix;DXPREX;Priority
OGDMTX;Discount matrix;DXOBV1;Start value 1
OGDMTX;Discount matrix;DXOBV2;Start value 2
OGDMTX;Discount matrix;DXOBV3;Start value 3
OGDMTX;Discount matrix;DXLIMT;Limit value
OGDMTX;Discount matrix;DXOBV4;Start value 4
OGDMTX;Discount matrix;DXOBV5;Start value 5
OGDMTX;Discount matrix;DXGENE;Generic
OGDMTX;Discount matrix;DXDITP;Discount type
OGDMTX;Discount matrix;DXDISP;Discount percentage
OGDMTX;Discount matrix;DXDIAM;Discount amount
OGDMTX;Discount matrix;DXCMPN;Discount campaign
OGDMTX;Discount matrix;DXITNO;Item number
OGDMTX;Discount matrix;DXORQT;Ordered quantity - basic U/M
OGDMTX;Discount matrix;DXSAPR;Sales price
OGDMTX;Discount matrix;DXFT01;Feature
OGDMTX;Discount matrix;DXFT02;Feature
OGDMTX;Discount matrix;DXFT03;Feature
OGDMTX;Discount matrix;DXRGDT;Entry date
OGDMTX;Discount matrix;DXRGTM;Entry time
OGDMTX;Discount matrix;DXLMDT;Change date
OGDMTX;Discount matrix;DXCHNO;Change number
OGDMTX;Discount matrix;DXCHID;Changed by
OGDMTX;Discount matrix;DXLMTS;Timestamp
OGDMTX;Discount matrix;DXTEPY;Payment terms
OICORR;Invoice correction;UXDIA7;Discount amount 7
OICORR;Invoice correction;UXDIA8;Discount amount 8
OICORR;Invoice correction;UXDIP7;Discount 7
OICORR;Invoice correction;UXDIP8;Discount 8
OICORR;Invoice correction;UXCONO;Company
OICORR;Invoice correction;UXDIVI;Division
OICORR;Invoice correction;UXYEA4;Year
OICORR;Invoice correction;UXIVNO;Invoice number
OICORR;Invoice correction;UXORNO;Customer order number
OICORR;Invoice correction;UXPONR;Order line number
OICORR;Invoice correction;UXPOSX;Line suffix
OICORR;Invoice correction;UXDLIX;Delivery number
OICORR;Invoice correction;UXWHLO;Warehouse
OICORR;Invoice correction;UXINTP;Information type
OICORR;Invoice correction;UXCRID;Charge
OICORR;Invoice correction;UXINPX;Invoice prefix
OICORR;Invoice correction;UXSAPR;Sales price
OICORR;Invoice correction;UXIVQA;Invoiced quantity - alternate U/M
OICORR;Invoice correction;UXIVQS;Invoiced quantity - sales price U/M
OICORR;Invoice correction;UXDIP1;Discount 1
OICORR;Invoice correction;UXDIP2;Discount 2
OICORR;Invoice correction;UXDIP3;Discount 3
OICORR;Invoice correction;UXDIP4;Discount 4
OICORR;Invoice correction;UXDIP5;Discount 5
OICORR;Invoice correction;UXDIP6;Discount 6
OICORR;Invoice correction;UXDIA1;Discount amount 1
OICORR;Invoice correction;UXDIA2;Discount amount 2
OICORR;Invoice correction;UXDIA3;Discount amount 3
OICORR;Invoice correction;UXDIA4;Discount amount 4
OICORR;Invoice correction;UXDIA5;Discount amount 5
OICORR;Invoice correction;UXDIA6;Discount amount 6
OICORR;Invoice correction;UXCRFA;Calculation factor
OICORR;Invoice correction;UXCRAM;Charge
OICORR;Invoice correction;UXOTDP;Order total discount - percentage
OICORR;Invoice correction;UXTOPR;Total price
OICORR;Invoice correction;UXRYEA;Year
OICORR;Invoice correction;UXRIVN;Invoice number
OICORR;Invoice correction;UXRDLX;Corrected delivery number
OICORR;Invoice correction;UXCIME;Corrective method
OICORR;Invoice correction;UXCALL;Credit all
OICORR;Invoice correction;UXTXID;Text identity
OICORR;Invoice correction;UXRGDT;Entry date
OICORR;Invoice correction;UXRGTM;Entry time
OICORR;Invoice correction;UXLMDT;Change date
OICORR;Invoice correction;UXCHNO;Change number
OICORR;Invoice correction;UXCHID;Changed by
OICORR;Invoice correction;UXEXIN;Extended invoice number
OICORR;Invoice correction;UXRINP;Reference - invoice prefix
OICORR;Invoice correction;UXRXIN;Reference - extended invoice number
OICORR;Invoice correction;UXTEPY;Payment terms
OICORR;Invoice correction;UXSELA;Yes/no
OINACC;Invoice accounting;UTLMTS;Timestamp
OINACC;Invoice accounting;UTCONO;Company
OINACC;Invoice accounting;UTBJNO;Job number
OINACC;Invoice accounting;UTINST;Status - invoice
OINACC;Invoice accounting;UTACDT;Accounting date
OINACC;Invoice accounting;UTDBCR;Debit/credit code
OINACC;Invoice accounting;UTIVDT;Invoice date
OINACC;Invoice accounting;UTVTCD;VAT code
OINACC;Invoice accounting;UTIVNO;Invoice number
OINACC;Invoice accounting;UTSEQN;Sequence number
OINACC;Invoice accounting;UTFNCN;FAM function
OINACC;Invoice accounting;UTKEFI;Key field
OINACC;Invoice accounting;UTINPX;Invoice prefix
OINACC;Invoice accounting;UTDIVI;Division
OINACC;Invoice accounting;UTTRCD;Transaction code
OINACC;Invoice accounting;UTAIT1;Accounting dimension 1
OINACC;Invoice accounting;UTAIT2;Accounting dimension 2
OINACC;Invoice accounting;UTAIT3;Accounting dimension 3
OINACC;Invoice accounting;UTAIT4;Accounting dimension 4
OINACC;Invoice accounting;UTAIT5;Accounting dimension 5
OINACC;Invoice accounting;UTAIT6;Accounting dimension 6
OINACC;Invoice accounting;UTAIT7;Accounting dimension 7
OINACC;Invoice accounting;UTDCQT;Decimal places for quantities
OINACC;Invoice accounting;UTACQT;Quantity
OINACC;Invoice accounting;UTDCAM;Decimal places for amount
OINACC;Invoice accounting;UTACAM;Recorded amount
OINACC;Invoice accounting;UTCUCD;Currency
OINACC;Invoice accounting;UTCRTP;Exchange rate type
OINACC;Invoice accounting;UTARAT;Exchange rate
OINACC;Invoice accounting;UTCUAM;Foreign currency amount
OINACC;Invoice accounting;UTSMCD;Salesperson
OINACC;Invoice accounting;UTCUCL;Customer group
OINACC;Invoice accounting;UTCUNO;Customer
OINACC;Invoice accounting;UTPYNO;Payer
OINACC;Invoice accounting;UTCINO;Invoice number
OINACC;Invoice accounting;UTDUDT;Due date
OINACC;Invoice accounting;UTVTAM;VAT
OINACC;Invoice accounting;UTCVT1;Calculated VAT amount 1
OINACC;Invoice accounting;UTCVT2;Calculated VAT amount 2
OINACC;Invoice accounting;UTAT04;VAT account type
OINACC;Invoice accounting;UTVTP1;VAT rate 1
OINACC;Invoice accounting;UTVTP2;VAT rate 2
OINACC;Invoice accounting;UTBSCD;Base country
OINACC;Invoice accounting;UTFTCO;From/to country
OINACC;Invoice accounting;UTTECD;Cash discount term
OINACC;Invoice accounting;UTYEA4;Year
OINACC;Invoice accounting;UTIVTP;Information type
OINACC;Invoice accounting;UTIVRF;Invoice reference
OINACC;Invoice accounting;UTORNO;Customer order number
OINACC;Invoice accounting;UTDLIX;Delivery number
OINACC;Invoice accounting;UTWHLO;Warehouse
OINACC;Invoice accounting;UTEXIN;Extended invoice number
OINACC;Invoice accounting;UTMIGI;Internal migration status
OINACC;Invoice accounting;UTMGSQ;Migration sequence
OINACC;Invoice accounting;UTWOCR;Write off credit note
OINVOH;Invoice Number File;UHPRP2;Prepayment process
OINVOH;Invoice Number File;UHRNRT;Reference number type
OINVOH;Invoice Number File;UHRNRU;Reference number rule
OINVOH;Invoice Number File;UHSACU;Same customer number
OINVOH;Invoice Number File;UHSAOR;Same order number
OINVOH;Invoice Number File;UHCONO;Company
OINVOH;Invoice Number File;UHDIVI;Division
OINVOH;Invoice Number File;UHIVNO;Invoice number
OINVOH;Invoice Number File;UHYEA4;Year
OINVOH;Invoice Number File;UHINPX;Invoice prefix
OINVOH;Invoice Number File;UHFACI;Facility
OINVOH;Invoice Number File;UHPYNO;Payer
OINVOH;Invoice Number File;UHINST;Status - invoice
OINVOH;Invoice Number File;UHIVAM;Invoice amount - local currency
OINVOH;Invoice Number File;UHIVLA;Invoice amount - local currency
OINVOH;Invoice Number File;UHCUCD;Currency
OINVOH;Invoice Number File;UHRAIN;Invoice rate
OINVOH;Invoice Number File;UHDUDT;Due date
OINVOH;Invoice Number File;UHVSER;Voucher number series
OINVOH;Invoice Number File;UHVONO;Voucher number
OINVOH;Invoice Number File;UHIDAT;Invoice date
OINVOH;Invoice Number File;UHACDT;Accounting date
OINVOH;Invoice Number File;UHIVTP;Information type
OINVOH;Invoice Number File;UHUPEC;Update EU sales
OINVOH;Invoice Number File;UHUPBC;Update bonus/commission agreements
OINVOH;Invoice Number File;UHUPAC;Update account entry
OINVOH;Invoice Number File;UHINRC;Invoice recipient
OINVOH;Invoice Number File;UHNVAT;Yes/no
OINVOH;Invoice Number File;UHMUST;Yes/no
OINVOH;Invoice Number File;UHCASH;Cash desk sales
OINVOH;Invoice Number File;UHRAFC;Remaining amount to pay - foreign curr
OINVOH;Invoice Number File;UHRALC;Remaining amount to pay - local curr
OINVOH;Invoice Number File;UHFAC2;Facility
OINVOH;Invoice Number File;UHORIG;Origin
OINVOH;Invoice Number File;UHNREF;Reference number
OINVOH;Invoice Number File;UH3RDP;3rd-party provider
OINVOH;Invoice Number File;UHRGDT;Entry date
OINVOH;Invoice Number File;UHRGTM;Entry time
OINVOH;Invoice Number File;UHLMDT;Change date
OINVOH;Invoice Number File;UHCHNO;Change number
OINVOH;Invoice Number File;UHCHID;Changed by
OINVOH;Invoice Number File;UHRYEA;Year
OINVOH;Invoice Number File;UHRIVN;Invoice number
OINVOH;Invoice Number File;UHEXIN;Extended invoice number
OINVOH;Invoice Number File;UHRINP;Reference - invoice prefix
OINVOH;Invoice Number File;UHRXIN;Reference - extended invoice number
OINVOH;Invoice Number File;UHLMTS;Timestamp
OINVOH;Invoice Number File;UHSBTO;Subtotal
OINVOH;Invoice Number File;UHNESI;Negative sign
OINVOH;Invoice Number File;UHLCUR;Currency
OINVOH;Invoice Number File;UHLVAT;Invoice amount - local currency
OINVOH;Invoice Number File;UHARAT;Exchange rate
OINVOH;Invoice Number File;UHIVBA;Calc basis amount, invoicing, order curr
OINVOH;Invoice Number File;UHPDYR;Year
OINVOH;Invoice Number File;UHPDNO;Payment document number
OINVOH;Invoice Number File;UHFRSC;Finance reason code
OINVOH;Invoice Number File;UHMIGI;Internal migration status
OINVOH;Invoice Number File;UHPAIN;Parallel invoice number
OINVOH;Invoice Number File;UHPTRA;Pending transfer amount
OINVOH;Invoice Number File;UHIEAM;Invoice amount excl tax
OINVOH;Invoice Number File;UHIELA;Invoice amount excl tax - local currency
OINVOH;Invoice Number File;UHUPTA;Verifying trade agreements
OINVOH;Invoice Number File;UHDRIN;Deferred revenue indicator
OINVOL;Invoice, line;ONIDSC;Internal discount
OINVOL;Invoice, line;ONTX40;Description
OINVOL;Invoice, line;ONCONO;Company
OINVOL;Invoice, line;ONDIVI;Division
OINVOL;Invoice, line;ONIVNO;Invoice number
OINVOL;Invoice, line;ONYEA4;Year
OINVOL;Invoice, line;ONIVTP;Information type
OINVOL;Invoice, line;ONORNO;Customer order number
OINVOL;Invoice, line;ONDLIX;Delivery number
OINVOL;Invoice, line;ONWHLO;Warehouse
OINVOL;Invoice, line;ONIVRF;Invoice reference
OINVOL;Invoice, line;ONINPX;Invoice prefix
OINVOL;Invoice, line;ONPYNO;Payer
OINVOL;Invoice, line;ONIVSQ;Invoice sequence
OINVOL;Invoice, line;ONIVAM;Invoice amount - local currency
OINVOL;Invoice, line;ONIVLA;Invoice amount - local currency
OINVOL;Invoice, line;ONIVBA;Calc basis amount, invoicing, order curr
OINVOL;Invoice, line;ONCVT1;Calculated VAT amount 1
OINVOL;Invoice, line;ONCVT2;Calculated VAT amount 2
OINVOL;Invoice, line;ONVTAM;VAT
OINVOL;Invoice, line;ONIVFR;Invoicing, user-defined field
OINVOL;Invoice, line;ONIVAV;Invoice amount including VAT
OINVOL;Invoice, line;ONBSCD;Base country
OINVOL;Invoice, line;ONECAR;State
OINVOL;Invoice, line;ONFTCO;From/to country
OINVOL;Invoice, line;ONVTCD;VAT code
OINVOL;Invoice, line;ONVTP1;VAT rate 1
OINVOL;Invoice, line;ONVTP2;VAT rate 2
OINVOL;Invoice, line;ONVRIN;VAT registration number internal
OINVOL;Invoice, line;ONVRNO;VAT registration number
OINVOL;Invoice, line;ONRGDT;Entry date
OINVOL;Invoice, line;ONRGTM;Entry time
OINVOL;Invoice, line;ONLMDT;Change date
OINVOL;Invoice, line;ONCHNO;Change number
OINVOL;Invoice, line;ONCHID;Changed by
OINVOL;Invoice, line;ONEXIN;Extended invoice number
OINVOL;Invoice, line;ONTEPY;Payment terms
OINVOL;Invoice, line;ONCVDT;Corrective invoice VAT date
OINVOL;Invoice, line;ONISEQ;Sequence number
OINVOL;Invoice, line;ONMIGI;Internal migration status
OINVOL;Invoice, line;ONLMTS;Timestamp
OLICHA;Customer Order Line Charges;MJCONO;Company
OLICHA;Customer Order Line Charges;MJCRID;Charge
OLICHA;Customer Order Line Charges;MJPC01;Field
OLICHA;Customer Order Line Charges;MJPC02;Field
OLICHA;Customer Order Line Charges;MJPC03;Field
OLICHA;Customer Order Line Charges;MJCRTY;Internal charge
OLICHA;Customer Order Line Charges;MJHACD;Debit frequency
OLICHA;Customer Order Line Charges;MJCRD0;Description
OLICHA;Customer Order Line Charges;MJCRME;Calculation method
OLICHA;Customer Order Line Charges;MJCHUN;Charge U/M
OLICHA;Customer Order Line Charges;MJCHDC;Decimals places - charge base
OLICHA;Customer Order Line Charges;MJCHPR;Presentation code - item charges
OLICHA;Customer Order Line Charges;MJCRN1;Included in cost total 1
OLICHA;Customer Order Line Charges;MJCRN2;Included in cost total 2
OLICHA;Customer Order Line Charges;MJCRN3;Included in cost total 3
OLICHA;Customer Order Line Charges;MJCRN4;Included in cost total 4
OLICHA;Customer Order Line Charges;MJCRN5;Included in cost total 5
OLICHA;Customer Order Line Charges;MJVTCD;VAT code
OLICHA;Customer Order Line Charges;MJACRF;User-defined accounting control object
OLICHA;Customer Order Line Charges;MJTAXC;Tax code customer/address
OLICHA;Customer Order Line Charges;MJTAXI;Item-dependent tax
OLICHA;Customer Order Line Charges;MJTXID;Text identity
OLICHA;Customer Order Line Charges;MJRGDT;Entry date
OLICHA;Customer Order Line Charges;MJRGTM;Entry time
OLICHA;Customer Order Line Charges;MJLMDT;Change date
OLICHA;Customer Order Line Charges;MJCHNO;Change number
OLICHA;Customer Order Line Charges;MJCHID;Changed by
OLICHA;Customer Order Line Charges;MJFUGE;Fund creation
OLICHA;Customer Order Line Charges;MJCLGE;Claim creation
OLICHA;Customer Order Line Charges;MJTXBM;Tax base model
OLICHA;Customer Order Line Charges;MJEXLC;From external system
OLICHA;Customer Order Line Charges;MJCTY2;Charge category
OLICHA;Customer Order Line Charges;MJEXSD;Exclude stand down
OLICHA;Customer Order Line Charges;MJCEID;Costing element
OOADRE;Customer order, address;ODCONO;Company
OOADRE;Customer order, address;ODORNO;Customer order number
OOADRE;Customer order, address;ODADRT;Address type
OOADRE;Customer order, address;ODADID;Address number
OOADRE;Customer order, address;ODDIVI;Division
OOADRE;Customer order, address;ODCUNM;Name
OOADRE;Customer order, address;ODCUA1;Address line 1
OOADRE;Customer order, address;ODCUA2;Address line 2
OOADRE;Customer order, address;ODCUA3;Address line 3
OOADRE;Customer order, address;ODCUA4;Address line 4
OOADRE;Customer order, address;ODPONO;Postal code
OOADRE;Customer order, address;ODPHNO;Telephone number 1
OOADRE;Customer order, address;ODTFNO;Facsimile transmission number
OOADRE;Customer order, address;ODYREF;Your reference 1
OOADRE;Customer order, address;ODMEAL;Valid media
OOADRE;Customer order, address;ODCSCD;Country
OOADRE;Customer order, address;ODVRNO;VAT registration number
OOADRE;Customer order, address;ODEDES;Place
OOADRE;Customer order, address;ODROUT;Route
OOADRE;Customer order, address;ODRODN;Route departure
OOADRE;Customer order, address;ODULZO;Unloading zone
OOADRE;Customer order, address;ODECF1;User-defined TST field 1
OOADRE;Customer order, address;ODECF2;User-defined TST field 2
OOADRE;Customer order, address;ODECF3;User-defined TST field 3
OOADRE;Customer order, address;ODECF4;User-defined TST field  4
OOADRE;Customer order, address;ODECF5;User-defined TST field 5
OOADRE;Customer order, address;ODGEOC;Geographical code
OOADRE;Customer order, address;ODTAXC;Tax code customer/address
OOADRE;Customer order, address;ODECAR;State
OOADRE;Customer order, address;ODHAFE;Harbor or airport
OOADRE;Customer order, address;ODTXID;Text identity
OOADRE;Customer order, address;ODDLSP;Delivery specification
OOADRE;Customer order, address;ODDSTX;Description
OOADRE;Customer order, address;ODMODL;Delivery method
OOADRE;Customer order, address;ODTEDL;Delivery terms
OOADRE;Customer order, address;ODTEL2;Terms text
OOADRE;Customer order, address;ODTOWN;City
OOADRE;Customer order, address;ODRGDT;Entry date
OOADRE;Customer order, address;ODRGTM;Entry time
OOADRE;Customer order, address;ODLMDT;Change date
OOADRE;Customer order, address;ODCHNO;Change number
OOADRE;Customer order, address;ODCHID;Changed by
OOADRE;Customer order, address;ODADVI;Ship-via address
OOADRE;Customer order, address;ODBOP1;Automatic closing
OOADRE;Customer order, address;ODFRCO;County ID
OOADRE;Customer order, address;ODSPLE;Standard point location code
OOADRE;Customer order, address;ODRASN;Rail station
OOCHRG;Customer order, charges;OERTCH;Return charge
OOCHRG;Customer order, charges;OECONO;Company
OOCHRG;Customer order, charges;OEORNO;Customer order number
OOCHRG;Customer order, charges;OEDLIX;Delivery number
OOCHRG;Customer order, charges;OEWHLO;Warehouse
OOCHRG;Customer order, charges;OECRID;Charge
OOCHRG;Customer order, charges;OEDIVI;Division
OOCHRG;Customer order, charges;OECRTY;Internal charge
OOCHRG;Customer order, charges;OEACRF;User-defined accounting control object
OOCHRG;Customer order, charges;OEHACD;Debit frequency
OOCHRG;Customer order, charges;OECRD0;Description
OOCHRG;Customer order, charges;OECRAM;Charge
OOCHRG;Customer order, charges;OECRME;Calculation method
OOCHRG;Customer order, charges;OECRFA;Calculation factor
OOCHRG;Customer order, charges;OECRN1;Included in cost total 1
OOCHRG;Customer order, charges;OECRN2;Included in cost total 2
OOCHRG;Customer order, charges;OECRN3;Included in cost total 3
OOCHRG;Customer order, charges;OECRN4;Included in cost total 4
OOCHRG;Customer order, charges;OECRN5;Included in cost total 5
OOCHRG;Customer order, charges;OEVTCD;VAT code
OOCHRG;Customer order, charges;OECUCD;Currency
OOCHRG;Customer order, charges;OECHST;Status - charge
OOCHRG;Customer order, charges;OETAXC;Tax code customer/address
OOCHRG;Customer order, charges;OETXID;Text identity
OOCHRG;Customer order, charges;OERGDT;Entry date
OOCHRG;Customer order, charges;OERGTM;Entry time
OOCHRG;Customer order, charges;OELMDT;Change date
OOCHRG;Customer order, charges;OECHNO;Change number
OOCHRG;Customer order, charges;OECHID;Changed by
OOCHRG;Customer order, charges;OEFEXS;From external system
OOCHRG;Customer order, charges;OEPRCE;Preliminary charge
OOCHRG;Customer order, charges;OELRTD;Last retrieval date
OOCHRG;Customer order, charges;OELRTT;Last retrieval time
OOCHRG;Customer order, charges;OELRID;Last retrieval by
OOCHRG;Customer order, charges;OECHUP;Charge update flag
OODFLT;Field select & defaults per order type;UJCONO;Company
OODFLT;Field select & defaults per order type;UJORTP;Customer order type
OODFLT;Field select & defaults per order type;UJFLDS;Field selection
OODFLT;Field select & defaults per order type;UJFLD2;Field selection
OODFLT;Field select & defaults per order type;UJWHLO;Name
OODFLT;Field select & defaults per order type;UJSPLM;Name
OODFLT;Field select & defaults per order type;UJLNCD;Name
OODFLT;Field select & defaults per order type;UJECTT;Name
OODFLT;Field select & defaults per order type;UJOPRI;Name
OODFLT;Field select & defaults per order type;UJBOCD;Name
OODFLT;Field select & defaults per order type;UJTEPY;Name
OODFLT;Field select & defaults per order type;UJTECD;Name
OODFLT;Field select & defaults per order type;UJMODL;Name
OODFLT;Field select & defaults per order type;UJTEPA;Name
OODFLT;Field select & defaults per order type;UJTEDL;Name
OODFLT;Field select & defaults per order type;UJTEL2;Terms text
OODFLT;Field select & defaults per order type;UJSMCD;Name
OODFLT;Field select & defaults per order type;UJCUOR;Customer's order number
OODFLT;Field select & defaults per order type;UJPROJ;Name
OODFLT;Field select & defaults per order type;UJELNO;Name
OODFLT;Field select & defaults per order type;UJFRE1;Name
OODFLT;Field select & defaults per order type;UJOREF;Our reference
OODFLT;Field select & defaults per order type;UJYREF;Your reference 1
OODFLT;Field select & defaults per order type;UJOFNO;Name
OODFLT;Field select & defaults per order type;UJRESP;Name
OODFLT;Field select & defaults per order type;UJVRCD;Name
OODFLT;Field select & defaults per order type;UJWCON;Name
OODFLT;Field select & defaults per order type;UJPLTB;Name
OODFLT;Field select & defaults per order type;UJEXCD;Name
OODFLT;Field select & defaults per order type;UJDISY;Name
OODFLT;Field select & defaults per order type;UJCHSY;Name
OODFLT;Field select & defaults per order type;UJCUCD;Name
OODFLT;Field select & defaults per order type;UJBREC;Name
OODFLT;Field select & defaults per order type;UJAGNT;Name
OODFLT;Field select & defaults per order type;UJAGN2;Name
OODFLT;Field select & defaults per order type;UJAGN3;Name
OODFLT;Field select & defaults per order type;UJAGN4;Name
OODFLT;Field select & defaults per order type;UJAGN5;Name
OODFLT;Field select & defaults per order type;UJAGN6;Name
OODFLT;Field select & defaults per order type;UJAGN7;Name
OODFLT;Field select & defaults per order type;UJTINC;Name
OODFLT;Field select & defaults per order type;UJVTCD;Name
OODFLT;Field select & defaults per order type;UJJDCD;Name
OODFLT;Field select & defaults per order type;UJVTTP;Name
OODFLT;Field select & defaults per order type;UJCRTP;Name
OODFLT;Field select & defaults per order type;UJRSCD;Name
OODFLT;Field select & defaults per order type;UJOTDI;Name
OODFLT;Field select & defaults per order type;UJDLSP;Name
OODFLT;Field select & defaults per order type;UJECLC;Name
OODFLT;Field select & defaults per order type;UJTAXC;Name
OODFLT;Field select & defaults per order type;UJADID;Name
OODFLT;Field select & defaults per order type;UJORCO;Name
OODFLT;Field select & defaults per order type;UJCPRE;Name
OODFLT;Field select & defaults per order type;UJWHSL;Name
OODFLT;Field select & defaults per order type;UJBANO;Name
OODFLT;Field select & defaults per order type;UJPOPN;Name
OODFLT;Field select & defaults per order type;UJROUT;Name
OODFLT;Field select & defaults per order type;UJRODN;Name
OODFLT;Field select & defaults per order type;UJSMC1;Name
OODFLT;Field select & defaults per order type;UJITE1;Text
OODFLT;Field select & defaults per order type;UJITE2;Text
OODFLT;Field select & defaults per order type;UJDSE1;Text
OODFLT;Field select & defaults per order type;UJDSE2;Text
OODFLT;Field select & defaults per order type;UJSUN1;Text
OODFLT;Field select & defaults per order type;UJSUN2;Text
OODFLT;Field select & defaults per order type;UJSUE1;Text
OODFLT;Field select & defaults per order type;UJSUE2;Text
OODFLT;Field select & defaults per order type;UJOTN1;Text
OODFLT;Field select & defaults per order type;UJOTN2;Text
OODFLT;Field select & defaults per order type;UJOTE1;Text
OODFLT;Field select & defaults per order type;UJOTE2;Text
OODFLT;Field select & defaults per order type;UJBUN1;Text
OODFLT;Field select & defaults per order type;UJBUN2;Text
OODFLT;Field select & defaults per order type;UJBUE1;Text
OODFLT;Field select & defaults per order type;UJBUE2;Text
OODFLT;Field select & defaults per order type;UJPPN1;Text
OODFLT;Field select & defaults per order type;UJPPN2;Text
OODFLT;Field select & defaults per order type;UJPPE1;Text
OODFLT;Field select & defaults per order type;UJPPE2;Text
OODFLT;Field select & defaults per order type;UJOFN1;Text
OODFLT;Field select & defaults per order type;UJOFN2;Text
OODFLT;Field select & defaults per order type;UJOFE1;Text
OODFLT;Field select & defaults per order type;UJOFE2;Text
OODFLT;Field select & defaults per order type;UJRTN1;Text
OODFLT;Field select & defaults per order type;UJRTN2;Text
OODFLT;Field select & defaults per order type;UJRTE1;Text
OODFLT;Field select & defaults per order type;UJRTE2;Text
OODFLT;Field select & defaults per order type;UJORC1;Text
OODFLT;Field select & defaults per order type;UJCSNO;Customs statistical number
OODFLT;Field select & defaults per order type;UJADIL;Name
OODFLT;Field select & defaults per order type;UJSCMO;Name
OODFLT;Field select & defaults per order type;UJPRPR;Name
OODFLT;Field select & defaults per order type;UJTX30;Text
OODFLT;Field select & defaults per order type;UJTX60;Text
OODFLT;Field select & defaults per order type;UJAVTC;Advance invoicing VAT code
OODFLT;Field select & defaults per order type;UJAPAI;Advance invoicing percentage
OODFLT;Field select & defaults per order type;UJATEP;Advance invoicing payment term
OODFLT;Field select & defaults per order type;UJPYCD;Name
OODFLT;Field select & defaults per order type;UJFDED;Name
OODFLT;Field select & defaults per order type;UJLDED;Name
OODFLT;Field select & defaults per order type;UJFDE1;Name
OODFLT;Field select & defaults per order type;UJLDE1;Name
OODFLT;Field select & defaults per order type;UJPRO1;Name
OODFLT;Field select & defaults per order type;UJELN1;Name
OODFLT;Field select & defaults per order type;UJATPR;Name
OODFLT;Field select & defaults per order type;UJTXID;Text identity
OODFLT;Field select & defaults per order type;UJRGDT;Entry date
OODFLT;Field select & defaults per order type;UJRGTM;Entry time
OODFLT;Field select & defaults per order type;UJLMDT;Change date
OODFLT;Field select & defaults per order type;UJCHNO;Change number
OODFLT;Field select & defaults per order type;UJCHID;Changed by
OODFLT;Field select & defaults per order type;UJAGNO;Name
OODFLT;Field select & defaults per order type;UJBOP1;Name
OODFLT;Field select & defaults per order type;UJVCTP;Validate CTP
OODFLT;Field select & defaults per order type;UJPYRE;Reference number of payment request
OODFLT;Field select & defaults per order type;UJBKID;Name
OODFLT;Field select & defaults per order type;UJPRIO;Name
OODFLT;Field select & defaults per order type;UJSEFL;Field selection
OODFLT;Field select & defaults per order type;UJSOH1;Selected order header field
OODFLT;Field select & defaults per order type;UJSOH2;Selected order header field
OODFLT;Field select & defaults per order type;UJSOH3;Selected order header field
OODFLT;Field select & defaults per order type;UJSOH4;Selected order header field
OODFLT;Field select & defaults per order type;UJSOH5;Selected order header field
OODFLT;Field select & defaults per order type;UJSOH6;Selected order header field
OODFLT;Field select & defaults per order type;UJSOH7;Selected order header field
OODFLT;Field select & defaults per order type;UJSOH8;Selected order header field
OODFLT;Field select & defaults per order type;UJRLHM;Name
OODFLT;Field select & defaults per order type;UJOTN3;Text
OODFLT;Field select & defaults per order type;UJBUN3;Text
OODFLT;Field select & defaults per order type;UJFACI;Name
OODFLT;Field select & defaults per order type;UJSPUN;Text
OODFLT;Field select & defaults per order type;UJOIVR;Original invoice reference
OODFLT;Field select & defaults per order type;UJTAGY;Trade agreement model
OODFLT;Field select & defaults per order type;UJFLD3;Field selection
OODFLT;Field select & defaults per order type;UJUHA1;Alpha field 20 positions
OODFLT;Field select & defaults per order type;UJUHA2;Alpha field 20 positions
OODFLT;Field select & defaults per order type;UJUHA3;Alpha field 20 positions
OODFLT;Field select & defaults per order type;UJUHA4;Alpha field 20 positions
OODFLT;Field select & defaults per order type;UJUHA5;Alpha field 20 positions
OODFLT;Field select & defaults per order type;UJUHA6;Alpha field 20 positions
OODFLT;Field select & defaults per order type;UJUHA7;Alpha field 20 positions
OODFLT;Field select & defaults per order type;UJUHA8;Alpha field 20 positions
OODFLT;Field select & defaults per order type;UJUHA9;Alpha field 20 positions
OODFLT;Field select & defaults per order type;UJUHA0;Alpha field 20 positions
OODFLT;Field select & defaults per order type;UJUHN1;Name
OODFLT;Field select & defaults per order type;UJUHN2;Name
OODFLT;Field select & defaults per order type;UJUHN3;Name
OODFLT;Field select & defaults per order type;UJUHN4;Name
OODFLT;Field select & defaults per order type;UJUHN5;Name
OODFLT;Field select & defaults per order type;UJUHN6;Name
OODFLT;Field select & defaults per order type;UJUHD1;Name
OODFLT;Field select & defaults per order type;UJUHD2;Name
OODFLT;Field select & defaults per order type;UJUHD3;Name
OODFLT;Field select & defaults per order type;UJUHT1;Name
OODFLT;Field select & defaults per order type;UJULA1;Alpha field 20 positions
OODFLT;Field select & defaults per order type;UJULA2;Alpha field 20 positions
OODFLT;Field select & defaults per order type;UJULA3;Alpha field 20 positions
OODFLT;Field select & defaults per order type;UJULA4;Alpha field 20 positions
OODFLT;Field select & defaults per order type;UJULA5;Alpha field 20 positions
OODFLT;Field select & defaults per order type;UJULA6;Alpha field 20 positions
OODFLT;Field select & defaults per order type;UJULA7;Alpha field 20 positions
OODFLT;Field select & defaults per order type;UJULA8;Alpha field 20 positions
OODFLT;Field select & defaults per order type;UJULA9;Alpha field 20 positions
OODFLT;Field select & defaults per order type;UJULA0;Alpha field 20 positions
OODFLT;Field select & defaults per order type;UJULN1;Name
OODFLT;Field select & defaults per order type;UJULN2;Name
OODFLT;Field select & defaults per order type;UJULN3;Name
OODFLT;Field select & defaults per order type;UJULN4;Name
OODFLT;Field select & defaults per order type;UJULN5;Name
OODFLT;Field select & defaults per order type;UJULN6;Name
OODFLT;Field select & defaults per order type;UJULD1;Name
OODFLT;Field select & defaults per order type;UJULD2;Name
OODFLT;Field select & defaults per order type;UJULD3;Name
OODFLT;Field select & defaults per order type;UJULT1;Name
OODFLT;Field select & defaults per order type;UJFRSC;Finance reason code
OOHEAD;CO header file;OAFIAD;Taxable address ID
OOHEAD;CO header file;OAFRSC;Finance reason code
OOHEAD;CO header file;OAPRP2;Prepayment process
OOHEAD;CO header file;OACONO;Company
OOHEAD;CO header file;OAORNO;Customer order number
OOHEAD;CO header file;OADIVI;Division
OOHEAD;CO header file;OAORTP;Customer order type
OOHEAD;CO header file;OAFACI;Facility
OOHEAD;CO header file;OAWHLO;Warehouse
OOHEAD;CO header file;OAORST;Highest status - customer order
OOHEAD;CO header file;OAORSL;Lowest status - customer order
OOHEAD;CO header file;OACHL1;Business chain - level 1
OOHEAD;CO header file;OACHL2;Business chain - level 2
OOHEAD;CO header file;OACHL3;Business chain - level 3
OOHEAD;CO header file;OACHL4;Business chain - level 4
OOHEAD;CO header file;OACUNO;Customer
OOHEAD;CO header file;OAORDT;Order date
OOHEAD;CO header file;OACUDT;Customer s purchase order date
OOHEAD;CO header file;OARLDT;Requested delivery date
OOHEAD;CO header file;OARLHM;Requested delivery time
OOHEAD;CO header file;OARLDZ;Requested delivery date
OOHEAD;CO header file;OARLHZ;Requested delivery time
OOHEAD;CO header file;OATIZO;Time zone
OOHEAD;CO header file;OADMDT;Manual due date
OOHEAD;CO header file;OACURD;Value date
OOHEAD;CO header file;OAFDDT;Earliest delivery date
OOHEAD;CO header file;OAOPRI;Priority
OOHEAD;CO header file;OAAICD;Summary invoice
OOHEAD;CO header file;OAOBLC;Customer order stop
OOHEAD;CO header file;OAECTT;EU triangular trade
OOHEAD;CO header file;OAOT38;Update order received statistics
OOHEAD;CO header file;OALNCD;Language
OOHEAD;CO header file;OATEPY;Payment terms
OOHEAD;CO header file;OAPYCD;Payment method - accounts receivable
OOHEAD;CO header file;OATECD;Cash discount term
OOHEAD;CO header file;OAMODL;Delivery method
OOHEAD;CO header file;OATEDL;Delivery terms
OOHEAD;CO header file;OATEL2;Terms text
OOHEAD;CO header file;OATEPA;Packaging terms
OOHEAD;CO header file;OAADID;Address number
OOHEAD;CO header file;OASMCD;Salesperson
OOHEAD;CO header file;OAOFNO;Quotation number
OOHEAD;CO header file;OAOREF;Our reference
OOHEAD;CO header file;OAYREF;Your reference 1
OOHEAD;CO header file;OACUOR;Customer's order number
OOHEAD;CO header file;OAPROJ;Project number
OOHEAD;CO header file;OAELNO;Project element
OOHEAD;CO header file;OAWCON;Contact method
OOHEAD;CO header file;OAVRCD;Business type - trade statistics (TST)
OOHEAD;CO header file;OAFRE1;Statistics identity 1 customer
OOHEAD;CO header file;OAPYNO;Payer
OOHEAD;CO header file;OAINRC;Invoice recipient
OOHEAD;CO header file;OAAGNO;Blanket agreement number
OOHEAD;CO header file;OABAGC;Customer - blanket agreement
OOHEAD;CO header file;OABAGD;Start date - blanket agreement
OOHEAD;CO header file;OAPLTB;Price list table
OOHEAD;CO header file;OADISY;Discount model
OOHEAD;CO header file;OAEXCD;Service charge
OOHEAD;CO header file;OATINC;VAT included
OOHEAD;CO header file;OALOCD;Local currency
OOHEAD;CO header file;OACUCD;Currency
OOHEAD;CO header file;OADCCD;Number of decimal places
OOHEAD;CO header file;OACRTP;Exchange rate type
OOHEAD;CO header file;OAFECN;Future rate agreement number
OOHEAD;CO header file;OAARAT;Exchange rate
OOHEAD;CO header file;OADMCU;Currency conversion method
OOHEAD;CO header file;OABREC;Recipient b/c agreement
OOHEAD;CO header file;OAAGNT;Recipient agreement type 1 - commission
OOHEAD;CO header file;OAGRWE;Gross weight
OOHEAD;CO header file;OANEWE;Net weight
OOHEAD;CO header file;OAVOL3;Volume
OOHEAD;CO header file;OACOAM;Total order cost
OOHEAD;CO header file;OABRAM;Order value gross
OOHEAD;CO header file;OABRLA;Total order value gross
OOHEAD;CO header file;OANTAM;Net order value
OOHEAD;CO header file;OANTLA;Total order value net
OOHEAD;CO header file;OARPIV;Remains to invoice in advance
OOHEAD;CO header file;OAIPIV;Amount of advance invoice
OOHEAD;CO header file;OAIAPD;Invoice amount - previous deliveries
OOHEAD;CO header file;OAVAPD;Remaining VAT to invoice
OOHEAD;CO header file;OAOTBA;Order total discount generating amount
OOHEAD;CO header file;OAOTDP;Order total discount - percentage
OOHEAD;CO header file;OADICD;Discount origin
OOHEAD;CO header file;OACMPN;Discount campaign
OOHEAD;CO header file;OATOPR;Total price
OOHEAD;CO header file;OATBLG;Not used
OOHEAD;CO header file;OANBNS;Number of noninventory order lines
OOHEAD;CO header file;OAHOCD;Order entry in progress
OOHEAD;CO header file;OACHSY;Line charge model
OOHEAD;CO header file;OAECLC;Labor code - trade statistics (TST)
OOHEAD;CO header file;OACPRE;Customs procedure - export
OOHEAD;CO header file;OAHAFE;Harbor or airport
OOHEAD;CO header file;OATAXC;Tax code customer/address
OOHEAD;CO header file;OAJNA;Job name
OOHEAD;CO header file;OAJNU;Job number
OOHEAD;CO header file;OATXID;Text identity
OOHEAD;CO header file;OAPRTX;Text identity
OOHEAD;CO header file;OAPOTX;Text identity
OOHEAD;CO header file;OADTID;Data identity
OOHEAD;CO header file;OAROUT;Route
OOHEAD;CO header file;OARODN;Route departure
OOHEAD;CO header file;OADLSP;Delivery specification
OOHEAD;CO header file;OADSTX;Description
OOHEAD;CO header file;OAFDED;First delivery date
OOHEAD;CO header file;OALDED;Last delivery
OOHEAD;CO header file;OARESP;Responsible
OOHEAD;CO header file;OASPLM;Supply model
OOHEAD;CO header file;OABLRO;Backlog rounding
OOHEAD;CO header file;OATXAP;Tax applicable
OOHEAD;CO header file;OAVTCD;VAT code
OOHEAD;CO header file;OANREF;Reference number
OOHEAD;CO header file;OA3RDP;3rd-party provider
OOHEAD;CO header file;OAIPAD;IP address
OOHEAD;CO header file;OARGDT;Entry date
OOHEAD;CO header file;OARGTM;Entry time
OOHEAD;CO header file;OALMDT;Change date
OOHEAD;CO header file;OACHNO;Change number
OOHEAD;CO header file;OACHID;Changed by
OOHEAD;CO header file;OASCED;Delivery regrouping
OOHEAD;CO header file;OALMTS;Timestamp
OOHEAD;CO header file;OAPCLA;Supplier rebate
OOHEAD;CO header file;OACUCH;Customer channel ID
OOHEAD;CO header file;OACCAC;Activity
OOHEAD;CO header file;OADECU;Delivery customer
OOHEAD;CO header file;OAVCTP;Validate CTP
OOHEAD;CO header file;OAPYRE;Reference number of payment request
OOHEAD;CO header file;OABKID;Bank account identity
OOHEAD;CO header file;OAABNO;Abnormal demand
OOHEAD;CO header file;OARASN;Rail station
OOHEAD;CO header file;OAOIVR;Original invoice reference
OOHEAD;CO header file;OAOYEA;Year
OOHEAD;CO header file;OAMIGI;Internal migration status
OOHEAD;CO header file;OAICTR;Internal sales
OOHEAD;CO header file;OACHL5;Business chain - level 5
OOHEAD;CO header file;OACHL6;Business chain - level 6
OOHEAD;CO header file;OACHL7;Business chain - level 7
OOHEAD;CO header file;OACHL8;Business chain - level 8
OOHEAD;CO header file;OACHL9;Business chain - level 9
OOHEAD;CO header file;OATAGY;Trade agreement model
OOHEAD;CO header file;OAUCA1;User-defined alpha field 1
OOHEAD;CO header file;OAUCA2;User-defined alpha field 2
OOHEAD;CO header file;OAUCA3;User-defined alpha field 3
OOHEAD;CO header file;OAUCA4;User-defined alpha field 4
OOHEAD;CO header file;OAUCA5;User-defined alpha field 5
OOHEAD;CO header file;OAUCA6;User-defined alpha field 6
OOHEAD;CO header file;OAUCA7;User-defined alpha field 7
OOHEAD;CO header file;OAUCA8;User-defined alpha field 8
OOHEAD;CO header file;OAUCA9;User-defined alpha field 9
OOHEAD;CO header file;OAUCA0;User-defined alpha field 10
OOHEAD;CO header file;OAUDN1;User-defined numeric 1
OOHEAD;CO header file;OAUDN2;User-defined numeric 2
OOHEAD;CO header file;OAUDN3;User-defined numeric 3
OOHEAD;CO header file;OAUDN4;User-defined numeric 4
OOHEAD;CO header file;OAUDN5;User-defined numeric 5
OOHEAD;CO header file;OAUDN6;User-defined numeric 6
OOHEAD;CO header file;OAUID1;User-defined date 1
OOHEAD;CO header file;OAUID2;User-defined date 2
OOHEAD;CO header file;OAUID3;User-defined date 3
OOHEAD;CO header file;OAUCT1;User-defined text field 1
OOLICH;Item charges per order line;O7CONO;Company
OOLICH;Item charges per order line;O7ORNO;Customer order number
OOLICH;Item charges per order line;O7PONR;Order line number
OOLICH;Item charges per order line;O7POSX;Line suffix
OOLICH;Item charges per order line;O7CRID;Charge
OOLICH;Item charges per order line;O7CRTY;Internal charge
OOLICH;Item charges per order line;O7ACRF;User-defined accounting control object
OOLICH;Item charges per order line;O7HACD;Debit frequency
OOLICH;Item charges per order line;O7CRD0;Description
OOLICH;Item charges per order line;O7CRAM;Charge
OOLICH;Item charges per order line;O7CRME;Calculation method
OOLICH;Item charges per order line;O7CRFA;Calculation factor
OOLICH;Item charges per order line;O7CHUN;Charge U/M
OOLICH;Item charges per order line;O7CHPD;Charge quantity
OOLICH;Item charges per order line;O7CHDC;Decimals places - charge base
OOLICH;Item charges per order line;O7BGRP;Bonus group
OOLICH;Item charges per order line;O7PRVG;Commission group
OOLICH;Item charges per order line;O7BOGR;Bonus generating
OOLICH;Item charges per order line;O7PRGR;Commission generating
OOLICH;Item charges per order line;O7CHPR;Presentation code - item charges
OOLICH;Item charges per order line;O7CRN1;Included in cost total 1
OOLICH;Item charges per order line;O7CRN2;Included in cost total 2
OOLICH;Item charges per order line;O7CRN3;Included in cost total 3
OOLICH;Item charges per order line;O7CRN4;Included in cost total 4
OOLICH;Item charges per order line;O7CRN5;Included in cost total 5
OOLICH;Item charges per order line;O7VTCD;VAT code
OOLICH;Item charges per order line;O7CUCD;Currency
OOLICH;Item charges per order line;O7CHST;Status - charge
OOLICH;Item charges per order line;O7CHPM;Pricing code for item charges
OOLICH;Item charges per order line;O7TAXC;Tax code customer/address
OOLICH;Item charges per order line;O7TAXI;Item-dependent tax
OOLICH;Item charges per order line;O7TXID;Text identity
OOLICH;Item charges per order line;O7RGDT;Entry date
OOLICH;Item charges per order line;O7RGTM;Entry time
OOLICH;Item charges per order line;O7LMDT;Change date
OOLICH;Item charges per order line;O7CHNO;Change number
OOLICH;Item charges per order line;O7CHID;Changed by
OOLICH;Item charges per order line;O7FUGE;Fund creation
OOLICH;Item charges per order line;O7CLGE;Claim creation
OOLICH;Item charges per order line;O7PYNO;Payer
OOLICH;Item charges per order line;O7AAGN;Agreement
OOLICH;Item charges per order line;O7TXBM;Tax base model
OOLICH;Item charges per order line;O7TXBA;Tax base amount
OOLICH;Item charges per order line;O7EXLC;From external system
OOLICH;Item charges per order line;O7CTY2;Charge category
OOLICH;Item charges per order line;O7ACR9;User-defined accounting control object 2
OOLICH;Item charges per order line;O7FRLC;User-defined field - line charge
OOLINE;CO line file;OBCMP7;Statistics identity - discount 7
OOLINE;CO line file;OBCMP8;Statistics identity - discount 8
OOLINE;CO line file;OBDIA7;Discount amount 7
OOLINE;CO line file;OBDIA8;Discount amount 8
OOLINE;CO line file;OBDIC7;Status - discount
OOLINE;CO line file;OBDIC8;Status - discount
OOLINE;CO line file;OBDIP7;Discount 7
OOLINE;CO line file;OBDIP8;Discount 8
OOLINE;CO line file;OBPRHC;Prod restr stop code
OOLINE;CO line file;OBRSC8;Transaction reason prod restriction
OOLINE;CO line file;OBCONO;Company
OOLINE;CO line file;OBORNO;Customer order number
OOLINE;CO line file;OBPONR;Order line number
OOLINE;CO line file;OBPOSX;Line suffix
OOLINE;CO line file;OBDIVI;Division
OOLINE;CO line file;OBLTYP;Line type
OOLINE;CO line file;OBORST;Highest status - customer order
OOLINE;CO line file;OBFACI;Facility
OOLINE;CO line file;OBWHLO;Warehouse
OOLINE;CO line file;OBITNO;Item number
OOLINE;CO line file;OBREPI;Replaced item number
OOLINE;CO line file;OBITDS;Name
OOLINE;CO line file;OBTEDS;Description 1
OOLINE;CO line file;OBORQT;Ordered quantity - basic U/M
OOLINE;CO line file;OBORQA;Ordered quantity - alternate U/M
OOLINE;CO line file;OBRNQT;Remaining quantity - basic U/M
OOLINE;CO line file;OBRNQA;Remaining quantity - alternate U/M
OOLINE;CO line file;OBALQT;Allocated quantity - basic U/M
OOLINE;CO line file;OBALQA;Allocated quantity - alternate U/M
OOLINE;CO line file;OBPLQT;Picking list quantity - basic U/M
OOLINE;CO line file;OBPLQA;Picking list quantity - alternate U/M
OOLINE;CO line file;OBDLQT;Delivered quantity - basic U/M
OOLINE;CO line file;OBDLQA;Delivered quantity - alternate U/M
OOLINE;CO line file;OBIVQT;Invoiced quantity - basic U/M
OOLINE;CO line file;OBIVQA;Invoiced quantity - alternate U/M
OOLINE;CO line file;OBDCCD;Number of decimal places
OOLINE;CO line file;OBALUN;Alternate U/M
OOLINE;CO line file;OBDCCA;Number of decimal places - alternate U/M
OOLINE;CO line file;OBCOFA;Conversion factor
OOLINE;CO line file;OBDMCF;Conversion form
OOLINE;CO line file;OBSPUN;Sales price unit of measure
OOLINE;CO line file;OBPCOF;Price adjustment factor
OOLINE;CO line file;OBDCCS;Number of decimal places - sales prc U/M
OOLINE;CO line file;OBCOFS;Conversion factor - sales price U/M
OOLINE;CO line file;OBDMCS;Conversion method - sales price U/M
OOLINE;CO line file;OBPOPN;Alias number
OOLINE;CO line file;OBALWT;Alias category
OOLINE;CO line file;OBALWQ;Alias qualifier
OOLINE;CO line file;OBSAPR;Sales price
OOLINE;CO line file;OBNEPR;Net price
OOLINE;CO line file;OBSACD;Sales price quantity
OOLINE;CO line file;OBPRMO;Price origin
OOLINE;CO line file;OBDIC1;Status - discount
OOLINE;CO line file;OBDIC2;Status - discount
OOLINE;CO line file;OBDIC3;Status - discount
OOLINE;CO line file;OBDIC4;Status - discount
OOLINE;CO line file;OBDIC5;Status - discount
OOLINE;CO line file;OBDIC6;Status - discount
OOLINE;CO line file;OBDIP1;Discount 1
OOLINE;CO line file;OBDIP2;Discount 2
OOLINE;CO line file;OBDIP3;Discount 3
OOLINE;CO line file;OBDIP4;Discount 4
OOLINE;CO line file;OBDIP5;Discount 5
OOLINE;CO line file;OBDIP6;Discount 6
OOLINE;CO line file;OBDIA1;Discount amount 1
OOLINE;CO line file;OBDIA2;Discount amount 2
OOLINE;CO line file;OBDIA3;Discount amount 3
OOLINE;CO line file;OBDIA4;Discount amount 4
OOLINE;CO line file;OBDIA5;Discount amount 5
OOLINE;CO line file;OBDIA6;Discount amount 6
OOLINE;CO line file;OBCMP1;Statistics identity - discount 1
OOLINE;CO line file;OBCMP2;Statistics identity - discount 2
OOLINE;CO line file;OBCMP3;Statistics identity - discount 3
OOLINE;CO line file;OBCMP4;Statistics identity - discount 4
OOLINE;CO line file;OBCMP5;Statistics identity - discount 5
OOLINE;CO line file;OBCMP6;Statistics identity - discount 6
OOLINE;CO line file;OBDIBE;Discount base
OOLINE;CO line file;OBDIRE;Discount relation
OOLINE;CO line file;OBDCHA;Manually changeable discount
OOLINE;CO line file;OBDPST;Statistics field for discount
OOLINE;CO line file;OBDDSU;Discount presentation
OOLINE;CO line file;OBIDSC;Internal discount
OOLINE;CO line file;OBACRF;User-defined accounting control object
OOLINE;CO line file;OBOTDI;Order total discount generating
OOLINE;CO line file;OBDWDT;Requested delivery date
OOLINE;CO line file;OBDWHM;Requested delivery time
OOLINE;CO line file;OBCODT;Confirmed delivery date
OOLINE;CO line file;OBCOHM;Confirmed delivery time
OOLINE;CO line file;OBDWDZ;Requested delivery date
OOLINE;CO line file;OBDWHZ;Requested delivery time
OOLINE;CO line file;OBCODZ;Confirmed delivery date
OOLINE;CO line file;OBCOHZ;Confirmed delivery time
OOLINE;CO line file;OBTIZO;Time zone
OOLINE;CO line file;OBDLTS;Delivery time slot
OOLINE;CO line file;OBSTCD;Inventory accounting
OOLINE;CO line file;OBPRCH;Price adjustment line
OOLINE;CO line file;OBRORC;Reference order category
OOLINE;CO line file;OBRORN;Reference order number
OOLINE;CO line file;OBRORL;Reference order line
OOLINE;CO line file;OBUCOS;Cost price
OOLINE;CO line file;OBCOCD;Item cost quantity
OOLINE;CO line file;OBUCCD;Standard cost code
OOLINE;CO line file;OBCMNO;Sales campaign
OOLINE;CO line file;OBHDPR;Main product
OOLINE;CO line file;OBCFIN;Configuration number
OOLINE;CO line file;OBECVS;Simulation round
OOLINE;CO line file;OBVTCD;VAT code
OOLINE;CO line file;OBJDCD;Joint delivery
OOLINE;CO line file;OBDLSP;Delivery specification
OOLINE;CO line file;OBLNAM;Line amount - order currency
OOLINE;CO line file;OBLNA2;Line amount 2
OOLINE;CO line file;OBDINR;Order line number
OOLINE;CO line file;OBDISX;Discount in kind line suffix
OOLINE;CO line file;OBAGNO;Blanket agreement number
OOLINE;CO line file;OBBAGC;Customer - blanket agreement
OOLINE;CO line file;OBBAGD;Start date - blanket agreement
OOLINE;CO line file;OBAGLN;Sequence number
OOLINE;CO line file;OBPRRF;Price list
OOLINE;CO line file;OBNTCD;Net price used
OOLINE;CO line file;OBCNQT;Quantity
OOLINE;CO line file;OBEDFP;EDIFACT price
OOLINE;CO line file;OBSMCD;Salesperson
OOLINE;CO line file;OBBNCD;Bonus generating
OOLINE;CO line file;OBPRAC;Commission generating
OOLINE;CO line file;OBVRCD;Business type - trade statistics (TST)
OOLINE;CO line file;OBECLC;Labor code - trade statistics (TST)
OOLINE;CO line file;OBORCO;Country of origin
OOLINE;CO line file;OBPRTX;Text identity
OOLINE;CO line file;OBPOTX;Text identity
OOLINE;CO line file;OBDTID;Data identity
OOLINE;CO line file;OBDELS;Delivery schedule order
OOLINE;CO line file;OBE0PA;Partner
OOLINE;CO line file;OBDSGP;Delivery schedule group
OOLINE;CO line file;OBMOYE;Model/year
OOLINE;CO line file;OBPUSN;Delivery note reference
OOLINE;CO line file;OBPUTP;Delivery note reference qualifier
OOLINE;CO line file;OBQTQL;Demand bucket
OOLINE;CO line file;OBTEPA;Packaging terms
OOLINE;CO line file;OBPACT;Packaging
OOLINE;CO line file;OBCUPA;Customer s packaging identity
OOLINE;CO line file;OBD1QT;Standard quantity
OOLINE;CO line file;OBCUNO;Customer
OOLINE;CO line file;OBCUOR;Customer's order number
OOLINE;CO line file;OBCUPO;Order line number
OOLINE;CO line file;OBCUSX;Line suffix
OOLINE;CO line file;OBSMCC;Contribution margin check
OOLINE;CO line file;OBRSCD;Transaction reason
OOLINE;CO line file;OBMUFT;MUC trigger
OOLINE;CO line file;OBINPR;Internal transfer price
OOLINE;CO line file;OBCUCT;Internal transfer currency
OOLINE;CO line file;OBABNO;Abnormal demand
OOLINE;CO line file;OBPROJ;Project number
OOLINE;CO line file;OBELNO;Project element
OOLINE;CO line file;OBBPAT;Buying pattern
OOLINE;CO line file;OBBPST;Status - buying pattern
OOLINE;CO line file;OBNOAA;Overriding allocation method
OOLINE;CO line file;OBCPRE;Customs procedure - export
OOLINE;CO line file;OBHAFE;Harbor or airport
OOLINE;CO line file;OBCAWE;Catch weight
OOLINE;CO line file;OBWHSL;Location
OOLINE;CO line file;OBBANO;Lot number
OOLINE;CO line file;OBCAMU;Container
OOLINE;CO line file;OBADID;Address number
OOLINE;CO line file;OBROUT;Route
OOLINE;CO line file;OBRODN;Route departure
OOLINE;CO line file;OBDSDT;Departure date
OOLINE;CO line file;OBDSHM;Departure time
OOLINE;CO line file;OBDSTX;Description
OOLINE;CO line file;OBDEFC;Demand factor
OOLINE;CO line file;OBPLDT;Planning date
OOLINE;CO line file;OBPLHM;Planning time
OOLINE;CO line file;OBSRCD;Reservation level
OOLINE;CO line file;OBSPLC;Delivery split rule
OOLINE;CO line file;OBDLBU;Shipping period
OOLINE;CO line file;OBSPOS;Line number
OOLINE;CO line file;OBFDED;First delivery date
OOLINE;CO line file;OBLDED;Last delivery
OOLINE;CO line file;OBAETY;Order line address type
OOLINE;CO line file;OBATNR;Attribute number
OOLINE;CO line file;OBSCMO;Costing model - sales price
OOLINE;CO line file;OBPRPR;Preliminary price
OOLINE;CO line file;OBCINA;Create cost accounting transactions
OOLINE;CO line file;OBATV1;Attribute value - display field 1
OOLINE;CO line file;OBATV2;Attribute value - display field 2
OOLINE;CO line file;OBATV3;Attribute value - display field 3
OOLINE;CO line file;OBATV4;Attribute value - display field 4
OOLINE;CO line file;OBATV5;Attribute value - display field 5
OOLINE;CO line file;OBATV6;Attribute value - display field 6
OOLINE;CO line file;OBATV7;Attribute value - display field 7
OOLINE;CO line file;OBATV8;Attribute value - display field 8
OOLINE;CO line file;OBATV9;Attribute value - display field 9
OOLINE;CO line file;OBATV0;Attribute value - display field 10
OOLINE;CO line file;OBCNNR;Detailed order requirement (DOR) number
OOLINE;CO line file;OBMNIN;Main U/M indicator
OOLINE;CO line file;OBREPN;Receiving number
OOLINE;CO line file;OBATPR;Attribute pricing rule
OOLINE;CO line file;OBATMO;Attribute model
OOLINE;CO line file;OBORTY;Order type
OOLINE;CO line file;OBSUNO;Supplier
OOLINE;CO line file;OBPUPR;Purchase price
OOLINE;CO line file;OBPUCD;Purchase price quantity
OOLINE;CO line file;OBPPUN;Purchase price U/M
OOLINE;CO line file;OBCUCD;Currency
OOLINE;CO line file;OBODI1;Discount 1
OOLINE;CO line file;OBODI2;Discount 2
OOLINE;CO line file;OBODI3;Discount 3
OOLINE;CO line file;OBOURR;Our reference number
OOLINE;CO line file;OBOURT;Reference type
OOLINE;CO line file;OBBUYE;Buyer
OOLINE;CO line file;OBFWHL;From warehouse
OOLINE;CO line file;OBPRNO;Product
OOLINE;CO line file;OBSCHN;Schedule number
OOLINE;CO line file;OBMODL;Delivery method
OOLINE;CO line file;OBTEDL;Delivery terms
OOLINE;CO line file;OBTEL2;Terms text
OOLINE;CO line file;OBRGDT;Entry date
OOLINE;CO line file;OBRGTM;Entry time
OOLINE;CO line file;OBLMDT;Change date
OOLINE;CO line file;OBCHNO;Change number
OOLINE;CO line file;OBCHID;Changed by
OOLINE;CO line file;OBRORX;Line suffix
OOLINE;CO line file;OBLMTS;Timestamp
OOLINE;CO line file;OBRTQA;Returned quantity - alternate U/M
OOLINE;CO line file;OBRTQT;Returned quantity - basic U/M
OOLINE;CO line file;OBPRHL;Product number highest level
OOLINE;CO line file;OBSERN;Serial number
OOLINE;CO line file;OBCTNO;Agreement number
OOLINE;CO line file;OBAPBA;Material price method
OOLINE;CO line file;OBCFGL;Position
OOLINE;CO line file;OBWATP;Warranty type
OOLINE;CO line file;OBGWTP;Granted warranty type
OOLINE;CO line file;OBPRHW;Product number highest level
OOLINE;CO line file;OBSERW;Serial number
OOLINE;CO line file;OBPWNR;Order line number
OOLINE;CO line file;OBPWSX;Line suffix
OOLINE;CO line file;OBEWST;Extended warranty start
OOLINE;CO line file;OBAGNB;Agreement number
OOLINE;CO line file;OBCTNS;Agreement number
OOLINE;CO line file;OBWATQ;Qualified for goodwill
OOLINE;CO line file;OBTECN;Tax exemption contract number
OOLINE;CO line file;OBINAP;Industry application
OOLINE;CO line file;OBPCNR;Order line number
OOLINE;CO line file;OBPCSU;Line suffix
OOLINE;CO line file;OBRELI;Order line number
OOLINE;CO line file;OBPIDE;Promotion
OOLINE;CO line file;OBPCLA;Supplier rebate
OOLINE;CO line file;OBBOP1;Automatic closing
OOLINE;CO line file;OBSCLB;Supplier rebate base
OOLINE;CO line file;OBOFNO;Quotation number
OOLINE;CO line file;OBVERS;Version
OOLINE;CO line file;OBOFNR;Order line number
OOLINE;CO line file;OBOFSX;Line suffix
OOLINE;CO line file;OBDECU;Delivery customer
OOLINE;CO line file;OBTEPY;Payment terms
OOLINE;CO line file;OBARST;Action reason type
OOLINE;CO line file;OBRSC1;Action reason
OOLINE;CO line file;OBPMOR;Payment terms origin
OOLINE;CO line file;OBCBSM;Created by supply model
OOLINE;CO line file;OBINIP;Initial promotion
OOLINE;CO line file;OBUPAV;Update material plan
OOLINE;CO line file;OBQTBC;Quantity to be closed
OOLINE;CO line file;OBMPID;Manual promotion
OOLINE;CO line file;OBTOMU;Issue multiple
OOLINE;CO line file;OBENNO;Entitlement number
OOLINE;CO line file;OBLNCL;Line classification
OOLINE;CO line file;OBPRIO;Priority
OOLINE;CO line file;OBCCSA;Sales price - core charge
OOLINE;CO line file;OBRAGN;Supplier rebate on sales agreement
OOLINE;CO line file;OBRASN;Rail station
OOLINE;CO line file;OBCLAT;Supplier rebate reference type
OOLINE;CO line file;OBOLSC;Order line stop code
OOLINE;CO line file;OBMIGI;Internal migration status
OOLINE;CO line file;OBPIKD;Picked
OOLINE;CO line file;OBDPOL;Dispatch policy
OOLINE;CO line file;OBRSC5;Transaction reason price
OOLINE;CO line file;OBRSC6;Transaction reason quantity
OOLINE;CO line file;OBRSC7;Transaction reason time
OOLINE;CO line file;OBMPRD;Manual price date
OOLINE;CO line file;OBUCA1;User-defined alpha field 1
OOLINE;CO line file;OBUCA2;User-defined alpha field 2
OOLINE;CO line file;OBUCA3;User-defined alpha field 3
OOLINE;CO line file;OBUCA4;User-defined alpha field 4
OOLINE;CO line file;OBUCA5;User-defined alpha field 5
OOLINE;CO line file;OBUCA6;User-defined alpha field 6
OOLINE;CO line file;OBUCA7;User-defined alpha field 7
OOLINE;CO line file;OBUCA8;User-defined alpha field 8
OOLINE;CO line file;OBUCA9;User-defined alpha field 9
OOLINE;CO line file;OBUCA0;User-defined alpha field 10
OOLINE;CO line file;OBUDN1;User-defined numeric 1
OOLINE;CO line file;OBUDN2;User-defined numeric 2
OOLINE;CO line file;OBUDN3;User-defined numeric 3
OOLINE;CO line file;OBUDN4;User-defined numeric 4
OOLINE;CO line file;OBUDN5;User-defined numeric 5
OOLINE;CO line file;OBUDN6;User-defined numeric 6
OOLINE;CO line file;OBUID1;User-defined date 1
OOLINE;CO line file;OBUID2;User-defined date 2
OOLINE;CO line file;OBUID3;User-defined date 3
OOLINE;CO line file;OBUCT1;User-defined text field 1
OOQUOH;Quotation order head;QFCONO;Company
OOQUOH;Quotation order head;QFORNO;Customer order number
OOQUOH;Quotation order head;QFCUNO;Customer
OOQUOH;Quotation order head;QFSTAT;Status
OOQUOH;Quotation order head;QFORCD;Quotation reason
OOQUOH;Quotation order head;QFDIVI;Division
OOQUOH;Quotation order head;QFFACI;Facility
OOQUOH;Quotation order head;QFBECD;Ordering method
OOQUOH;Quotation order head;QFGIDT;Valid to
OOQUOH;Quotation order head;QFBVD1;Follow-up date 1
OOQUOH;Quotation order head;QFBVD2;Follow-up date 2
OOQUOH;Quotation order head;QFBVC1;Follow-up activity 1
OOQUOH;Quotation order head;QFBVC2;Follow-up activity 2
OOQUOH;Quotation order head;QFDLDA;Delivery time in days
OOQUOH;Quotation order head;QFREFO;Reference object
OOQUOH;Quotation order head;QFFFI1;User-defined field 1
OOQUOH;Quotation order head;QFFFI2;User-defined field 2
OOQUOH;Quotation order head;QFFFI3;User-defined field 3
OOQUOH;Quotation order head;QFFFI4;User-defined field 4
OOQUOH;Quotation order head;QFFFI5;User-defined field 5
OOQUOH;Quotation order head;QFFFI6;User-defined field 6
OOQUOH;Quotation order head;QFTXID;Text identity
OOQUOH;Quotation order head;QFRGDT;Entry date
OOQUOH;Quotation order head;QFRGTM;Entry time
OOQUOH;Quotation order head;QFLMDT;Change date
OOQUOH;Quotation order head;QFCHNO;Change number
OOQUOH;Quotation order head;QFCHID;Changed by
OORESC;Rescheduled CO-lines;OCCONO;Company
OORESC;Rescheduled CO-lines;OCORNO;Customer order number
OORESC;Rescheduled CO-lines;OCPONR;Order line number
OORESC;Rescheduled CO-lines;OCPOSX;Line suffix
OORESC;Rescheduled CO-lines;OCMSEQ;Sequence number
OORESC;Rescheduled CO-lines;OCCODT;Confirmed delivery date
OORESC;Rescheduled CO-lines;OCPLDT;Planning date
OORESC;Rescheduled CO-lines;OCDODT;Last printout date
OORESC;Rescheduled CO-lines;OCCUNO;Customer
OORESC;Rescheduled CO-lines;OCTIHM;Time hours & minutes
OORESC;Rescheduled CO-lines;OCRGDT;Entry date
OORESC;Rescheduled CO-lines;OCRGTM;Entry time
OORESC;Rescheduled CO-lines;OCLMDT;Change date
OORESC;Rescheduled CO-lines;OCCHNO;Change number
OORESC;Rescheduled CO-lines;OCCHID;Changed by
OOTYPE;Customer order - order types;OOBMON;Block manually entered order number
OOTYPE;Customer order - order types;OOCAIS;Credit advance invoice series
OOTYPE;Customer order - order types;OOCSTA;Customer order type status
OOTYPE;Customer order - order types;OODEPY;Deposit payment terms
OOTYPE;Customer order - order types;OODSOL;Deposit for stocked order lines
OOTYPE;Customer order - order types;OORCRU;Price/disc re-calculation rule
OOTYPE;Customer order - order types;OOCONO;Company
OOTYPE;Customer order - order types;OOORTP;Customer order type
OOTYPE;Customer order - order types;OOORTK;Customer order category
OOTYPE;Customer order - order types;OONEXT;Next manual function
OOTYPE;Customer order - order types;OOTX40;Description
OOTYPE;Customer order - order types;OOTX15;Name
OOTYPE;Customer order - order types;OOAUGP;Authorization group
OOTYPE;Customer order - order types;OOOT01;Business chain check
OOTYPE;Customer order - order types;OOOT04;Panel sequence
OOTYPE;Customer order - order types;OOOT05;Customer order series
OOTYPE;Customer order - order types;OOOT06;Entry option
OOTYPE;Customer order - order types;OOOT10;Several warehouses permitted
OOTYPE;Customer order - order types;OOOT11;Quantity sign
OOTYPE;Customer order - order types;OOOT12;Sales price rule
OOTYPE;Customer order - order types;OOOT14;Cost price rule
OOTYPE;Customer order - order types;OOOT15;Availability check
OOTYPE;Customer order - order types;OOOT17;Promotion check
OOTYPE;Customer order - order types;OOOT18;Inventory accounting code - order type
OOTYPE;Customer order - order types;OOOT19;Check sequence - item ID
OOTYPE;Customer order - order types;OOOT20;Line number interval
OOTYPE;Customer order - order types;OOOT22;Minimum processing time
OOTYPE;Customer order - order types;OOOT25;Allocation method
OOTYPE;Customer order - order types;OOOT26;Sales support integration
OOTYPE;Customer order - order types;OOOT30;Cost pricing at delivery
OOTYPE;Customer order - order types;OOOT31;Pricing and discount setting
OOTYPE;Customer order - order types;OOOT34;Invoice series
OOTYPE;Customer order - order types;OOOT35;Advance invoicing
OOTYPE;Customer order - order types;OOOT36;Advance invoice series
OOTYPE;Customer order - order types;OOOT37;Summary invoice
OOTYPE;Customer order - order types;OOOT38;Update order received statistics
OOTYPE;Customer order - order types;OOOT39;Update sales statistics
OOTYPE;Customer order - order types;OOOT42;Print fixed customer text
OOTYPE;Customer order - order types;OOOT45;Print fixed item text
OOTYPE;Customer order - order types;OOOT46;Print fixed document text
OOTYPE;Customer order - order types;OOOT47;Default line type
OOTYPE;Customer order - order types;OOOT53;Abnormal demand
OOTYPE;Customer order - order types;OOOT54;Bonus generating
OOTYPE;Customer order - order types;OOOT55;Commission generating
OOTYPE;Customer order - order types;OOOT59;Preliminary customer order
OOTYPE;Customer order - order types;OOOT60;Status - delivery order
OOTYPE;Customer order - order types;OOOT61;Reasonability check
OOTYPE;Customer order - order types;OOOT63;Contribution margin ratio check
OOTYPE;Customer order - order types;OOOT65;Statistics - lost sales
OOTYPE;Customer order - order types;OOOT66;Check duplicates
OOTYPE;Customer order - order types;OOOT67;Check order charges
OOTYPE;Customer order - order types;OOOT68;Check item charges
OOTYPE;Customer order - order types;OOOT69;Shortage panel
OOTYPE;Customer order - order types;OOOT70;Update buying pattern
OOTYPE;Customer order - order types;OOOT71;Customer order entry messages
OOTYPE;Customer order - order types;OOOT72;Propose quantity
OOTYPE;Customer order - order types;OOOT73;Search sequence - alias type
OOTYPE;Customer order - order types;OOOT74;Total price permitted
OOTYPE;Customer order - order types;OOOT75;Self invoicing
OOTYPE;Customer order - order types;OOOT77;Propose warehouse
OOTYPE;Customer order - order types;OOSPLM;Supply model
OOTYPE;Customer order - order types;OOOT80;Automatic acquisition
OOTYPE;Customer order - order types;OOOT81;Automatic release
OOTYPE;Customer order - order types;OOOT84;Tolerance days early delivery
OOTYPE;Customer order - order types;OOOT85;Tolerance days late delivery
OOTYPE;Customer order - order types;OOOT86;External prices
OOTYPE;Customer order - order types;OOOT88;Check demand time fence
OOTYPE;Customer order - order types;OOPDAD;Accepted deviation
OOTYPE;Customer order - order types;OOQFCT;Quantity fulfillment check method
OOTYPE;Customer order - order types;OOCLOE;Credit check - new entry of order
OOTYPE;Customer order - order types;OOCLLE;Credit check - new entry of lines
OOTYPE;Customer order - order types;OOCLOQ;Credit check - close
OOTYPE;Customer order - order types;OOIVGP;Invoicing group
OOTYPE;Customer order - order types;OOTOLI;Total line
OOTYPE;Customer order - order types;OOSFUP;Update subfile
OOTYPE;Customer order - order types;OOQTTH;Sorting order - panel H
OOTYPE;Customer order - order types;OOPAVR;View
OOTYPE;Customer order - order types;OOPAV2;View
OOTYPE;Customer order - order types;OOAGWU;Update cumulative weight
OOTYPE;Customer order - order types;OOROPP;Rounding-off category
OOTYPE;Customer order - order types;OOIVLV;Auto level - invoicing
OOTYPE;Customer order - order types;OOSPIC;Opening panel
OOTYPE;Customer order - order types;OOAGCL;Agreement check
OOTYPE;Customer order - order types;OOTXID;Text identity
OOTYPE;Customer order - order types;OOOT89;Check planned split
OOTYPE;Customer order - order types;OODEFC;Demand factor
OOTYPE;Customer order - order types;OOROPK;Round to packaging size
OOTYPE;Customer order - order types;OODPOL;Dispatch policy
OOTYPE;Customer order - order types;OOSEAH;Season in use
OOTYPE;Customer order - order types;OOSCMO;Costing model - sales price
OOTYPE;Customer order - order types;OOPRMS;Price origin sequence
OOTYPE;Customer order - order types;OOPTRG;Reschedule from when preall was changed
OOTYPE;Customer order - order types;OOPTQC;Update preallocation when qty is changed
OOTYPE;Customer order - order types;OOQDCK;Quotation date check
OOTYPE;Customer order - order types;OOQSCK;Create quotas for customers with sts 10
OOTYPE;Customer order - order types;OOAUBC;Ignore payer block code
OOTYPE;Customer order - order types;OODELA;Display delivery addresses
OOTYPE;Customer order - order types;OOUPDE;Update delivered/not invoiced statistics
OOTYPE;Customer order - order types;OOPCKA;Packaging action
OOTYPE;Customer order - order types;OOQLCH;Quantity limit
OOTYPE;Customer order - order types;OOPDCH;Price date check
OOTYPE;Customer order - order types;OOBEPR;Best price
OOTYPE;Customer order - order types;OOAOPT;Automatic option
OOTYPE;Customer order - order types;OORGDT;Entry date
OOTYPE;Customer order - order types;OORGTM;Entry time
OOTYPE;Customer order - order types;OOLMDT;Change date
OOTYPE;Customer order - order types;OOCHNO;Change number
OOTYPE;Customer order - order types;OOCHID;Changed by
OOTYPE;Customer order - order types;OOOT91;Validate S/N
OOTYPE;Customer order - order types;OOXTPI;Type of invoice
OOTYPE;Customer order - order types;OOOT79;Corrective invoice series
OOTYPE;Customer order - order types;OOLMTS;Timestamp
OOTYPE;Customer order - order types;OOTAXC;Tax code customer/address
OOTYPE;Customer order - order types;OOBOP1;Automatic closing
OOTYPE;Customer order - order types;OORPRQ;Round promotion quantity
OOTYPE;Customer order - order types;OOQTTB;Input alternative - panel B
OOTYPE;Customer order - order types;OOARES;Action reasons
OOTYPE;Customer order - order types;OOINOR;Initial order
OOTYPE;Customer order - order types;OOVTDE;VAT calculation at goods delivery
OOTYPE;Customer order - order types;OOPRSE;Payment request series
OOTYPE;Customer order - order types;OOPAV4;View
OOTYPE;Customer order - order types;OOCAPM;Cash desk active
OOTYPE;Customer order - order types;OOUOVW;Update order value without risk
OOTYPE;Customer order - order types;OOOT92;Several pieces of equipment
OOTYPE;Customer order - order types;OOCRAD;Create address
OOTYPE;Customer order - order types;OOITSC;Item status check
OOTYPE;Customer order - order types;OOOT83;Payment document series
OOTYPE;Customer order - order types;OORACH;Supplier rebate agreement check
OOTYPE;Customer order - order types;OOOTA6;Eco-calculation
OOTYPE;Customer order - order types;OOPRGU;Price guidance
OOTYPE;Customer order - order types;OOOBPG;Price origins blocked for price guidance
OOTYPE;Customer order - order types;OOMIXO;Mixed order
OOTYPE;Customer order - order types;OODANC;Prohibit negative charges
OOTYPE;Customer order - order types;OOICTR;Internal sales
OOTYPE;Customer order - order types;OOLS03;Lost sales - endmark picking list
OOTYPE;Customer order - order types;OORS03;Reason code - endmark picking list
OOTYPE;Customer order - order types;OOLS04;Lost sales - auto close
OOTYPE;Customer order - order types;OORS04;Reason code - auto closing
OOTYPE;Customer order - order types;OOQR15;Quantity reason code - endmark picking
OOTYPE;Customer order - order types;OORS15;Reason code - endmark picking list
OOTYPE;Customer order - order types;OOQR16;Quantity reason code - auto closing
OOTYPE;Customer order - order types;OORS16;Reason code - auto closing
OOTYPE;Customer order - order types;OONFDI;Not for debit invoice
OPRBAS;M3 Sales Price List - Basic;ODCONO;Company
OPRBAS;M3 Sales Price List - Basic;ODPRRF;Price list
OPRBAS;M3 Sales Price List - Basic;ODCUCD;Currency
OPRBAS;M3 Sales Price List - Basic;ODCUNO;Customer
OPRBAS;M3 Sales Price List - Basic;ODFVDT;Valid from
OPRBAS;M3 Sales Price List - Basic;ODITNO;Item number
OPRBAS;M3 Sales Price List - Basic;ODOBV1;Start value 1
OPRBAS;M3 Sales Price List - Basic;ODOBV2;Start value 2
OPRBAS;M3 Sales Price List - Basic;ODOBV3;Start value 3
OPRBAS;M3 Sales Price List - Basic;ODOBV4;Start value 4
OPRBAS;M3 Sales Price List - Basic;ODOBV5;Start value 5
OPRBAS;M3 Sales Price List - Basic;ODVFDT;Valid from
OPRBAS;M3 Sales Price List - Basic;ODDIVI;Division
OPRBAS;M3 Sales Price List - Basic;ODCMNO;Sales campaign
OPRBAS;M3 Sales Price List - Basic;ODNTCD;Net price used
OPRBAS;M3 Sales Price List - Basic;ODBNCD;Bonus generating
OPRBAS;M3 Sales Price List - Basic;ODPRAC;Commission generating
OPRBAS;M3 Sales Price List - Basic;ODSAPR;Sales price
OPRBAS;M3 Sales Price List - Basic;ODSPNR;Sales price - not rounded off
OPRBAS;M3 Sales Price List - Basic;ODSACD;Sales price quantity
OPRBAS;M3 Sales Price List - Basic;ODSPUN;Sales price unit of measure
OPRBAS;M3 Sales Price List - Basic;ODMXID;Selection matrix
OPRBAS;M3 Sales Price List - Basic;ODSGGU;Scale unit of measure
OPRBAS;M3 Sales Price List - Basic;ODLVDT;Valid to
OPRBAS;M3 Sales Price List - Basic;ODTINC;VAT included
OPRBAS;M3 Sales Price List - Basic;ODVTCD;VAT code
OPRBAS;M3 Sales Price List - Basic;ODPRIX;Price index
OPRBAS;M3 Sales Price List - Basic;ODACGR;Object access group
OPRBAS;M3 Sales Price List - Basic;ODFMID;Formula
OPRBAS;M3 Sales Price List - Basic;ODRESI;Result identity
OPRBAS;M3 Sales Price List - Basic;ODRGDT;Entry date
OPRBAS;M3 Sales Price List - Basic;ODRGTM;Entry time
OPRBAS;M3 Sales Price List - Basic;ODLMDT;Change date
OPRBAS;M3 Sales Price List - Basic;ODCHNO;Change number
OPRBAS;M3 Sales Price List - Basic;ODCHID;Changed by
OPRBAS;M3 Sales Price List - Basic;ODLMTS;Timestamp
OPRBAS;M3 Sales Price List - Basic;ODUUID;Universally unique identifier
OPRBAS;M3 Sales Price List - Basic;ODMIGI;Internal migration status
OPRBAS;M3 Sales Price List - Basic;ODPRLP;Preliminary price list
OPRBAS;M3 Sales Price List - Basic;ODSTRT;Product structure type
OPRICH;M3 Sales Price list;OJFPRG;From procurement group
OPRICH;M3 Sales Price list;OJFSLE;From sales iitem
OPRICH;M3 Sales Price list;OJRASR;Agreement reference number
OPRICH;M3 Sales Price list;OJTPRG;To procurement group
OPRICH;M3 Sales Price list;OJTSLE;To sales item
OPRICH;M3 Sales Price list;OJTX60;Text
OPRICH;M3 Sales Price list;OJCONO;Company
OPRICH;M3 Sales Price list;OJPRRF;Price list
OPRICH;M3 Sales Price list;OJCUNO;Customer
OPRICH;M3 Sales Price list;OJCUCD;Currency
OPRICH;M3 Sales Price list;OJFVDT;Valid from
OPRICH;M3 Sales Price list;OJDIVI;Division
OPRICH;M3 Sales Price list;OJCMNO;Sales campaign
OPRICH;M3 Sales Price list;OJLVDT;Valid to
OPRICH;M3 Sales Price list;OJTX40;Description
OPRICH;M3 Sales Price list;OJTX15;Name
OPRICH;M3 Sales Price list;OJTINC;VAT included
OPRICH;M3 Sales Price list;OJVTCD;VAT code
OPRICH;M3 Sales Price list;OJNTCD;Net price used
OPRICH;M3 Sales Price list;OJACGR;Object access group
OPRICH;M3 Sales Price list;OJPRIX;Price index
OPRICH;M3 Sales Price list;OJSCAC;Automatic sales price calculation
OPRICH;M3 Sales Price list;OJSCSC;Manual update rule
OPRICH;M3 Sales Price list;OJSCMU;Manual update - sales prices
OPRICH;M3 Sales Price list;OJSCMO;Costing model - sales price
OPRICH;M3 Sales Price list;OJROPP;Rounding-off category
OPRICH;M3 Sales Price list;OJBAPL;Basic price list
OPRICH;M3 Sales Price list;OJFVD2;Valid from
OPRICH;M3 Sales Price list;OJE0CB;Currency
OPRICH;M3 Sales Price list;OJCUN2;Customer
OPRICH;M3 Sales Price list;OJSCBR;Costing base rounded off - sales price
OPRICH;M3 Sales Price list;OJWSCA;Costing model
OPRICH;M3 Sales Price list;OJWHLO;Warehouse
OPRICH;M3 Sales Price list;OJPCTP;Costing type
OPRICH;M3 Sales Price list;OJBNCD;Bonus generating
OPRICH;M3 Sales Price list;OJPRAC;Commission generating
OPRICH;M3 Sales Price list;OJCRTP;Exchange rate type
OPRICH;M3 Sales Price list;OJSCAL;Update scale alternativ
OPRICH;M3 Sales Price list;OJFITN;From item number
OPRICH;M3 Sales Price list;OJTITN;To item number
OPRICH;M3 Sales Price list;OJFITG;From item group
OPRICH;M3 Sales Price list;OJTITG;To item group
OPRICH;M3 Sales Price list;OJFITC;From product group
OPRICH;M3 Sales Price list;OJTITC;To product group
OPRICH;M3 Sales Price list;OJFITT;From item type
OPRICH;M3 Sales Price list;OJTITT;To item type
OPRICH;M3 Sales Price list;OJFRSP;From item responsible
OPRICH;M3 Sales Price list;OJTRSP;To item responsible
OPRICH;M3 Sales Price list;OJSLFR;From status
OPRICH;M3 Sales Price list;OJSLTO;To status
OPRICH;M3 Sales Price list;OJFMAB;From make/buy code
OPRICH;M3 Sales Price list;OJTMAB;To make/buy code
OPRICH;M3 Sales Price list;OJFSUN;From main supplier
OPRICH;M3 Sales Price list;OJTSUN;To main supplier
OPRICH;M3 Sales Price list;OJFCUN;From customer number
OPRICH;M3 Sales Price list;OJTCUN;To customer number
OPRICH;M3 Sales Price list;OJFBGR;From bonus group
OPRICH;M3 Sales Price list;OJTBGR;To bonus group
OPRICH;M3 Sales Price list;OJFPRC;From commission group
OPRICH;M3 Sales Price list;OJTPRC;To commission group
OPRICH;M3 Sales Price list;OJFASS;From assortment
OPRICH;M3 Sales Price list;OJTASS;To assortment
OPRICH;M3 Sales Price list;OJFCHC;From configuration code
OPRICH;M3 Sales Price list;OJTCHC;To configuration code
OPRICH;M3 Sales Price list;OJPC11;Field
OPRICH;M3 Sales Price list;OJPC12;Field
OPRICH;M3 Sales Price list;OJPC13;Field
OPRICH;M3 Sales Price list;OJTXID;Text identity
OPRICH;M3 Sales Price list;OJRGDT;Entry date
OPRICH;M3 Sales Price list;OJRGTM;Entry time
OPRICH;M3 Sales Price list;OJLMDT;Change date
OPRICH;M3 Sales Price list;OJCHNO;Change number
OPRICH;M3 Sales Price list;OJCHID;Changed by
OPRICH;M3 Sales Price list;OJLMTS;Timestamp
OPRICH;M3 Sales Price list;OJTEPY;Payment terms
OPRICH;M3 Sales Price list;OJOBJ1;Field
OPRICH;M3 Sales Price list;OJOBJ2;Field
OPRICH;M3 Sales Price list;OJOBJ3;Field
OPRICH;M3 Sales Price list;OJOBJ4;Field
OPRICH;M3 Sales Price list;OJOBJ5;Field
OPRICH;M3 Sales Price list;OJLISL;Not used
OPRICH;M3 Sales Price list;OJPRLP;Preliminary price list
OPRICH;M3 Sales Price list;OJPCDT;Costing date
OPRICH;M3 Sales Price list;OJSTRT;Product structure type
OPRICL;Staggered prices per item;OMCONO;Company
OPRICL;Staggered prices per item;OMPRRF;Price list
OPRICL;Staggered prices per item;OMCUCD;Currency
OPRICL;Staggered prices per item;OMCUNO;Customer
OPRICL;Staggered prices per item;OMFVDT;Valid from
OPRICL;Staggered prices per item;OMITNO;Item number
OPRICL;Staggered prices per item;OMQTYL;Lowest quantity limit
OPRICL;Staggered prices per item;OMOBV1;Start value 1
OPRICL;Staggered prices per item;OMOBV2;Start value 2
OPRICL;Staggered prices per item;OMOBV3;Start value 3
OPRICL;Staggered prices per item;OMOBV4;Start value 4
OPRICL;Staggered prices per item;OMOBV5;Start value 5
OPRICL;Staggered prices per item;OMVFDT;Valid from
OPRICL;Staggered prices per item;OMDIVI;Division
OPRICL;Staggered prices per item;OMCMNO;Sales campaign
OPRICL;Staggered prices per item;OMQTLB;Lowest quantity limit
OPRICL;Staggered prices per item;OMSGGU;Scale unit of measure
OPRICL;Staggered prices per item;OMSAPR;Sales price
OPRICL;Staggered prices per item;OMSACD;Sales price quantity
OPRICL;Staggered prices per item;OMSPUN;Sales price unit of measure
OPRICL;Staggered prices per item;OMPCFS;Price adjustment factor
OPRICL;Staggered prices per item;OMCOFS;Conversion factor - sales price U/M
OPRICL;Staggered prices per item;OMDMCS;Conversion method - sales price U/M
OPRICL;Staggered prices per item;OMNTCD;Net price used
OPRICL;Staggered prices per item;OMBNCD;Bonus generating
OPRICL;Staggered prices per item;OMPRAC;Commission generating
OPRICL;Staggered prices per item;OMTINC;VAT included
OPRICL;Staggered prices per item;OMVTCD;VAT code
OPRICL;Staggered prices per item;OMPCOF;Price adjustment factor
OPRICL;Staggered prices per item;OMPRIX;Price index
OPRICL;Staggered prices per item;OMSCMO;Costing model - sales price
OPRICL;Staggered prices per item;OMLVDT;Valid to
OPRICL;Staggered prices per item;OMMLIN;Yes/no
OPRICL;Staggered prices per item;OMFMID;Formula
OPRICL;Staggered prices per item;OMRESI;Result identity
OPRICL;Staggered prices per item;OMRGDT;Entry date
OPRICL;Staggered prices per item;OMRGTM;Entry time
OPRICL;Staggered prices per item;OMLMDT;Change date
OPRICL;Staggered prices per item;OMCHNO;Change number
OPRICL;Staggered prices per item;OMCHID;Changed by
OPRICL;Staggered prices per item;OMLMTS;Timestamp
OPRICL;Staggered prices per item;OMMIGI;Internal migration status
OPRICL;Staggered prices per item;OMPRLP;Preliminary price list
OPRMTX;Sales Pricelist Selection Matrix;DXCONO;Company
OPRMTX;Sales Pricelist Selection Matrix;DXPLTB;Price list table
OPRMTX;Sales Pricelist Selection Matrix;DXPREX;Priority
OPRMTX;Sales Pricelist Selection Matrix;DXOBV1;Start value 1
OPRMTX;Sales Pricelist Selection Matrix;DXOBV2;Start value 2
OPRMTX;Sales Pricelist Selection Matrix;DXOBV3;Start value 3
OPRMTX;Sales Pricelist Selection Matrix;DXOBV4;Start value 4
OPRMTX;Sales Pricelist Selection Matrix;DXOBV5;Start value 5
OPRMTX;Sales Pricelist Selection Matrix;DXPRRF;Price list
OPRMTX;Sales Pricelist Selection Matrix;DXTXID;Text identity
OPRMTX;Sales Pricelist Selection Matrix;DXRGDT;Entry date
OPRMTX;Sales Pricelist Selection Matrix;DXRGTM;Entry time
OPRMTX;Sales Pricelist Selection Matrix;DXLMDT;Change date
OPRMTX;Sales Pricelist Selection Matrix;DXCHNO;Change number
OPRMTX;Sales Pricelist Selection Matrix;DXCHID;Changed by
OPROMH;Promotions;FZCONO;Company
OPROMH;Promotions;FZDIVI;Division
OPROMH;Promotions;FZPIDE;Promotion
OPROMH;Promotions;FZCUNO;Customer
OPROMH;Promotions;FZFVDT;Valid from
OPROMH;Promotions;FZFACI;Facility
OPROMH;Promotions;FZTX15;Name
OPROMH;Promotions;FZTX40;Description
OPROMH;Promotions;FZTAID;Table
OPROMH;Promotions;FZWHLO;Warehouse
OPROMH;Promotions;FZPROS;Status - promotion
OPROMH;Promotions;FZPTPE;Promotion type
OPROMH;Promotions;FZPRES;Promotion responsible
OPROMH;Promotions;FZDTCD;Date code
OPROMH;Promotions;FZLVDT;Valid to
OPROMH;Promotions;FZFRD2;Activity start date
OPROMH;Promotions;FZTOD2;Activity end date
OPROMH;Promotions;FZCUCD;Currency
OPROMH;Promotions;FZPTER;Promotion terms
OPROMH;Promotions;FZBUFC;Budgeted fixed cost
OPROMH;Promotions;FZACFC;Actual fixed cost
OPROMH;Promotions;FZDIMI;Distribution method
OPROMH;Promotions;FZSOAM;Amount sold
OPROMH;Promotions;FZTX08;Additional text
OPROMH;Promotions;FZDICA;Discount category
OPROMH;Promotions;FZDIBE;Discount base
OPROMH;Promotions;FZDIRE;Discount relation
OPROMH;Promotions;FZDCHA;Manually changeable discount
OPROMH;Promotions;FZDPST;Statistics field for discount
OPROMH;Promotions;FZDDSU;Discount presentation
OPROMH;Promotions;FZIDSC;Internal discount
OPROMH;Promotions;FZACRF;User-defined accounting control object
OPROMH;Promotions;FZACUS;Activity customer
OPROMH;Promotions;FZTXID;Text identity
OPROMH;Promotions;FZSCMO;Costing model - sales price
OPROMH;Promotions;FZPPT1;Promotion statistics period type 1
OPROMH;Promotions;FZPPT2;Promotion statistics period type 2
OPROMH;Promotions;FZBILB;Bill back
OPROMH;Promotions;FZCHAI;Business chain
OPROMH;Promotions;FZCUSE;Customer selection
OPROMH;Promotions;FZUPPC;Update promotion
OPROMH;Promotions;FZCUGE;Customer generated
OPROMH;Promotions;FZWHGE;Warehouse generated
OPROMH;Promotions;FZWHTA;Warehouse table
OPROMH;Promotions;FZWHSE;Warehouse selection
OPROMH;Promotions;FZACGR;Object access group
OPROMH;Promotions;FZRGDT;Entry date
OPROMH;Promotions;FZRGTM;Entry time
OPROMH;Promotions;FZLMDT;Change date
OPROMH;Promotions;FZCHNO;Change number
OPROMH;Promotions;FZCHID;Changed by
OPROMH;Promotions;FZLMTS;Timestamp
OPROMH;Promotions;FZBNCD;Bonus generating
OPROMH;Promotions;FZPRAC;Commission generating
OPROMH;Promotions;FZSUNO;Supplier
OPROMH;Promotions;FZCLMT;Calculation method for rebate
OPROMH;Promotions;FZSCLP;Supplier rebate percentage
OPROMH;Promotions;FZBOOV;Automatic closing override
OPROMH;Promotions;FZDISP;Discount percentage
OPROMH;Promotions;FZAGNB;Agreement number
OPROMH;Promotions;FZTEPY;Payment terms
OPROMH;Promotions;FZPRI2;Priority
OPROMH;Promotions;FZPSUP;Propose supplier
OPROMH;Promotions;FZPRR1;Price list 1
OPROMH;Promotions;FZCUC1;Currency code 1
OPROMH;Promotions;FZLFL1;Label flag 1
OPROMH;Promotions;FZPRRF;Price list
OPROMH;Promotions;FZOTYG;Order type group
OPROMH;Promotions;FZINIS;Initial start
OPROMH;Promotions;FZINIE;Initial end
OPROMH;Promotions;FZANIN;Automatic retrieval of promotion
OPROMH;Promotions;FZRLFA;Released for allocation
OPROMH;Promotions;FZRASR;Agreement reference number
OSASTD;HF: Order sales statistic /Detail;OUCMP7;Statistics identity - discount 7
OSASTD;HF: Order sales statistic /Detail;OUCMP8;Statistics identity - discount 8
OSASTD;HF: Order sales statistic /Detail;OUDIA7;Discount amount 7
OSASTD;HF: Order sales statistic /Detail;OUDIA8;Discount amount 8
OSASTD;HF: Order sales statistic /Detail;OURSC8;Transaction reason prod restriction
OSASTD;HF: Order sales statistic /Detail;OUCONO;Company
OSASTD;HF: Order sales statistic /Detail;OUDIVI;Division
OSASTD;HF: Order sales statistic /Detail;OUORNO;Customer order number
OSASTD;HF: Order sales statistic /Detail;OUPONR;Order line number
OSASTD;HF: Order sales statistic /Detail;OUPOSX;Line suffix
OSASTD;HF: Order sales statistic /Detail;OUOSSQ;Order statistics sequence number
OSASTD;HF: Order sales statistic /Detail;OUFACI;Facility
OSASTD;HF: Order sales statistic /Detail;OUOSLT;Order statistics line type
OSASTD;HF: Order sales statistic /Detail;OUOSDT;Order entry date
OSASTD;HF: Order sales statistic /Detail;OUOSPE;Order statistics period
OSASTD;HF: Order sales statistic /Detail;OUCUNO;Customer
OSASTD;HF: Order sales statistic /Detail;OUCUCL;Customer group
OSASTD;HF: Order sales statistic /Detail;OUCUTP;Customer type
OSASTD;HF: Order sales statistic /Detail;OUCUST;Statistics customer
OSASTD;HF: Order sales statistic /Detail;OUORTP;Customer order type
OSASTD;HF: Order sales statistic /Detail;OUAGNT;Recipient agreement type 1 - commission
OSASTD;HF: Order sales statistic /Detail;OUPYNO;Payer
OSASTD;HF: Order sales statistic /Detail;OUCHL1;Business chain - level 1
OSASTD;HF: Order sales statistic /Detail;OUCHL2;Business chain - level 2
OSASTD;HF: Order sales statistic /Detail;OUCHL3;Business chain - level 3
OSASTD;HF: Order sales statistic /Detail;OUCHL4;Business chain - level 4
OSASTD;HF: Order sales statistic /Detail;OUCUCD;Currency
OSASTD;HF: Order sales statistic /Detail;OUSMCD;Salesperson
OSASTD;HF: Order sales statistic /Detail;OUSDST;District
OSASTD;HF: Order sales statistic /Detail;OUCSCD;Country
OSASTD;HF: Order sales statistic /Detail;OUFRE1;Statistics identity 1 customer
OSASTD;HF: Order sales statistic /Detail;OUFRE2;Statistics identity 2 customer
OSASTD;HF: Order sales statistic /Detail;OUWCON;Contact method
OSASTD;HF: Order sales statistic /Detail;OUWHLO;Warehouse
OSASTD;HF: Order sales statistic /Detail;OUITNO;Item number
OSASTD;HF: Order sales statistic /Detail;OUITGR;Item group
OSASTD;HF: Order sales statistic /Detail;OUITTY;Item type
OSASTD;HF: Order sales statistic /Detail;OUITCL;Product group
OSASTD;HF: Order sales statistic /Detail;OUFRE3;Statistics identity 3 item
OSASTD;HF: Order sales statistic /Detail;OUFRE4;Statistics identity 4 item
OSASTD;HF: Order sales statistic /Detail;OUHDPR;Main product
OSASTD;HF: Order sales statistic /Detail;OULTYP;Line type
OSASTD;HF: Order sales statistic /Detail;OUMUFT;MUC trigger
OSASTD;HF: Order sales statistic /Detail;OUORST;Highest status - customer order
OSASTD;HF: Order sales statistic /Detail;OUORQT;Ordered quantity - basic U/M
OSASTD;HF: Order sales statistic /Detail;OUORQA;Ordered quantity - alternate U/M
OSASTD;HF: Order sales statistic /Detail;OUALUN;Alternate U/M
OSASTD;HF: Order sales statistic /Detail;OUCOFA;Conversion factor
OSASTD;HF: Order sales statistic /Detail;OUDMCF;Conversion form
OSASTD;HF: Order sales statistic /Detail;OUSPUN;Sales price unit of measure
OSASTD;HF: Order sales statistic /Detail;OUORQS;Ordered quantity - sales price U/M
OSASTD;HF: Order sales statistic /Detail;OUSTUN;Statistical U/M
OSASTD;HF: Order sales statistic /Detail;OUORQB;Ordered quantity - statistical U/M
OSASTD;HF: Order sales statistic /Detail;OUGRWE;Gross weight
OSASTD;HF: Order sales statistic /Detail;OUNEWE;Net weight
OSASTD;HF: Order sales statistic /Detail;OUVOL3;Volume
OSASTD;HF: Order sales statistic /Detail;OUDCCD;Number of decimal places
OSASTD;HF: Order sales statistic /Detail;OUSAPR;Sales price
OSASTD;HF: Order sales statistic /Detail;OUSACD;Sales price quantity
OSASTD;HF: Order sales statistic /Detail;OUGRPR;Gross price
OSASTD;HF: Order sales statistic /Detail;OUSAAM;Line amount - local currency
OSASTD;HF: Order sales statistic /Detail;OUPRMO;Price origin
OSASTD;HF: Order sales statistic /Detail;OUDISY;Discount model
OSASTD;HF: Order sales statistic /Detail;OUDIA1;Discount amount 1
OSASTD;HF: Order sales statistic /Detail;OUDIA2;Discount amount 2
OSASTD;HF: Order sales statistic /Detail;OUDIA3;Discount amount 3
OSASTD;HF: Order sales statistic /Detail;OUDIA4;Discount amount 4
OSASTD;HF: Order sales statistic /Detail;OUDIA5;Discount amount 5
OSASTD;HF: Order sales statistic /Detail;OUDIA6;Discount amount 6
OSASTD;HF: Order sales statistic /Detail;OUCMP1;Discount campaign
OSASTD;HF: Order sales statistic /Detail;OUCMP2;Discount campaign
OSASTD;HF: Order sales statistic /Detail;OUCMP3;Discount campaign
OSASTD;HF: Order sales statistic /Detail;OUCMP4;Discount campaign
OSASTD;HF: Order sales statistic /Detail;OUCMP5;Discount campaign
OSASTD;HF: Order sales statistic /Detail;OUCMP6;Discount campaign
OSASTD;HF: Order sales statistic /Detail;OUOFRA;Total discount amount
OSASTD;HF: Order sales statistic /Detail;OUDWDT;Requested delivery date
OSASTD;HF: Order sales statistic /Detail;OUCODT;Confirmed delivery date
OSASTD;HF: Order sales statistic /Detail;OUPRCH;Price adjustment line
OSASTD;HF: Order sales statistic /Detail;OUUCOS;Cost price
OSASTD;HF: Order sales statistic /Detail;OUUCCD;Standard cost code
OSASTD;HF: Order sales statistic /Detail;OUSMCC;Contribution margin check
OSASTD;HF: Order sales statistic /Detail;OUCMNO;Sales campaign
OSASTD;HF: Order sales statistic /Detail;OUCFIN;Configuration number
OSASTD;HF: Order sales statistic /Detail;OUUNMS;Basic unit of measure
OSASTD;HF: Order sales statistic /Detail;OUSHID;Shipment
OSASTD;HF: Order sales statistic /Detail;OUORTK;Customer order category
OSASTD;HF: Order sales statistic /Detail;OUADID;Address number
OSASTD;HF: Order sales statistic /Detail;OUSDEP;Sales department
OSASTD;HF: Order sales statistic /Detail;OUBUAR;Business area
OSASTD;HF: Order sales statistic /Detail;OUAGNO;Blanket agreement number
OSASTD;HF: Order sales statistic /Detail;OUDPNR;Delivery schedule
OSASTD;HF: Order sales statistic /Detail;OUORIG;Origin
OSASTD;HF: Order sales statistic /Detail;OUIDCD;Identity type
OSASTD;HF: Order sales statistic /Detail;OUPROJ;Project number
OSASTD;HF: Order sales statistic /Detail;OUELNO;Project element
OSASTD;HF: Order sales statistic /Detail;OUINRC;Invoice recipient
OSASTD;HF: Order sales statistic /Detail;OUROUT;Route
OSASTD;HF: Order sales statistic /Detail;OURODN;Route departure
OSASTD;HF: Order sales statistic /Detail;OUFECN;Future rate agreement number
OSASTD;HF: Order sales statistic /Detail;OUREPI;Replaced item number
OSASTD;HF: Order sales statistic /Detail;OURSCD;Transaction reason
OSASTD;HF: Order sales statistic /Detail;OUSUNO;Supplier
OSASTD;HF: Order sales statistic /Detail;OUATV1;Attribute value
OSASTD;HF: Order sales statistic /Detail;OUATV2;Attribute value
OSASTD;HF: Order sales statistic /Detail;OUATV3;Attribute value
OSASTD;HF: Order sales statistic /Detail;OUATV4;Attribute value
OSASTD;HF: Order sales statistic /Detail;OUATV5;Attribute value
OSASTD;HF: Order sales statistic /Detail;OUAAV1;Attribute value
OSASTD;HF: Order sales statistic /Detail;OUAAV2;Attribute value
OSASTD;HF: Order sales statistic /Detail;OUAAV3;Attribute value
OSASTD;HF: Order sales statistic /Detail;OUAAV4;Attribute value
OSASTD;HF: Order sales statistic /Detail;OUAAV5;Attribute value
OSASTD;HF: Order sales statistic /Detail;OUATMO;Attribute model
OSASTD;HF: Order sales statistic /Detail;OURGDT;Entry date
OSASTD;HF: Order sales statistic /Detail;OURGTM;Entry time
OSASTD;HF: Order sales statistic /Detail;OULMDT;Change date
OSASTD;HF: Order sales statistic /Detail;OUCHNO;Change number
OSASTD;HF: Order sales statistic /Detail;OUCHID;Changed by
OSASTD;HF: Order sales statistic /Detail;OUPRHL;Product number highest level
OSASTD;HF: Order sales statistic /Detail;OUSERN;Serial number
OSASTD;HF: Order sales statistic /Detail;OUCTNO;Agreement number
OSASTD;HF: Order sales statistic /Detail;OUAPBA;Material price method
OSASTD;HF: Order sales statistic /Detail;OUCFGL;Position
OSASTD;HF: Order sales statistic /Detail;OUWATP;Warranty type
OSASTD;HF: Order sales statistic /Detail;OUGWTP;Granted warranty type
OSASTD;HF: Order sales statistic /Detail;OUPRHW;Product number highest level
OSASTD;HF: Order sales statistic /Detail;OUSERW;Serial number
OSASTD;HF: Order sales statistic /Detail;OUCAWE;Catch weight
OSASTD;HF: Order sales statistic /Detail;OUTECN;Tax exemption contract number
OSASTD;HF: Order sales statistic /Detail;OUINAP;Industry application
OSASTD;HF: Order sales statistic /Detail;OULMTS;Timestamp
OSASTD;HF: Order sales statistic /Detail;OUPIDE;Promotion
OSASTD;HF: Order sales statistic /Detail;OUPCLA;Supplier rebate
OSASTD;HF: Order sales statistic /Detail;OUACOS;Adjusted cost
OSASTD;HF: Order sales statistic /Detail;OUBOP1;Automatic closing
OSASTD;HF: Order sales statistic /Detail;OUTEPY;Payment terms
OSASTD;HF: Order sales statistic /Detail;OURSC1;Action reason
OSASTD;HF: Order sales statistic /Detail;OUDECU;Delivery customer
OSASTD;HF: Order sales statistic /Detail;OULNCL;Line classification
OSASTD;HF: Order sales statistic /Detail;OUAPRM;Price model
OSASTD;HF: Order sales statistic /Detail;OUBRAN;Brand
OSASTD;HF: Order sales statistic /Detail;OURQWH;Requested warehouse
OSASTD;HF: Order sales statistic /Detail;OUCBSM;Created by supply model
OSASTD;HF: Order sales statistic /Detail;OUABNO;Abnormal demand
OSASTD;HF: Order sales statistic /Detail;OURAGN;Supplier rebate on sales agreement
OSASTD;HF: Order sales statistic /Detail;OUCLAT;Supplier rebate reference type
OSASTD;HF: Order sales statistic /Detail;OUMIGI;Internal migration status
OSASTD;HF: Order sales statistic /Detail;OURSC5;Transaction reason price
OSASTD;HF: Order sales statistic /Detail;OURSC6;Transaction reason quantity
OSASTD;HF: Order sales statistic /Detail;OURSC7;Transaction reason time
OSASTD;HF: Order sales statistic /Detail;OUICTR;Internal sales
OSASTD;HF: Order sales statistic /Detail;OUCHL5;Business chain - level 5
OSASTD;HF: Order sales statistic /Detail;OUCHL6;Business chain - level 6
OSASTD;HF: Order sales statistic /Detail;OUCHL7;Business chain - level 7
OSASTD;HF: Order sales statistic /Detail;OUCHL8;Business chain - level 8
OSASTD;HF: Order sales statistic /Detail;OUCHL9;Business chain - level 9
OSBSTD;Sales  statistic /Detail;UCCMP7;Discount campaign
OSBSTD;Sales  statistic /Detail;UCCMP8;Discount campaign
OSBSTD;Sales  statistic /Detail;UCDIA7;Discount amount 7
OSBSTD;Sales  statistic /Detail;UCDIA8;Discount amount 8
OSBSTD;Sales  statistic /Detail;UCRSC8;Transaction reason prod restriction
OSBSTD;Sales  statistic /Detail;UCCONO;Company
OSBSTD;Sales  statistic /Detail;UCDIVI;Division
OSBSTD;Sales  statistic /Detail;UCORNO;Customer order number
OSBSTD;Sales  statistic /Detail;UCDLIX;Delivery number
OSBSTD;Sales  statistic /Detail;UCPONR;Order line number
OSBSTD;Sales  statistic /Detail;UCPOSX;Line suffix
OSBSTD;Sales  statistic /Detail;UCWHLO;Warehouse
OSBSTD;Sales  statistic /Detail;UCORIG;Origin
OSBSTD;Sales  statistic /Detail;UCFACI;Facility
OSBSTD;Sales  statistic /Detail;UCIVNO;Invoice number
OSBSTD;Sales  statistic /Detail;UCORDT;Order date
OSBSTD;Sales  statistic /Detail;UCDWDT;Requested delivery date
OSBSTD;Sales  statistic /Detail;UCCODT;Confirmed delivery date
OSBSTD;Sales  statistic /Detail;UCDLDT;Planned delivery date
OSBSTD;Sales  statistic /Detail;UCIVDT;Invoice date
OSBSTD;Sales  statistic /Detail;UCYEA4;Year
OSBSTD;Sales  statistic /Detail;UCACDT;Accounting date
OSBSTD;Sales  statistic /Detail;UCCUNO;Customer
OSBSTD;Sales  statistic /Detail;UCCUCL;Customer group
OSBSTD;Sales  statistic /Detail;UCCUTP;Customer type
OSBSTD;Sales  statistic /Detail;UCCUST;Statistics customer
OSBSTD;Sales  statistic /Detail;UCORTP;Customer order type
OSBSTD;Sales  statistic /Detail;UCAGNT;Recipient agreement type 1 - commission
OSBSTD;Sales  statistic /Detail;UCPYNO;Payer
OSBSTD;Sales  statistic /Detail;UCCHL1;Business chain - level 1
OSBSTD;Sales  statistic /Detail;UCCHL2;Business chain - level 2
OSBSTD;Sales  statistic /Detail;UCCHL3;Business chain - level 3
OSBSTD;Sales  statistic /Detail;UCCHL4;Business chain - level 4
OSBSTD;Sales  statistic /Detail;UCCUCD;Currency
OSBSTD;Sales  statistic /Detail;UCRAIN;Invoice rate
OSBSTD;Sales  statistic /Detail;UCDMCU;Currency conversion method
OSBSTD;Sales  statistic /Detail;UCSMCD;Salesperson
OSBSTD;Sales  statistic /Detail;UCSDST;District
OSBSTD;Sales  statistic /Detail;UCCSCD;Country
OSBSTD;Sales  statistic /Detail;UCFRE1;Statistics identity 1 customer
OSBSTD;Sales  statistic /Detail;UCFRE2;Statistics identity 2 customer
OSBSTD;Sales  statistic /Detail;UCWCON;Contact method
OSBSTD;Sales  statistic /Detail;UCBPAT;Buying pattern
OSBSTD;Sales  statistic /Detail;UCITNO;Item number
OSBSTD;Sales  statistic /Detail;UCITGR;Item group
OSBSTD;Sales  statistic /Detail;UCITTY;Item type
OSBSTD;Sales  statistic /Detail;UCITCL;Product group
OSBSTD;Sales  statistic /Detail;UCSUNO;Supplier
OSBSTD;Sales  statistic /Detail;UCFRE3;Statistics identity 3 item
OSBSTD;Sales  statistic /Detail;UCFRE4;Statistics identity 4 item
OSBSTD;Sales  statistic /Detail;UCREPI;Replaced item number
OSBSTD;Sales  statistic /Detail;UCLTYP;Line type
OSBSTD;Sales  statistic /Detail;UCMUFT;MUC trigger
OSBSTD;Sales  statistic /Detail;UCSTUN;Statistical U/M
OSBSTD;Sales  statistic /Detail;UCALUN;Alternate U/M
OSBSTD;Sales  statistic /Detail;UCSPUN;Sales price unit of measure
OSBSTD;Sales  statistic /Detail;UCPRMO;Price origin
OSBSTD;Sales  statistic /Detail;UCDISY;Discount model
OSBSTD;Sales  statistic /Detail;UCCMP1;Discount campaign
OSBSTD;Sales  statistic /Detail;UCCMP2;Discount campaign
OSBSTD;Sales  statistic /Detail;UCCMP3;Discount campaign
OSBSTD;Sales  statistic /Detail;UCCMP4;Discount campaign
OSBSTD;Sales  statistic /Detail;UCCMP5;Discount campaign
OSBSTD;Sales  statistic /Detail;UCCMP6;Discount campaign
OSBSTD;Sales  statistic /Detail;UCPRCH;Price adjustment line
OSBSTD;Sales  statistic /Detail;UCUCCD;Standard cost code
OSBSTD;Sales  statistic /Detail;UCSMCC;Contribution margin check
OSBSTD;Sales  statistic /Detail;UCCMNO;Sales campaign
OSBSTD;Sales  statistic /Detail;UCVANO;Product variant
OSBSTD;Sales  statistic /Detail;UCCFIN;Configuration number
OSBSTD;Sales  statistic /Detail;UCORTK;Customer order category
OSBSTD;Sales  statistic /Detail;UCADID;Address number
OSBSTD;Sales  statistic /Detail;UCFECN;Future rate agreement number
OSBSTD;Sales  statistic /Detail;UCAGNO;Blanket agreement number
OSBSTD;Sales  statistic /Detail;UCDPNR;Delivery schedule
OSBSTD;Sales  statistic /Detail;UCIDCD;Identity type
OSBSTD;Sales  statistic /Detail;UCJOBN;Assignment
OSBSTD;Sales  statistic /Detail;UCJBSX;Assignment suffix
OSBSTD;Sales  statistic /Detail;UCSETP;Service expense type
OSBSTD;Sales  statistic /Detail;UCINNO;Individual item number
OSBSTD;Sales  statistic /Detail;UCIITN;Item number - individual item
OSBSTD;Sales  statistic /Detail;UCINGR;Individual item group
OSBSTD;Sales  statistic /Detail;UCSRES;Service manager
OSBSTD;Sales  statistic /Detail;UCTECH;Technician
OSBSTD;Sales  statistic /Detail;UCESCO;Error symptom
OSBSTD;Sales  statistic /Detail;UCERCO;Error cause
OSBSTD;Sales  statistic /Detail;UCERCL;Error class
OSBSTD;Sales  statistic /Detail;UCMECO;Action
OSBSTD;Sales  statistic /Detail;UCMECL;Action class
OSBSTD;Sales  statistic /Detail;UCCTNO;Agreement number
OSBSTD;Sales  statistic /Detail;UCAGTP;Agreement type
OSBSTD;Sales  statistic /Detail;UCCONS;Equipment
OSBSTD;Sales  statistic /Detail;UCMINO;Main individual item
OSBSTD;Sales  statistic /Detail;UCRSCD;Transaction reason
OSBSTD;Sales  statistic /Detail;UCPROJ;Project number
OSBSTD;Sales  statistic /Detail;UCELNO;Project element
OSBSTD;Sales  statistic /Detail;UCIVQT;Invoiced quantity - basic U/M
OSBSTD;Sales  statistic /Detail;UCOFQS;Invoiced quantity - statistical U/M
OSBSTD;Sales  statistic /Detail;UCIVQA;Invoiced quantity - alternate U/M
OSBSTD;Sales  statistic /Detail;UCIVQS;Invoiced quantity - sales price U/M
OSBSTD;Sales  statistic /Detail;UCORQT;Ordered quantity - basic U/M
OSBSTD;Sales  statistic /Detail;UCORQS;Ordered quantity - sales price U/M
OSBSTD;Sales  statistic /Detail;UCORQA;Ordered quantity - alternate U/M
OSBSTD;Sales  statistic /Detail;UCORQB;Ordered quantity - statistical U/M
OSBSTD;Sales  statistic /Detail;UCGRWE;Gross weight
OSBSTD;Sales  statistic /Detail;UCNEWE;Net weight
OSBSTD;Sales  statistic /Detail;UCVOL3;Volume
OSBSTD;Sales  statistic /Detail;UCSAAM;Line amount - local currency
OSBSTD;Sales  statistic /Detail;UCSGAM;Amount based on sales price in item file
OSBSTD;Sales  statistic /Detail;UCCUAM;Foreign currency amount
OSBSTD;Sales  statistic /Detail;UCDIA1;Discount amount 1
OSBSTD;Sales  statistic /Detail;UCDIA2;Discount amount 2
OSBSTD;Sales  statistic /Detail;UCDIA3;Discount amount 3
OSBSTD;Sales  statistic /Detail;UCDIA4;Discount amount 4
OSBSTD;Sales  statistic /Detail;UCDIA5;Discount amount 5
OSBSTD;Sales  statistic /Detail;UCDIA6;Discount amount 6
OSBSTD;Sales  statistic /Detail;UCOFRA;Total discount amount
OSBSTD;Sales  statistic /Detail;UCUCOS;Cost price
OSBSTD;Sales  statistic /Detail;UCDCOS;Issued cost amount
OSBSTD;Sales  statistic /Detail;UCMFAM;Manufactoring cost amount
OSBSTD;Sales  statistic /Detail;UCONK1;Net cost 1
OSBSTD;Sales  statistic /Detail;UCONK2;Net cost 2
OSBSTD;Sales  statistic /Detail;UCONK3;Net cost 3
OSBSTD;Sales  statistic /Detail;UCONK4;Net cost 4
OSBSTD;Sales  statistic /Detail;UCONK5;Net cost 5
OSBSTD;Sales  statistic /Detail;UCALBO;Reserved bonus/commission amount
OSBSTD;Sales  statistic /Detail;UCDDF1;Days betw actual/planned departure date
OSBSTD;Sales  statistic /Detail;UCDDF2;Days between actual and required del dt
OSBSTD;Sales  statistic /Detail;UCDDF3;Days between actual dely dt and order dt
OSBSTD;Sales  statistic /Detail;UCDDF4;Days between conf and required dely date
OSBSTD;Sales  statistic /Detail;UCDDF5;Days between delivery and invoice date
OSBSTD;Sales  statistic /Detail;UCTDEL;Number of delivery lines
OSBSTD;Sales  statistic /Detail;UCTORL;Number of order lines
OSBSTD;Sales  statistic /Detail;UCFULL;Lines with correct quantity and time
OSBSTD;Sales  statistic /Detail;UCRQTY;Lines with correct quantity, wrong date
OSBSTD;Sales  statistic /Detail;UCRTME;Lines on time, wrong quantity
OSBSTD;Sales  statistic /Detail;UCLOWM;Number of lines with too low margin
OSBSTD;Sales  statistic /Detail;UCMPRO;Number of manually priced orderlines
OSBSTD;Sales  statistic /Detail;UCBAOL;Number of bonus generating order lines
OSBSTD;Sales  statistic /Detail;UCBGOL;Number of bonus paying order lines
OSBSTD;Sales  statistic /Detail;UCCAOL;Number of commission generating lines
OSBSTD;Sales  statistic /Detail;UCCGOL;Number of commission paying lines
OSBSTD;Sales  statistic /Detail;UCINRC;Invoice recipient
OSBSTD;Sales  statistic /Detail;UCIITG;Item group
OSBSTD;Sales  statistic /Detail;UCFCTN;Function area
OSBSTD;Sales  statistic /Detail;UCASST;Assignment type
OSBSTD;Sales  statistic /Detail;UCHDPR;Main product
OSBSTD;Sales  statistic /Detail;UCSDEP;Sales department
OSBSTD;Sales  statistic /Detail;UCBUAR;Business area
OSBSTD;Sales  statistic /Detail;UCSTRT;Product structure type
OSBSTD;Sales  statistic /Detail;UCSUFI;Service
OSBSTD;Sales  statistic /Detail;UCROUT;Route
OSBSTD;Sales  statistic /Detail;UCRODN;Route departure
OSBSTD;Sales  statistic /Detail;UCDEMA;Demand
OSBSTD;Sales  statistic /Detail;UCATV1;Attribute value
OSBSTD;Sales  statistic /Detail;UCATV2;Attribute value
OSBSTD;Sales  statistic /Detail;UCATV3;Attribute value
OSBSTD;Sales  statistic /Detail;UCATV4;Attribute value
OSBSTD;Sales  statistic /Detail;UCATV5;Attribute value
OSBSTD;Sales  statistic /Detail;UCAAV1;Attribute value
OSBSTD;Sales  statistic /Detail;UCAAV2;Attribute value
OSBSTD;Sales  statistic /Detail;UCAAV3;Attribute value
OSBSTD;Sales  statistic /Detail;UCAAV4;Attribute value
OSBSTD;Sales  statistic /Detail;UCAAV5;Attribute value
OSBSTD;Sales  statistic /Detail;UCATMO;Attribute model
OSBSTD;Sales  statistic /Detail;UCMTCO;Action text
OSBSTD;Sales  statistic /Detail;UCMTX1;Text
OSBSTD;Sales  statistic /Detail;UCMTX2;Text
OSBSTD;Sales  statistic /Detail;UCCINF;Customer information
OSBSTD;Sales  statistic /Detail;UCCSHC;Cash code
OSBSTD;Sales  statistic /Detail;UCAOTP;Agreement order type
OSBSTD;Sales  statistic /Detail;UCASCL;Assignment class
OSBSTD;Sales  statistic /Detail;UCASCA;Assignment category
OSBSTD;Sales  statistic /Detail;UCRSDJ;Actual start date - assignment
OSBSTD;Sales  statistic /Detail;UCRFDJ;Actual finish date - assignment
OSBSTD;Sales  statistic /Detail;UCSCOD;Service expense category
OSBSTD;Sales  statistic /Detail;UCPRRF;Price list
OSBSTD;Sales  statistic /Detail;UCINTY;Individual item type
OSBSTD;Sales  statistic /Detail;UCCUOW;Owner
OSBSTD;Sales  statistic /Detail;UCBRAN;Brand
OSBSTD;Sales  statistic /Detail;UCCFE1;User-defined field 1 - individual item
OSBSTD;Sales  statistic /Detail;UCCFE2;User-defined field 2 - individual item
OSBSTD;Sales  statistic /Detail;UCCFE3;User-defined field 3 - individual item
OSBSTD;Sales  statistic /Detail;UCCFE4;User-defined field 4 - individual item
OSBSTD;Sales  statistic /Detail;UCCFE5;User-defined field 5 - individual item
OSBSTD;Sales  statistic /Detail;UCCFE6;User-defined field 6 - individual item
OSBSTD;Sales  statistic /Detail;UCCFE7;User-defined field 7 - individual item
OSBSTD;Sales  statistic /Detail;UCCFE8;User-defined field 8 - individual item
OSBSTD;Sales  statistic /Detail;UCCFE9;User-defined field 9 - individual item
OSBSTD;Sales  statistic /Detail;UCDLNI;Delivered/not invoiced statistics
OSBSTD;Sales  statistic /Detail;UCRGDT;Entry date
OSBSTD;Sales  statistic /Detail;UCRGTM;Entry time
OSBSTD;Sales  statistic /Detail;UCLMDT;Change date
OSBSTD;Sales  statistic /Detail;UCCHNO;Change number
OSBSTD;Sales  statistic /Detail;UCCHID;Changed by
OSBSTD;Sales  statistic /Detail;UCPRHL;Product number highest level
OSBSTD;Sales  statistic /Detail;UCSERN;Serial number
OSBSTD;Sales  statistic /Detail;UCAPBA;Material price method
OSBSTD;Sales  statistic /Detail;UCCFGL;Position
OSBSTD;Sales  statistic /Detail;UCWATP;Warranty type
OSBSTD;Sales  statistic /Detail;UCGWTP;Granted warranty type
OSBSTD;Sales  statistic /Detail;UCPRHW;Product number highest level
OSBSTD;Sales  statistic /Detail;UCSERW;Serial number
OSBSTD;Sales  statistic /Detail;UCINPX;Invoice prefix
OSBSTD;Sales  statistic /Detail;UCEXIN;Extended invoice number
OSBSTD;Sales  statistic /Detail;UCDMA2;Demand 2
OSBSTD;Sales  statistic /Detail;UCCAWE;Catch weight
OSBSTD;Sales  statistic /Detail;UCTECN;Tax exemption contract number
OSBSTD;Sales  statistic /Detail;UCINAP;Industry application
OSBSTD;Sales  statistic /Detail;UCLMTS;Timestamp
OSBSTD;Sales  statistic /Detail;UCSMC0;OEM code
OSBSTD;Sales  statistic /Detail;UCSMC1;OEM code
OSBSTD;Sales  statistic /Detail;UCSMC2;OEM code
OSBSTD;Sales  statistic /Detail;UCSMC3;OEM code
OSBSTD;Sales  statistic /Detail;UCSMC4;OEM code
OSBSTD;Sales  statistic /Detail;UCSMC5;OEM code
OSBSTD;Sales  statistic /Detail;UCSMC6;OEM code
OSBSTD;Sales  statistic /Detail;UCSMC7;OEM code
OSBSTD;Sales  statistic /Detail;UCSMC8;OEM code
OSBSTD;Sales  statistic /Detail;UCSMC9;OEM code
OSBSTD;Sales  statistic /Detail;UCPIDE;Promotion
OSBSTD;Sales  statistic /Detail;UCPCLA;Supplier rebate
OSBSTD;Sales  statistic /Detail;UCACOS;Adjusted cost
OSBSTD;Sales  statistic /Detail;UCBOP1;Automatic closing
OSBSTD;Sales  statistic /Detail;UCTEPY;Payment terms
OSBSTD;Sales  statistic /Detail;UCRSC1;Action reason
OSBSTD;Sales  statistic /Detail;UCDECU;Delivery customer
OSBSTD;Sales  statistic /Detail;UCDPCL;Pending rebate claim amount
OSBSTD;Sales  statistic /Detail;UCENNO;Entitlement number
OSBSTD;Sales  statistic /Detail;UCLNCL;Line classification
OSBSTD;Sales  statistic /Detail;UCAPRM;Price model
OSBSTD;Sales  statistic /Detail;UCRQWH;Requested warehouse
OSBSTD;Sales  statistic /Detail;UCRAGN;Supplier rebate on sales agreement
OSBSTD;Sales  statistic /Detail;UCCLAT;Supplier rebate reference type
OSBSTD;Sales  statistic /Detail;UCMIGI;Internal migration status
OSBSTD;Sales  statistic /Detail;UCRSC5;Transaction reason price
OSBSTD;Sales  statistic /Detail;UCRSC6;Transaction reason quantity
OSBSTD;Sales  statistic /Detail;UCRSC7;Transaction reason time
OSBSTD;Sales  statistic /Detail;UCICTR;Internal sales
OSBSTD;Sales  statistic /Detail;UCCHL5;Business chain - level 5
OSBSTD;Sales  statistic /Detail;UCCHL6;Business chain - level 6
OSBSTD;Sales  statistic /Detail;UCCHL7;Business chain - level 7
OSBSTD;Sales  statistic /Detail;UCCHL8;Business chain - level 8
OSBSTD;Sales  statistic /Detail;UCCHL9;Business chain - level 9
OTRSMS;Transfer data to Sales & Market system;O1CONO;Company
OTRSMS;Transfer data to Sales & Market system;O1DIVI;Division
OTRSMS;Transfer data to Sales & Market system;O1SMDR;Direction
OTRSMS;Transfer data to Sales & Market system;O1TPRE;Record type
OTRSMS;Transfer data to Sales & Market system;O1DTID;Data identity
OTRSMS;Transfer data to Sales & Market system;O1DATA;Data
SITCOM;Item complement;USCCAP;Rental rate type
SITCOM;Item complement;USCONO;Company
SITCOM;Item complement;USITNO;Item number
SITCOM;Item complement;USDIVI;Division
SITCOM;Item complement;USINDC;Individual item management
SITCOM;Item complement;USAIOC;Auto individual item no at delivery
SITCOM;Item complement;USAPTM;Response time
SITCOM;Item complement;USAIIC;Auto individual item number at receipt
SITCOM;Item complement;USSETP;Service expense type
SITCOM;Item complement;USDGTC;Supplier warranty time method
SITCOM;Item complement;USSGTC;Sales warranty time method
SITCOM;Item complement;USDGYR;Supplier warranty time years
SITCOM;Item complement;USDGMO;Supplier warranty time months
SITCOM;Item complement;USDGDA;Supplier warranty time days
SITCOM;Item complement;USSGYR;Sales warranty time years
SITCOM;Item complement;USSGMO;Sales warranty time months
SITCOM;Item complement;USSGDA;Sales warranty time days
SITCOM;Item complement;USEXCO;Exchange processing
SITCOM;Item complement;USEPPC;Exchange price percentage
SITCOM;Item complement;USEPCO;Calculation method - exchange price
SITCOM;Item complement;USEPPR;Exchange price
SITCOM;Item complement;USNACO;Obsolescence handling
SITCOM;Item complement;USNAPC;Obsolescence price percentage
SITCOM;Item complement;USNACD;Calculation method - obsolescence price
SITCOM;Item complement;USNAPR;Obsolescence price
SITCOM;Item complement;USRTCD;Return processing
SITCOM;Item complement;USWHLO;Warehouse
SITCOM;Item complement;USRWHG;Return warehouse - warranty
SITCOM;Item complement;USRWHR;Return warehouse - repair
SITCOM;Item complement;USRETM;Return time
SITCOM;Item complement;USWHSL;Location
SITCOM;Item complement;USRSLG;Return location - warranty
SITCOM;Item complement;USRSLR;Return location - repair
SITCOM;Item complement;USIVME;Invoicing method
SITCOM;Item complement;USINPC;Invoice price percentage
SITCOM;Item complement;USIPCO;Invoice pricing
SITCOM;Item complement;USIVPR;Invoiced price - PO price unit/Currency
SITCOM;Item complement;USTXID;Text identity
SITCOM;Item complement;USNBID;Number series
SITCOM;Item complement;USTIND;Individual item template
SITCOM;Item complement;USAOTP;Agreement order type
SITCOM;Item complement;USAGTP;Agreement type
SITCOM;Item complement;USPSCO;Preventive service order
SITCOM;Item complement;USMEIT;Meter item
SITCOM;Item complement;USAM1U;Actual meter (1-6) in use
SITCOM;Item complement;USAM2U;Actual meter (1-6) in use
SITCOM;Item complement;USAM3U;Actual meter (1-6) in use
SITCOM;Item complement;USAM4U;Actual meter (1-6) in use
SITCOM;Item complement;USAM5U;Actual meter (1-6) in use
SITCOM;Item complement;USAM6U;Actual meter (1-6) in use
SITCOM;Item complement;USLM1U;Logical meter (1-6) in use
SITCOM;Item complement;USLM2U;Logical meter (1-6) in use
SITCOM;Item complement;USLM3U;Logical meter (1-6) in use
SITCOM;Item complement;USLM4U;Logical meter (1-6) in use
SITCOM;Item complement;USLM5U;Logical meter (1-6) in use
SITCOM;Item complement;USLM6U;Logical meter (1-6) in use
SITCOM;Item complement;USIM1U;Invoice meter (1-6) in use
SITCOM;Item complement;USIM2U;Invoice meter (1-6) in use
SITCOM;Item complement;USIM3U;Invoice meter (1-6) in use
SITCOM;Item complement;USIM4U;Invoice meter (1-6) in use
SITCOM;Item complement;USIM5U;Invoice meter (1-6) in use
SITCOM;Item complement;USIM6U;Invoice meter (1-6) in use
SITCOM;Item complement;USRNCD;Agreement update/renewal
SITCOM;Item complement;USAVHI;Yes/no
SITCOM;Item complement;USAIHI;Yes/no
SITCOM;Item complement;USASOC;Create service order automatic
SITCOM;Item complement;USESCO;Error symptom
SITCOM;Item complement;USMIHP;Minimum rental period
SITCOM;Item complement;USMRTP;Minimum rental type
SITCOM;Item complement;USMINV;Reference field amount
SITCOM;Item complement;USADDR;Additional day rate
SITCOM;Item complement;USDOWT;Downtime
SITCOM;Item complement;USRGDT;Entry date
SITCOM;Item complement;USRGTM;Entry time
SITCOM;Item complement;USLMDT;Change date
SITCOM;Item complement;USCHNO;Change number
SITCOM;Item complement;USCHID;Changed by
SITCOM;Item complement;USLMTS;Timestamp
SITCOM;Item complement;USPRNO;Product
SITCOM;Item complement;USSTRT;Product structure type
SITCOM;Item complement;USSUFI;Service
SITCOM;Item complement;USRPLV;Replacement value
SITCOM;Item complement;USTAXC;Tax code customer/address
SITCOM;Item complement;USATMN;Attribute managed
SITCOM;Item complement;USRFAC;Replacement factor
SITCOM;Item complement;USFATP;Fixed asset type
