Table name M3;Table name User;Column name M3;Column name M3
CAEXEL;Accounting exceptions;CXCONO;Company
CAEXEL;Accounting exceptions;CXDIVI;Division
CAEXEL;Accounting exceptions;CXEVEN;Accounting event
CAEXEL;Accounting exceptions;CXACTY;Accounting type
CAEXEL;Accounting exceptions;CXFDAT;From date
CAEXEL;Accounting exceptions;CXPREX;Priority
CAEXEL;Accounting exceptions;CXOBV1;Start value 1
CAEXEL;Accounting exceptions;CXOBV2;Start value 2
CAEXEL;Accounting exceptions;CXOBV3;Start value 3
CAEXEL;Accounting exceptions;CXOBV4;Start value 4
CAEXEL;Accounting exceptions;CXOBV5;Start value 5
CAEXEL;Accounting exceptions;CXOBT1;End value 1
CAEXEL;Accounting exceptions;CXOBT2;End value 2
CAEXEL;Accounting exceptions;CXOBT3;End value 3
CAEXEL;Accounting exceptions;CXOBT4;End value 4
CAEXEL;Accounting exceptions;CXOBT5;End value 5
CAEXEL;Accounting exceptions;CXAIT1;Accounting dimension 1
CAEXEL;Accounting exceptions;CXAIT2;Accounting dimension 2
CAEXEL;Accounting exceptions;CXAIT3;Accounting dimension 3
CAEXEL;Accounting exceptions;CXAIT4;Accounting dimension 4
CAEXEL;Accounting exceptions;CXAIT5;Accounting dimension 5
CAEXEL;Accounting exceptions;CXAIT6;Accounting dimension 6
CAEXEL;Accounting exceptions;CXAIT7;Accounting dimension 7
CAEXEL;Accounting exceptions;CXOVA2;Field
CAEXEL;Accounting exceptions;CXOVA3;Field
CAEXEL;Accounting exceptions;CXOVA4;Field
CAEXEL;Accounting exceptions;CXOVA5;Field
CAEXEL;Accounting exceptions;CXOVA6;Field
CAEXEL;Accounting exceptions;CXOVA7;Field
CAEXEL;Accounting exceptions;CXRGDT;Entry date
CAEXEL;Accounting exceptions;CXRGTM;Entry time
CAEXEL;Accounting exceptions;CXLMDT;Change date
CAEXEL;Accounting exceptions;CXCHNO;Change number
CAEXEL;Accounting exceptions;CXCHID;Changed by
CAEXEL;Accounting exceptions;CXLMTS;Timestamp
CAREPL;Replacement values;CYCONO;Company
CAREPL;Replacement values;CYDIVI;Division
CAREPL;Replacement values;CYOBJC;Field
CAREPL;Replacement values;CYAITP;Accounting dimension
CAREPL;Replacement values;CYOBJA;Lowest field value
CAREPL;Replacement values;CYSTDE;Valid from
CAREPL;Replacement values;CYOBJB;Highest field value
CAREPL;Replacement values;CYTRNV;New value
CAREPL;Replacement values;CYRGDT;Entry date
CAREPL;Replacement values;CYRGTM;Entry time
CAREPL;Replacement values;CYLMDT;Change date
CAREPL;Replacement values;CYCHNO;Change number
CAREPL;Replacement values;CYCHID;Changed by
CASTDV;Accounting rule;CVCONO;Company
CASTDV;Accounting rule;CVDIVI;Division
CASTDV;Accounting rule;CVEVEN;Accounting event
CASTDV;Accounting rule;CVACTY;Accounting type
CASTDV;Accounting rule;CVFDAT;From date
CASTDV;Accounting rule;CVAIT1;Accounting dimension 1
CASTDV;Accounting rule;CVAIT2;Accounting dimension 2
CASTDV;Accounting rule;CVAIT3;Accounting dimension 3
CASTDV;Accounting rule;CVAIT4;Accounting dimension 4
CASTDV;Accounting rule;CVAIT5;Accounting dimension 5
CASTDV;Accounting rule;CVAIT6;Accounting dimension 6
CASTDV;Accounting rule;CVAIT7;Accounting dimension 7
CASTDV;Accounting rule;CVOVA2;Field
CASTDV;Accounting rule;CVOVA3;Field
CASTDV;Accounting rule;CVOVA4;Field
CASTDV;Accounting rule;CVOVA5;Field
CASTDV;Accounting rule;CVOVA6;Field
CASTDV;Accounting rule;CVOVA7;Field
CASTDV;Accounting rule;CVPC11;Field
CASTDV;Accounting rule;CVPC12;Field
CASTDV;Accounting rule;CVPC13;Field
CASTDV;Accounting rule;CVPC14;Field
CASTDV;Accounting rule;CVPC15;Field
CASTDV;Accounting rule;CVPC21;Field
CASTDV;Accounting rule;CVPC22;Field
CASTDV;Accounting rule;CVPC23;Field
CASTDV;Accounting rule;CVPC24;Field
CASTDV;Accounting rule;CVPC25;Field
CASTDV;Accounting rule;CVPC31;Field
CASTDV;Accounting rule;CVPC32;Field
CASTDV;Accounting rule;CVPC33;Field
CASTDV;Accounting rule;CVPC34;Field
CASTDV;Accounting rule;CVPC35;Field
CASTDV;Accounting rule;CVPC41;Field
CASTDV;Accounting rule;CVPC42;Field
CASTDV;Accounting rule;CVPC43;Field
CASTDV;Accounting rule;CVPC44;Field
CASTDV;Accounting rule;CVPC45;Field
CASTDV;Accounting rule;CVPC51;Field
CASTDV;Accounting rule;CVPC52;Field
CASTDV;Accounting rule;CVPC53;Field
CASTDV;Accounting rule;CVPC54;Field
CASTDV;Accounting rule;CVPC55;Field
CASTDV;Accounting rule;CVPC61;Field
CASTDV;Accounting rule;CVPC62;Field
CASTDV;Accounting rule;CVPC63;Field
CASTDV;Accounting rule;CVPC64;Field
CASTDV;Accounting rule;CVPC65;Field
CASTDV;Accounting rule;CVPC71;Field
CASTDV;Accounting rule;CVPC72;Field
CASTDV;Accounting rule;CVPC73;Field
CASTDV;Accounting rule;CVPC74;Field
CASTDV;Accounting rule;CVPC75;Field
CASTDV;Accounting rule;CVPC81;Field
CASTDV;Accounting rule;CVPC82;Field
CASTDV;Accounting rule;CVPC83;Field
CASTDV;Accounting rule;CVPC84;Field
CASTDV;Accounting rule;CVPC85;Field
CASTDV;Accounting rule;CVPC91;Field
CASTDV;Accounting rule;CVPC92;Field
CASTDV;Accounting rule;CVPC93;Field
CASTDV;Accounting rule;CVPC94;Field
CASTDV;Accounting rule;CVPC95;Field
CASTDV;Accounting rule;CVPC01;Field
CASTDV;Accounting rule;CVPC02;Field
CASTDV;Accounting rule;CVPC03;Field
CASTDV;Accounting rule;CVPC04;Field
CASTDV;Accounting rule;CVPC05;Field
CASTDV;Accounting rule;CVRGDT;Entry date
CASTDV;Accounting rule;CVRGTM;Entry time
CASTDV;Accounting rule;CVLMDT;Change date
CASTDV;Accounting rule;CVCHNO;Change number
CASTDV;Accounting rule;CVCHID;Changed by
CASTDV;Accounting rule;CVLMTS;Timestamp
CBANAC;Bank accounts;BCCONO;Company
CBANAC;Bank accounts;BCDIVI;Division
CBANAC;Bank accounts;BCBKID;Bank account identity
CBANAC;Bank accounts;BCBKTP;Bank account type
CBANAC;Bank accounts;BCACHO;Account holder
CBANAC;Bank accounts;BCBKNO;Bank number
CBANAC;Bank accounts;BCBBRN;Bank branch identity
CBANAC;Bank accounts;BCSTAT;Status
CBANAC;Bank accounts;BCBANA;Bank account name
CBANAC;Bank accounts;BCAIT1;Accounting dimension 1
CBANAC;Bank accounts;BCAIT2;Accounting dimension 2
CBANAC;Bank accounts;BCAIT3;Accounting dimension 3
CBANAC;Bank accounts;BCAIT4;Accounting dimension 4
CBANAC;Bank accounts;BCAIT5;Accounting dimension 5
CBANAC;Bank accounts;BCAIT6;Accounting dimension 6
CBANAC;Bank accounts;BCAIT7;Accounting dimension 7
CBANAC;Bank accounts;BCCUCD;Currency
CBANAC;Bank accounts;BCBKIN;Bank account indicator
CBANAC;Bank accounts;BCBAF1;Bank account field 1
CBANAC;Bank accounts;BCBAF2;Bank account field 2
CBANAC;Bank accounts;BCBAF3;Bank account field 3
CBANAC;Bank accounts;BCBAF4;Bank account field 4
CBANAC;Bank accounts;BCBAF5;Bank account field 5
CBANAC;Bank accounts;BCBKPL;Banking region
CBANAC;Bank accounts;BCARTP;Remittance method
CBANAC;Bank accounts;BCBMDA;Maximum discountable amount
CBANAC;Bank accounts;BCBMCA;Maximum collection amount
CBANAC;Bank accounts;BCFCDC;Fixed discount charge
CBANAC;Bank accounts;BCBIDC;Discount rate
CBANAC;Bank accounts;BCBMDI;Minimum number of days for interest
CBANAC;Bank accounts;BCFCCO;Fixed collection charges
CBANAC;Bank accounts;BCDNOV;Discounted amount not overdue
CBANAC;Bank accounts;BCCNOV;Cash remittance not overdue
CBANAC;Bank accounts;BCBKAG;Bank EDI agreement number
CBANAC;Bank accounts;BCFINC;Financial institution
CBANAC;Bank accounts;BCC1QF;Code list - qualifier
CBANAC;Bank accounts;BCC1RA;Code list - responsible agent
CBANAC;Bank accounts;BCFIAN;Account number at financial institution
CBANAC;Bank accounts;BCBRNO;Branch number
CBANAC;Bank accounts;BCC2QF;Code list - qualifier
CBANAC;Bank accounts;BCC2RA;Code list - responsible agent
CBANAC;Bank accounts;BCFICU;Customer number at financial institution
CBANAC;Bank accounts;BCNCHL;Number of lines
CBANAC;Bank accounts;BCCBPY;Bank priority
CBANAC;Bank accounts;BCPYCD;Payment method - accounts receivable
CBANAC;Bank accounts;BCLNCD;Language
CBANAC;Bank accounts;BCNODY;Number of days
CBANAC;Bank accounts;BCEBAT;Employee bank account type
CBANAC;Bank accounts;BCPYTK;Transfer type
CBANAC;Bank accounts;BCCSTC;Bank fee payment
CBANAC;Bank accounts;BCIBAN;International bank account number
CBANAC;Bank accounts;BCACGR;Object access group
CBANAC;Bank accounts;BCTXID;Text identity
CBANAC;Bank accounts;BCRGDT;Entry date
CBANAC;Bank accounts;BCRGTM;Entry time
CBANAC;Bank accounts;BCLMDT;Change date
CBANAC;Bank accounts;BCCHNO;Change number
CBANAC;Bank accounts;BCCHID;Changed by
CBANAC;Bank accounts;BCLMTS;Timestamp
CBANAC;Bank accounts;BCLONC;Yes/no
CBANAC;Bank accounts;BCCIDN;Creditor identifier number
CBANAC;Bank accounts;BCSWBI;SWIFT/BIC code
CBANAC;Bank accounts;BCCLSI;Clearing system ID
CBANAC;Bank accounts;BCCLSN;Clearing system number
CBANAC;Bank accounts;BCBACN;Bank account number
CBANAC;Bank accounts;BCCPCO;Category purpose code
CBANAC;Bank accounts;BCPPCO;Payment purpose code
CBANAC;Bank accounts;BCPITY;Priority code
CBANAC;Bank accounts;BCCBCD;Charge bearer code
CBANAC;Bank accounts;BCIBBD;Intermediary bank account description
CBANAC;Bank accounts;BCIBBN;Intermediary bank number
CBANAC;Bank accounts;BCIBBB;Intermediary bank branch ID
CBANAC;Bank accounts;BCIBSW;Intermediary - SWIFT/BIC code
CBANAC;Bank accounts;BCIBSI;Intermediary - clearing system ID
CBANAC;Bank accounts;BCIBSN;Intermediary - clearing system number
CBANAC;Bank accounts;BCIBIB;Intermediary - international bank acc no
CBANAC;Bank accounts;BCIBCN;Intermediary bank account number
CBANAC;Bank accounts;BCRENO;Recipient number
CBANMA;Banks;BKCONO;Company
CBANMA;Banks;BKDIVI;Division
CBANMA;Banks;BKBKNO;Bank number
CBANMA;Banks;BKSTAT;Status
CBANMA;Banks;BKBKNM;Bank name
CBANMA;Banks;BKALBK;Search key
CBANMA;Banks;BKBKA1;Bank address
CBANMA;Banks;BKBKA2;Bank address 2
CBANMA;Banks;BKBKA3;Bank address 3
CBANMA;Banks;BKBKA4;Bank address 4
CBANMA;Banks;BKCSCD;Country
CBANMA;Banks;BKPONO;Postal code
CBANMA;Banks;BKPHNO;Telephone number 1
CBANMA;Banks;BKPHN2;Telephone number 2
CBANMA;Banks;BKTFNO;Facsimile transmission number
CBANMA;Banks;BKYREF;Your reference 1
CBANMA;Banks;BKYRE2;Your reference 2
CBANMA;Banks;BKOREF;Our reference
CBANMA;Banks;BKAIT1;Accounting dimension 1
CBANMA;Banks;BKCUCD;Currency
CBANMA;Banks;BKBKIN;Bank account indicator
CBANMA;Banks;BKBAF1;Bank account field 1
CBANMA;Banks;BKBAF2;Bank account field 2
CBANMA;Banks;BKBAF3;Bank account field 3
CBANMA;Banks;BKBAF4;Bank account field 4
CBANMA;Banks;BKBAF5;Bank account field 5
CBANMA;Banks;BKBKPL;Banking region
CBANMA;Banks;BKARTP;Remittance method
CBANMA;Banks;BKBMDA;Maximum discountable amount
CBANMA;Banks;BKBMCA;Maximum collection amount
CBANMA;Banks;BKFCDC;Fixed discount charge
CBANMA;Banks;BKBIDC;Discount rate
CBANMA;Banks;BKBMDI;Minimum number of days for interest
CBANMA;Banks;BKFCCO;Fixed collection charges
CBANMA;Banks;BKBAGR;Bank group
CBANMA;Banks;BKEMAL;Email address
CBANMA;Banks;BKWESI;Web site address
CBANMA;Banks;BKECAR;State
CBANMA;Banks;BKSWIC;SWIFT code
CBANMA;Banks;BKVRNO;VAT registration number
CBANMA;Banks;BKDNOV;Discounted amount not overdue
CBANMA;Banks;BKCNOV;Cash remittance not overdue
CBANMA;Banks;BKFINC;Financial institution
CBANMA;Banks;BKC1QF;Code list - qualifier
CBANMA;Banks;BKC1RA;Code list - responsible agent
CBANMA;Banks;BKFIAN;Account number at financial institution
CBANMA;Banks;BKBRNO;Branch number
CBANMA;Banks;BKC2QF;Code list - qualifier
CBANMA;Banks;BKC2RA;Code list - responsible agent
CBANMA;Banks;BKFICU;Customer number at financial institution
CBANMA;Banks;BKTOWN;City
CBANMA;Banks;BKTXID;Text identity
CBANMA;Banks;BKLNCD;Language
CBANMA;Banks;BKNCHL;Number of lines
CBANMA;Banks;BKRGDT;Entry date
CBANMA;Banks;BKRGTM;Entry time
CBANMA;Banks;BKLMDT;Change date
CBANMA;Banks;BKCHNO;Change number
CBANMA;Banks;BKCHID;Changed by
CBANMA;Banks;BKLMTS;Timestamp
CBANMA;Banks;BKFRCO;County ID
CCUCRL;Customer credit limit;CCCONO;Company
CCUCRL;Customer credit limit;CCDIVI;Division
CCUCRL;Customer credit limit;CCPYNO;Payer
CCUCRL;Customer credit limit;CCODIN;Overdue invoice amount
CCUCRL;Customer credit limit;CCOINA;Outstanding invoice amount
CCUCRL;Customer credit limit;CCOVNI;Order value not invoiced
CCUCRL;Customer credit limit;CCNOOD;Number of overdue days
CCUCRL;Customer credit limit;CCOWOR;Outstanding without risk
CCUCRL;Customer credit limit;CCOVWR;Order value without risk
CCUCRL;Customer credit limit;CCLIND;Last invoice date
CCUCRL;Customer credit limit;CCTXID;Text identity
CCUCRL;Customer credit limit;CCRGDT;Entry date
CCUCRL;Customer credit limit;CCRGTM;Entry time
CCUCRL;Customer credit limit;CCLMDT;Change date
CCUCRL;Customer credit limit;CCCHNO;Change number
CCUCRL;Customer credit limit;CCCHID;Changed by
CCUCRL;Customer credit limit;CCPTRA;Pending transfer amount
CCUCRL;Customer credit limit;CCPYGR;Credit group
CCURRA;Currency rate table;CUTCAR;Third exchange rate
CCURRA;Currency rate table;CUTHCC;Third currency
CCURRA;Currency rate table;CUCONO;Company
CCURRA;Currency rate table;CUDIVI;Division
CCURRA;Currency rate table;CUCUCD;Currency
CCURRA;Currency rate table;CUCRTP;Exchange rate type
CCURRA;Currency rate table;CUCUTD;Rate date
CCURRA;Currency rate table;CUGLOC;Geographic location
CCURRA;Currency rate table;CUARAT;Exchange rate
CCURRA;Currency rate table;CUTXID;Text identity
CCURRA;Currency rate table;CULOCD;Local currency
CCURRA;Currency rate table;CUDMCU;Currency conversion method
CCURRA;Currency rate table;CURAFA;Rate factor
CCURRA;Currency rate table;CURGDT;Entry date
CCURRA;Currency rate table;CURGTM;Entry time
CCURRA;Currency rate table;CULMDT;Change date
CCURRA;Currency rate table;CUCHNO;Change number
CCURRA;Currency rate table;CUCHID;Changed by
CCURRA;Currency rate table;CULMTS;Timestamp
CDWIMA;Delivery Window file;WDCONO;Company
CDWIMA;Delivery Window file;WDSEA1;Season
CDWIMA;Delivery Window file;WDDWID;Delivery window
CDWIMA;Delivery Window file;WDTX40;Description
CDWIMA;Delivery Window file;WDDTID;Data identity
CDWIMA;Delivery Window file;WDTX15;Name
CDWIMA;Delivery Window file;WDFDED;First delivery date
CDWIMA;Delivery Window file;WDLDED;Last delivery
CDWIMA;Delivery Window file;WDPDT1;Proposed date
CDWIMA;Delivery Window file;WDRGDT;Entry date
CDWIMA;Delivery Window file;WDRGTM;Entry time
CDWIMA;Delivery Window file;WDLMDT;Change date
CDWIMA;Delivery Window file;WDCHNO;Change number
CDWIMA;Delivery Window file;WDCHID;Changed by
CDWIMA;Delivery Window file;WDLMTS;Timestamp
CEAEMP;Employment file;EACONO;Company
CEAEMP;Employment file;EADIVI;Division
CEAEMP;Employment file;EAEMNO;Employee number
CEAEMP;Employment file;EAUSID;User
CEAEMP;Employment file;EAEMNM;Name
CEAEMP;Employment file;EATNL2;Short name
CEAEMP;Employment file;EATECH;Technician
CEAEMP;Employment file;EAWOSC;Work schedule
CEAEMP;Employment file;EAWODT;Work schedule from date
CEAEMP;Employment file;EASWSC;Start week - schedule
CEAEMP;Employment file;EAFACI;Facility
CEAEMP;Employment file;EAPLGR;Work center
CEAEMP;Employment file;EADEPT;Department
CEAEMP;Employment file;EAREAR;Planning area
CEAEMP;Employment file;EAMXTM;Used in Time & Attendance
CEAEMP;Employment file;EAMXSO;Used in Service and Rental
CEAEMP;Employment file;EAMXPM;Used in Manufacturing Order Processing
CEAEMP;Employment file;EAMXMO;Used in Maintenance
CEAEMP;Employment file;EAMXTA;Used in Time Accounting
CEAEMP;Employment file;EAACEM;Active employee
CEAEMP;Employment file;EACANO;Card number
CEAEMP;Employment file;EATMGR;Employee group
CEAEMP;Employment file;EAEMST;Terms of employment
CEAEMP;Employment file;EAEMPS;Status
CEAEMP;Employment file;EATMCC;Cost center
CEAEMP;Employment file;EAOTCD;Calculation method - overtime
CEAEMP;Employment file;EAMNOT;Minimum overtime per day
CEAEMP;Employment file;EAFLAW;Calculation method - flextime
CEAEMP;Employment file;EASUSD;Operation include Time and Attendance
CEAEMP;Employment file;EATMRP;Time type actual attendance
CEAEMP;Employment file;EAFXWD;Variable workday
CEAEMP;Employment file;EATVWD;Time limit variable workday
CEAEMP;Employment file;EATPOT;Time type run time
CEAEMP;Employment file;EATPST;Time type setup time
CEAEMP;Employment file;EATTPE;Time type
CEAEMP;Employment file;EAFLTP;Time type for flextime
CEAEMP;Employment file;EARMTP;Time type missing time
CEAEMP;Employment file;EAAUTT;Automatic generation time type
CEAEMP;Employment file;EATMEM;Number of minutes
CEAEMP;Employment file;EAPWPY;Piece rate paid
CEAEMP;Employment file;EALSST;Last time entry
CEAEMP;Employment file;EALTSD;Last clock date
CEAEMP;Employment file;EAIOST;In/out
CEAEMP;Employment file;EAABSC;Absence type
CEAEMP;Employment file;EACTOD;Calculated to date
CEAEMP;Employment file;EATTPD;Latest transfer date to history/pay
CEAEMP;Employment file;EAWHLO;Warehouse
CEAEMP;Employment file;EAWHSL;Location
CEAEMP;Employment file;EASRES;Service manager
CEAEMP;Employment file;EASPHO;Hourly price
CEAEMP;Employment file;EACUCS;Currency - sales price
CEAEMP;Employment file;EACPHO;Hourly cost
CEAEMP;Employment file;EAEMID;Employee identity
CEAEMP;Employment file;EATX15;Name
CEAEMP;Employment file;EAPCAT;Employee group - Time Accounting
CEAEMP;Employment file;EAACRF;User-defined accounting control object
CEAEMP;Employment file;EATACC;Cost center
CEAEMP;Employment file;EAFRT1;User-defined field 1
CEAEMP;Employment file;EAFRT2;User-defined field 2
CEAEMP;Employment file;EAFRT3;User-defined field 3
CEAEMP;Employment file;EAFRT4;User-defined field 4
CEAEMP;Employment file;EAFRT5;User-defined field 5
CEAEMP;Employment file;EAAPID;Approval ID
CEAEMP;Employment file;EADSSU;Display total
CEAEMP;Employment file;EADSSC;Display schedule
CEAEMP;Employment file;EADSWD;View display
CEAEMP;Employment file;EADSWE;View entry
CEAEMP;Employment file;EATMRN;Time report number
CEAEMP;Employment file;EAPHNO;Telephone number 1
CEAEMP;Employment file;EAIPHN;Internal telephone number
CEAEMP;Employment file;EACAPH;Cellular telephone number
CEAEMP;Employment file;EAPNCO;PIN code
CEAEMP;Employment file;EAGEOG;Geographic area
CEAEMP;Employment file;EARECM;Application message recipient
CEAEMP;Employment file;EAEBDT;Employment date
CEAEMP;Employment file;EAEEDT;Termination date
CEAEMP;Employment file;EATXID;Text identity
CEAEMP;Employment file;EARGDT;Entry date
CEAEMP;Employment file;EARGTM;Entry time
CEAEMP;Employment file;EALMDT;Change date
CEAEMP;Employment file;EACHNO;Change number
CEAEMP;Employment file;EACHID;Changed by
CEAEMP;Employment file;EALMTS;Timestamp
CEAEMP;Employment file;EATAIL;Registration number/site
CEAEMP;Employment file;EAWHRE;Location return
CEAEMP;Employment file;EAWHUS;Location unserviceable
CEAEMP;Employment file;EASUNO;Supplier
CEAEMP;Employment file;EAUSXM;Used in expenses
CECOCI;Eco-organization. Connect Item;CICONO;Company
CECOCI;Eco-organization. Connect Item;CIECRG;Eco-organization
CECOCI;Eco-organization. Connect Item;CICSOR;Country of organization
CECOCI;Eco-organization. Connect Item;CIITNO;Item number
CECOCI;Eco-organization. Connect Item;CIECOP;Eco-product code
CECOCI;Eco-organization. Connect Item;CIVFDT;Valid from
CECOCI;Eco-organization. Connect Item;CIVTDT;Valid to
CECOCI;Eco-organization. Connect Item;CITXID;Text identity
CECOCI;Eco-organization. Connect Item;CIRGDT;Entry date
CECOCI;Eco-organization. Connect Item;CIRGTM;Entry time
CECOCI;Eco-organization. Connect Item;CILMDT;Change date
CECOCI;Eco-organization. Connect Item;CICHNO;Change number
CECOCI;Eco-organization. Connect Item;CICHID;Changed by
CECOCI;Eco-organization. Connect Item;CILMTS;Timestamp
CEMAIL;E-mail address;CBCONO;Company
CEMAIL;E-mail address;CBEMTP;Email type
CEMAIL;E-mail address;CBEMKY;Email key value
CEMAIL;E-mail address;CBEMR3;E-mail reference 3
CEMAIL;E-mail address;CBEMR4;E-mail reference 4
CEMAIL;E-mail address;CBEMR5;E-mail reference 5
CEMAIL;E-mail address;CBEMAL;Email address
CEMAIL;E-mail address;CBLSID;User
CEMAIL;E-mail address;CBLSAD;Address
CEMAIL;E-mail address;CBRGDT;Entry date
CEMAIL;E-mail address;CBRGTM;Entry time
CEMAIL;E-mail address;CBLMDT;Change date
CEMAIL;E-mail address;CBCHNO;Change number
CEMAIL;E-mail address;CBCHID;Changed by
CFACIL;Facility master;CFFABC;Branch code
CFACIL;Facility master;CFCONO;Company
CFACIL;Facility master;CFFACI;Facility
CFACIL;Facility master;CFFACN;Name
CFACIL;Facility master;CFDIVI;Division
CFACIL;Facility master;CFWHLO;Main warehouse
CFACIL;Facility master;CFACGR;Object access group
CFACIL;Facility master;CFPYAD;Our invoicing address
CFACIL;Facility master;CFCUNO;Customer
CFACIL;Facility master;CFSUNO;Supplier
CFACIL;Facility master;CFSHPL;Shift planning
CFACIL;Facility master;CFGFAC;Global facility
CFACIL;Facility master;CFAPSA;APS scheduling enabled
CFACIL;Facility master;CFCCMT;Shift pattern adjustments
CFACIL;Facility master;CFTSDA;SWB timestamp
CFACIL;Facility master;CFTSTE;SWB timestamp
CFACIL;Facility master;CFAPSS;SWB in progress
CFACIL;Facility master;CFSCHH;Scheduling horizon
CFACIL;Facility master;CFTXID;Text identity
CFACIL;Facility master;CFRGDT;Entry date
CFACIL;Facility master;CFRGTM;Entry time
CFACIL;Facility master;CFLMDT;Change date
CFACIL;Facility master;CFCHNO;Change number
CFACIL;Facility master;CFCHID;Changed by
CFACIL;Facility master;CFFANM;Facility numeric name
CFACIL;Facility master;CFGEOX;Geographic code X
CFACIL;Facility master;CFGEOY;Geographic code Y
CFACIL;Facility master;CFGEOZ;Geographic code  Z
CFACIL;Facility master;CFLMTS;Timestamp
CFACIL;Facility master;CFVRNU;Version management
CFACIL;Facility master;CFPMFL;Process manufacturing flag
CFACIL;Facility master;CFRAPD;Retain APS planned dates
CGETXL;General text, line;TLCONO;Company
CGETXL;General text, line;TLDIVI;Division
CGETXL;General text, line;TLTXID;Text identity
CGETXL;General text, line;TLTXVR;Text block
CGETXL;General text, line;TLLNCD;Language
CGETXL;General text, line;TLLINO;Line number
CGETXL;General text, line;TLTX60;Text
CGETXL;General text, line;TLLMTS;Timestamp
CIADDR;Internal address;OACONO;Company
CIADDR;Internal address;OAADTH;Internal address type
CIADDR;Internal address;OAADK1;Address key 1
CIADDR;Internal address;OAADK2;Address key 2
CIADDR;Internal address;OAADK3;Address key 3
CIADDR;Internal address;OACONM;Company name
CIADDR;Internal address;OAADR1;Address line 1
CIADDR;Internal address;OAADR2;Address line 2
CIADDR;Internal address;OAADR3;Address line 3
CIADDR;Internal address;OAADR4;Address line 4
CIADDR;Internal address;OACSCD;Country
CIADDR;Internal address;OAPONO;Postal code
CIADDR;Internal address;OAADVI;Ship-via address
CIADDR;Internal address;OAGEOC;Geographical code
CIADDR;Internal address;OATAXC;Tax code customer/address
CIADDR;Internal address;OAECAR;State
CIADDR;Internal address;OATOWN;City
CIADDR;Internal address;OAPNOD;Planning node
CIADDR;Internal address;OATXID;Text identity
CIADDR;Internal address;OARGDT;Entry date
CIADDR;Internal address;OARGTM;Entry time
CIADDR;Internal address;OALMDT;Change date
CIADDR;Internal address;OACHNO;Change number
CIADDR;Internal address;OACHID;Changed by
CIADDR;Internal address;OALMTS;Timestamp
CIADDR;Internal address;OAGEOX;Geographic code X
CIADDR;Internal address;OAGEOY;Geographic code Y
CIADDR;Internal address;OAGEOZ;Geographic code  Z
CIADDR;Internal address;OAFRCO;County ID
CIADDR;Internal address;OASPLE;Standard point location code
CIADDR;Internal address;OARASN;Rail station
CIDADR;Vendor address;SACONO;Company
CIDADR;Vendor address;SASUNO;Supplier
CIDADR;Vendor address;SAADTE;Address type
CIDADR;Vendor address;SAADID;Address number
CIDADR;Vendor address;SASTDT;Start date
CIDADR;Vendor address;SASUNM;Supplier name
CIDADR;Vendor address;SAPRIA;Printout code
CIDADR;Vendor address;SAADR1;Address line 1
CIDADR;Vendor address;SAADR2;Address line 2
CIDADR;Vendor address;SAADR3;Address line 3
CIDADR;Vendor address;SAADR4;Address line 4
CIDADR;Vendor address;SACSCD;Country
CIDADR;Vendor address;SAPONO;Postal code
CIDADR;Vendor address;SAADVI;Ship-via address
CIDADR;Vendor address;SAEDES;Place
CIDADR;Vendor address;SAGEOC;Geographical code
CIDADR;Vendor address;SATAXC;Tax code customer/address
CIDADR;Vendor address;SAECAR;State
CIDADR;Vendor address;SATOWN;City
CIDADR;Vendor address;SAPNOD;Planning node
CIDADR;Vendor address;SATXID;Text identity
CIDADR;Vendor address;SARGDT;Entry date
CIDADR;Vendor address;SARGTM;Entry time
CIDADR;Vendor address;SALMDT;Change date
CIDADR;Vendor address;SACHNO;Change number
CIDADR;Vendor address;SACHID;Changed by
CIDADR;Vendor address;SALMTS;Timestamp
CIDADR;Vendor address;SAGEOX;Geographic code X
CIDADR;Vendor address;SAGEOY;Geographic code Y
CIDADR;Vendor address;SAGEOZ;Geographic code  Z
CIDADR;Vendor address;SAFRCO;County ID
CIDADR;Vendor address;SASPLE;Standard point location code
CIDADR;Vendor address;SARASN;Rail station
CIDADR;Vendor address;SASADR;Supplier's address reference
CIDADR;Vendor address;SADTID;Data identity
CIDMAS;Supplier;IDCONO;Company
CIDMAS;Supplier;IDSUNO;Supplier
CIDMAS;Supplier;IDSUTY;Supplier type
CIDMAS;Supplier;IDSUNM;Supplier name
CIDMAS;Supplier;IDALSU;Search key
CIDMAS;Supplier;IDSTAT;Status
CIDMAS;Supplier;IDCORG;Organization number 1
CIDMAS;Supplier;IDCOR2;Organization number 2
CIDMAS;Supplier;IDLNCD;Language
CIDMAS;Supplier;IDPHNO;Telephone number 1
CIDMAS;Supplier;IDPHN2;Telephone number 2
CIDMAS;Supplier;IDTLNO;Telex number
CIDMAS;Supplier;IDTFNO;Facsimile transmission number
CIDMAS;Supplier;IDCSCD;Country
CIDMAS;Supplier;IDECAR;State
CIDMAS;Supplier;IDDTFM;Date format
CIDMAS;Supplier;IDEDIT;Date editing
CIDMAS;Supplier;IDVRNO;VAT registration number
CIDMAS;Supplier;IDSUCO;Supplier number within group
CIDMAS;Supplier;IDSUAL;Supplier alternate identity
CIDMAS;Supplier;IDSUCM;Supplier computer communication address
CIDMAS;Supplier;IDMEPF;Media profile
CIDMAS;Supplier;IDPODA;Postal lead time - supplier
CIDMAS;Supplier;IDCFI1;User-defined field 1 - item
CIDMAS;Supplier;IDCFI2;User-defined field 2 - item
CIDMAS;Supplier;IDCFI3;User-defined field 3 - item
CIDMAS;Supplier;IDCFI4;User-defined field 4 - item
CIDMAS;Supplier;IDCFI5;User-defined field 5 - item
CIDMAS;Supplier;IDHAFE;Harbor or airport
CIDMAS;Supplier;IDDESV;Alternate lang for option description
CIDMAS;Supplier;IDTIZO;Time zone
CIDMAS;Supplier;IDFWSC;Forwarder SCAC
CIDMAS;Supplier;IDTXID;Text identity
CIDMAS;Supplier;IDRGDT;Entry date
CIDMAS;Supplier;IDRGTM;Entry time
CIDMAS;Supplier;IDLMDT;Change date
CIDMAS;Supplier;IDCHNO;Change number
CIDMAS;Supplier;IDCHID;Changed by
CIDMAS;Supplier;IDPPIN;Print packing instruction
CIDMAS;Supplier;IDLMTS;Timestamp
CIDMAS;Supplier;IDGEOC;Geographical code
CIDMAS;Supplier;IDRASN;Rail station
CIDREF;Customer;IRCONO;Company
CIDREF;Customer;IRSUNO;Supplier
CIDREF;Customer;IRRFTY;Reference type
CIDREF;Customer;IRRFID;Reference
CIDREF;Customer;IRYRE1;Your reference
CIDREF;Customer;IRPHNO;Telephone number 1
CIDREF;Customer;IRTFNO;Facsimile transmission number
CIDREF;Customer;IRSUCM;Supplier computer communication address
CIDREF;Customer;IRREMK;Remark
CIDREF;Customer;IREMAL;Email address
CIDREF;Customer;IRRGDT;Entry date
CIDREF;Customer;IRRGTM;Entry time
CIDREF;Customer;IRLMDT;Change date
CIDREF;Customer;IRCHNO;Change number
CIDREF;Customer;IRCHID;Changed by
CIDREF;Customer;IRLMTS;Timestamp
CIDVEN;Supplier - purchase & finance;IIAUCD;Disable auto confirm - internal sales
CIDVEN;Supplier - purchase & finance;IIAUTV;Auto verified
CIDVEN;Supplier - purchase & finance;IISCIP;Supplier rebate claim invoice permitted
CIDVEN;Supplier - purchase & finance;IISCIR;Claim inv setting ID - sup reb on purch
CIDVEN;Supplier - purchase & finance;IISRAM;Supplier rebate agreement model
CIDVEN;Supplier - purchase & finance;IICONO;Company
CIDVEN;Supplier - purchase & finance;IISUNO;Supplier
CIDVEN;Supplier - purchase & finance;IISUCL;Supplier group
CIDVEN;Supplier - purchase & finance;IIBUYE;Buyer
CIDVEN;Supplier - purchase & finance;IIRESP;Responsible
CIDVEN;Supplier - purchase & finance;IIQUCL;Quality class
CIDVEN;Supplier - purchase & finance;IIABSK;ABC class - supplier
CIDVEN;Supplier - purchase & finance;IIABSM;ABC method - supplier
CIDVEN;Supplier - purchase & finance;IISCNO;Supplier's customer number
CIDVEN;Supplier - purchase & finance;IIOUCN;Our customer number at supplier
CIDVEN;Supplier - purchase & finance;IIPRSU;Payee
CIDVEN;Supplier - purchase & finance;IICOBI;Group of companies
CIDVEN;Supplier - purchase & finance;IIAGNT;Recipient agreement type 1 - commission
CIDVEN;Supplier - purchase & finance;IIORTY;Order type
CIDVEN;Supplier - purchase & finance;IICUCD;Currency
CIDVEN;Supplier - purchase & finance;IICRTP;Exchange rate type
CIDVEN;Supplier - purchase & finance;IIVTCD;VAT code
CIDVEN;Supplier - purchase & finance;IITXAP;Tax applicable
CIDVEN;Supplier - purchase & finance;IIDCSM;Discount calculation method
CIDVEN;Supplier - purchase & finance;IITEPY;Payment terms
CIDVEN;Supplier - purchase & finance;IIPYME;Payment method - accounts payable
CIDVEN;Supplier - purchase & finance;IITECD;Cash discount term
CIDVEN;Supplier - purchase & finance;IITEDL;Delivery terms
CIDVEN;Supplier - purchase & finance;IIMODL;Delivery method
CIDVEN;Supplier - purchase & finance;IITEPA;Packaging terms
CIDVEN;Supplier - purchase & finance;IITEAF;Freight terms
CIDVEN;Supplier - purchase & finance;IIDT4T;Date type
CIDVEN;Supplier - purchase & finance;IIPACD;Payment priority
CIDVEN;Supplier - purchase & finance;IIIAPC;Invoice approval condition 1
CIDVEN;Supplier - purchase & finance;IIIAPE;Invoice approval condition 2
CIDVEN;Supplier - purchase & finance;IIIAPF;Invoice approval condition 3
CIDVEN;Supplier - purchase & finance;IIIAPT;Automatic invoice approval code
CIDVEN;Supplier - purchase & finance;IIFUSC;Monitoring activity list
CIDVEN;Supplier - purchase & finance;IISPFC;Monitoring class
CIDVEN;Supplier - purchase & finance;IISHST;Shipment table
CIDVEN;Supplier - purchase & finance;IIPSTM;Pseudo identity
CIDVEN;Supplier - purchase & finance;IISUST;Supplier statistics
CIDVEN;Supplier - purchase & finance;IISUSY;Number of years of statistics
CIDVEN;Supplier - purchase & finance;IIREGR;Invoice accounting template
CIDVEN;Supplier - purchase & finance;IIACRF;User-defined accounting control object
CIDVEN;Supplier - purchase & finance;IICFI1;User-defined field 1 - item
CIDVEN;Supplier - purchase & finance;IICFI2;User-defined field 2 - item
CIDVEN;Supplier - purchase & finance;IICFI3;User-defined field 3 - item
CIDVEN;Supplier - purchase & finance;IICFI4;User-defined field 4 - item
CIDVEN;Supplier - purchase & finance;IICFI5;User-defined field 5 - item
CIDVEN;Supplier - purchase & finance;IIPTDY;Tolerance - payment
CIDVEN;Supplier - purchase & finance;IIDTDY;Tolerance - delivery date
CIDVEN;Supplier - purchase & finance;IILIDT;Not used
CIDVEN;Supplier - purchase & finance;IISHAC;Shipment advice
CIDVEN;Supplier - purchase & finance;IIGRPY;Group invoice
CIDVEN;Supplier - purchase & finance;IISERS;Service code
CIDVEN;Supplier - purchase & finance;IISUGR;Statistical supplier
CIDVEN;Supplier - purchase & finance;IITAXC;Tax code customer/address
CIDVEN;Supplier - purchase & finance;IIPWMT;PIN code
CIDVEN;Supplier - purchase & finance;IITXID;Text identity
CIDVEN;Supplier - purchase & finance;IITDCD;Trade code
CIDVEN;Supplier - purchase & finance;IIPOOT;Point of time table
CIDVEN;Supplier - purchase & finance;IIATPR;Attribute pricing rule
CIDVEN;Supplier - purchase & finance;IIDTCD;Date code
CIDVEN;Supplier - purchase & finance;IISBPE;Self-billing permitted
CIDVEN;Supplier - purchase & finance;IITAME;Tax withholding method
CIDVEN;Supplier - purchase & finance;IIWIPR;Tax withholding percentage
CIDVEN;Supplier - purchase & finance;IITIDN;Tax ID number for supplier
CIDVEN;Supplier - purchase & finance;IITINO;Tax ID for supplier
CIDVEN;Supplier - purchase & finance;IIAVCD;Activity code
CIDVEN;Supplier - purchase & finance;IICINP;Claim invoice permitted
CIDVEN;Supplier - purchase & finance;IISCIS;Rebate claim invoice setting ID
CIDVEN;Supplier - purchase & finance;IIRGDT;Entry date
CIDVEN;Supplier - purchase & finance;IIRGTM;Entry time
CIDVEN;Supplier - purchase & finance;IILMDT;Change date
CIDVEN;Supplier - purchase & finance;IICHNO;Change number
CIDVEN;Supplier - purchase & finance;IICHID;Changed by
CIDVEN;Supplier - purchase & finance;IILMTS;Timestamp
CIDVEN;Supplier - purchase & finance;IIPPLV;Level of purchase planning
CIDVEN;Supplier - purchase & finance;IICGRP;Consolidation group
CIDVEN;Supplier - purchase & finance;IITXIN;Tax included
CIDVEN;Supplier - purchase & finance;IIDTID;Data identity
CIDVEN;Supplier - purchase & finance;IIALCS;Consignment agreement
CIDVEN;Supplier - purchase & finance;IIIFAC;Internal sales facility
CIDVEN;Supplier - purchase & finance;IISUWH;Supplying warehouse
CINACC;Internal account entry;EZCONO;Company
CINACC;Internal account entry;EZDIVI;Division
CINACC;Internal account entry;EZANBR;Accounting number
CINACC;Internal account entry;EZSENO;Sequence number
CINACC;Internal account entry;EZFSRC;Source file - internal account entries
CINACC;Internal account entry;EZEVEN;Accounting event
CINACC;Internal account entry;EZACTY;Accounting type
CINACC;Internal account entry;EZFACI;Facility
CINACC;Internal account entry;EZITNO;Item number
CINACC;Internal account entry;EZAIT1;Accounting dimension 1
CINACC;Internal account entry;EZAIT2;Accounting dimension 2
CINACC;Internal account entry;EZAIT3;Accounting dimension 3
CINACC;Internal account entry;EZAIT4;Accounting dimension 4
CINACC;Internal account entry;EZAIT5;Accounting dimension 5
CINACC;Internal account entry;EZAIT6;Accounting dimension 6
CINACC;Internal account entry;EZAIT7;Accounting dimension 7
CINACC;Internal account entry;EZACQT;Quantity
CINACC;Internal account entry;EZACAM;Recorded amount
CINACC;Internal account entry;EZTRDT;Transaction date
CINACC;Internal account entry;EZTFAM;Transferred to financial system
CINACC;Internal account entry;EZACDT;Accounting date
CINACC;Internal account entry;EZYEA4;Year
CINACC;Internal account entry;EZVSER;Voucher number series
CINACC;Internal account entry;EZVONO;Voucher number
CINACC;Internal account entry;EZERCD;Error
CINACC;Internal account entry;EZRGDT;Entry date
CINACC;Internal account entry;EZRGTM;Entry time
CINACC;Internal account entry;EZLMDT;Change date
CINACC;Internal account entry;EZCHNO;Change number
CINACC;Internal account entry;EZCHID;Changed by
CINACC;Internal account entry;EZLMTS;Timestamp
CINACC;Internal account entry;EZDBCR;Debit/credit code
CINACC;Internal account entry;EZBANO;Lot number
CININD;Internal allocation - reconciled GDNI;EXLMTS;Timestamp
CININD;Internal allocation - reconciled GDNI;EXCONO;Company
CININD;Internal allocation - reconciled GDNI;EXDIVI;Division
CININD;Internal allocation - reconciled GDNI;EXANBR;Accounting number
CININD;Internal allocation - reconciled GDNI;EXSENO;Sequence number
CININD;Internal allocation - reconciled GDNI;EXEVEN;Accounting event
CININD;Internal allocation - reconciled GDNI;EXIMDT;Invoice matching date
CININD;Internal allocation - reconciled GDNI;EXRGDT;Entry date
CININD;Internal allocation - reconciled GDNI;EXRGTM;Entry time
CININD;Internal allocation - reconciled GDNI;EXLMDT;Change date
CININD;Internal allocation - reconciled GDNI;EXCHNO;Change number
CININD;Internal allocation - reconciled GDNI;EXCHID;Changed by
CINPRI;Internal Transfer Price;GBCONO;Company
CINPRI;Internal Transfer Price;GBFRDT;From date
CINPRI;Internal Transfer Price;GBFFAC;Facility
CINPRI;Internal Transfer Price;GBTFAC;Facility
CINPRI;Internal Transfer Price;GBTX40;Description
CINPRI;Internal Transfer Price;GBTX15;Name
CINPRI;Internal Transfer Price;GBCUCT;Internal transfer currency
CINPRI;Internal Transfer Price;GBCRTP;Exchange rate type
CINPRI;Internal Transfer Price;GBINDP;Internal transfer price, decimal places
CINPRI;Internal Transfer Price;GBSEPA;Search path - internal transfer price
CINPRI;Internal Transfer Price;GBPRRF;Price list
CINPRI;Internal Transfer Price;GBPRS1;Price list SO
CINPRI;Internal Transfer Price;GBPOPR;Part of price list
CINPRI;Internal Transfer Price;GBAMFC;Part of inventory accounting price (IAP)
CINPRI;Internal Transfer Price;GBPOSP;Part of sales price
CINPRI;Internal Transfer Price;GBPOLN;Part of order line net price
CINPRI;Internal Transfer Price;GBSEPW;Search path - internal work
CINPRI;Internal Transfer Price;GBAMFW;Part of cost price
CINPRI;Internal Transfer Price;GBPOSW;Part of sales price
CINPRI;Internal Transfer Price;GBRGDT;Entry date
CINPRI;Internal Transfer Price;GBRGTM;Entry time
CINPRI;Internal Transfer Price;GBLMDT;Change date
CINPRI;Internal Transfer Price;GBCHNO;Change number
CINPRI;Internal Transfer Price;GBCHID;Changed by
CINPRI;Internal Transfer Price;GBPTOC;Part of total cost in percent
CINPRI;Internal Transfer Price;GBPLTB;Price list table
CMNCMP;Company master;JIGECY;Generated calendar years
CMNCMP;Company master;JICONO;Company
CMNCMP;Company master;JITX40;Description
CMNCMP;Company master;JIMNVR;Menu version
CMNCMP;Company master;JIDFMN;Start menu
CMNCMP;Company master;JIMNMN;Menu maintenance
CMNCMP;Company master;JISTMN;Statement number
CMNCMP;Company master;JICMTP;Company type
CMNCMP;Company master;JICCUC;Central currency
CMNCMP;Company master;JICCRT;Central rate type
CMNCMP;Company master;JIDBAS;Database
CMNCMP;Company master;JILL01;Library
CMNCMP;Company master;JILL02;Library
CMNCMP;Company master;JILL03;Library
CMNCMP;Company master;JILL04;Library
CMNCMP;Company master;JILL05;Library
CMNCMP;Company master;JILL06;Library
CMNCMP;Company master;JILL07;Library
CMNCMP;Company master;JILL08;Library
CMNCMP;Company master;JILL09;Library
CMNCMP;Company master;JILL10;Library
CMNCMP;Company master;JITXID;Text identity
CMNCMP;Company master;JIRGDT;Entry date
CMNCMP;Company master;JIRGTM;Entry time
CMNCMP;Company master;JILMDT;Change date
CMNCMP;Company master;JICHNO;Change number
CMNCMP;Company master;JICHID;Changed by
CMNCMP;Company master;JIDCFM;Decimal format
CMNCMP;Company master;JIMXV1;Industry
CMNCMP;Company master;JILMTS;Timestamp
CMNCMP;Company master;JIAUDI;Security audit
CMNDIV;Company/Division;CCITTR;Item related tax
CMNDIV;Company/Division;CCCONO;Company
CMNDIV;Company/Division;CCDIVI;Division
CMNDIV;Company/Division;CCCONM;Company name
CMNDIV;Company/Division;CCTX15;Name
CMNDIV;Company/Division;CCROW2;Information line 2 - panel/report
CMNDIV;Company/Division;CCROW3;Information line 3 - panel/report
CMNDIV;Company/Division;CCFACI;Facility
CMNDIV;Company/Division;CCWHLO;Warehouse
CMNDIV;Company/Division;CCDTFM;Date format
CMNDIV;Company/Division;CCACGR;Object access group
CMNDIV;Company/Division;CCLOCD;Local currency
CMNDIV;Company/Division;CCTATM;Tax method
CMNDIV;Company/Division;CCISTA;Trade statistics (TST)
CMNDIV;Company/Division;CCRAEM;Right justify employee number
CMNDIV;Company/Division;CCNPT1;Number of periods - period type 1
CMNDIV;Company/Division;CCNPT2;Number of periods - period type 2
CMNDIV;Company/Division;CCNPT3;Number of periods - period type 3
CMNDIV;Company/Division;CCNPT4;Number of periods - period type 4
CMNDIV;Company/Division;CCNPT5;Number of periods - period type 5
CMNDIV;Company/Division;CCDMCU;Currency conversion method
CMNDIV;Company/Division;CCPTMP;Period type MPM/MAI
CMNDIV;Company/Division;CCPTOI;Period type SLS
CMNDIV;Company/Division;CCPTFA;Period type FIN
CMNDIV;Company/Division;CCPTPA;Period type T&A
CMNDIV;Company/Division;CCPTEI;Period type XXX
CMNDIV;Company/Division;CCVDME;VAT declaration method
CMNDIV;Company/Division;CCVRNO;VAT registration number
CMNDIV;Company/Division;CCCOA1;Address line 1
CMNDIV;Company/Division;CCCOA2;Address line 2
CMNDIV;Company/Division;CCCOA3;Address line 3
CMNDIV;Company/Division;CCCOA4;Address line 4
CMNDIV;Company/Division;CCPHNO;Telephone number 1
CMNDIV;Company/Division;CCPHN2;Telephone number 2
CMNDIV;Company/Division;CCTLNO;Telex number
CMNDIV;Company/Division;CCTFNO;Facsimile transmission number
CMNDIV;Company/Division;CCOREF;Our reference
CMNDIV;Company/Division;CCCSCD;Country
CMNDIV;Company/Division;CCLL01;Library
CMNDIV;Company/Division;CCLL02;Library
CMNDIV;Company/Division;CCLL03;Library
CMNDIV;Company/Division;CCLL04;Library
CMNDIV;Company/Division;CCLL05;Library
CMNDIV;Company/Division;CCLL06;Library
CMNDIV;Company/Division;CCLL07;Library
CMNDIV;Company/Division;CCLL08;Library
CMNDIV;Company/Division;CCLL09;Library
CMNDIV;Company/Division;CCLL10;Library
CMNDIV;Company/Division;CCCDCD;Costing decimal places
CMNDIV;Company/Division;CCFIRM;Registration number - Extrastat (Extra)
CMNDIV;Company/Division;CCPSND;Sender location
CMNDIV;Company/Division;CCVRNL;Tax declaration number
CMNDIV;Company/Division;CCRROF;Responsible customs authority
CMNDIV;Company/Division;CCUNST;Separation number
CMNDIV;Company/Division;CCGEOC;Geographical code
CMNDIV;Company/Division;CCCONL;Company
CMNDIV;Company/Division;CCMXAP;Module installed
CMNDIV;Company/Division;CCMXAR;Module installed
CMNDIV;Company/Division;CCMXAT;Module installed
CMNDIV;Company/Division;CCMXBU;Module installed
CMNDIV;Company/Division;CCMXCA;Module installed
CMNDIV;Company/Division;CCMXCF;Module installed
CMNDIV;Company/Division;CCMXCP;Module installed
CMNDIV;Company/Division;CCMXCR;Module installed
CMNDIV;Company/Division;CCMXDC;Module installed
CMNDIV;Company/Division;CCMXDO;Module installed
CMNDIV;Company/Division;CCMXDP;Module installed
CMNDIV;Company/Division;CCMXDR;Module installed
CMNDIV;Company/Division;CCMXDT;Module installed
CMNDIV;Company/Division;CCMXDS;Module installed
CMNDIV;Company/Division;CCMXEC;Module installed
CMNDIV;Company/Division;CCMXED;Module installed
CMNDIV;Company/Division;CCMXEM;Module installed
CMNDIV;Company/Division;CCMXEP;Module installed
CMNDIV;Company/Division;CCMXET;Module installed
CMNDIV;Company/Division;CCMXEV;Module installed
CMNDIV;Company/Division;CCMXFA;Module installed
CMNDIV;Company/Division;CCMXFC;Module installed
CMNDIV;Company/Division;CCMXGL;Module installed
CMNDIV;Company/Division;CCMXGM;Module installed
CMNDIV;Company/Division;CCMXIC;Module installed
CMNDIV;Company/Division;CCMXIP;Module installed
CMNDIV;Company/Division;CCMXJO;Module installed
CMNDIV;Company/Division;CCMXJQ;Module installed
CMNDIV;Company/Division;CCMXLI;Module installed
CMNDIV;Company/Division;CCMXMA;Module installed
CMNDIV;Company/Division;CCMXMC;Module installed
CMNDIV;Company/Division;CCMXMD;Module installed
CMNDIV;Company/Division;CCMXMF;Module installed
CMNDIV;Company/Division;CCMXMI;Module installed
CMNDIV;Company/Division;CCMXMM;Module installed
CMNDIV;Company/Division;CCMXMN;Module installed
CMNDIV;Company/Division;CCMXMO;Module installed
CMNDIV;Company/Division;CCMXMP;Module installed
CMNDIV;Company/Division;CCMXMQ;Module installed
CMNDIV;Company/Division;CCMXMS;Module installed
CMNDIV;Company/Division;CCMXOC;Module installed
CMNDIV;Company/Division;CCMXOD;Module installed
CMNDIV;Company/Division;CCMXOI;Module installed
CMNDIV;Company/Division;CCMXOQ;Module installed
CMNDIV;Company/Division;CCMXOS;Module installed
CMNDIV;Company/Division;CCMXPA;Module installed
CMNDIV;Company/Division;CCMXPC;Module installed
CMNDIV;Company/Division;CCMXPD;Module installed
CMNDIV;Company/Division;CCMXPM;Module installed
CMNDIV;Company/Division;CCMXPO;Module installed
CMNDIV;Company/Division;CCMXPP;Module installed
CMNDIV;Company/Division;CCMXPQ;Module installed
CMNDIV;Company/Division;CCMXPR;Module installed
CMNDIV;Company/Division;CCMXPS;Module installed
CMNDIV;Company/Division;CCMXQP;Module installed
CMNDIV;Company/Division;CCMXRC;Module installed
CMNDIV;Company/Division;CCMXRG;Module installed
CMNDIV;Company/Division;CCMXRM;Module installed
CMNDIV;Company/Division;CCMXRP;Module installed
CMNDIV;Company/Division;CCMXRR;Module installed
CMNDIV;Company/Division;CCMXRS;Module installed
CMNDIV;Company/Division;CCMXSA;Module installed
CMNDIV;Company/Division;CCMXSB;Module installed
CMNDIV;Company/Division;CCMXSE;Module installed
CMNDIV;Company/Division;CCMXSO;Module installed
CMNDIV;Company/Division;CCMXSP;Module installed
CMNDIV;Company/Division;CCMXTA;Module installed
CMNDIV;Company/Division;CCMXTE;Module installed
CMNDIV;Company/Division;CCMXTM;Module installed
CMNDIV;Company/Division;CCMXTP;Module installed
CMNDIV;Company/Division;CCMXWO;Module installed
CMNDIV;Company/Division;CCMXWP;Module installed
CMNDIV;Company/Division;CCMXWT;Module installed
CMNDIV;Company/Division;CCMXST;Module installed
CMNDIV;Company/Division;CCMXLT;Module installed
CMNDIV;Company/Division;CCMXV1;Industry
CMNDIV;Company/Division;CCMXV2;Industry application 1
CMNDIV;Company/Division;CCLLID;Library list
CMNDIV;Company/Division;CCTIZO;Time zone
CMNDIV;Company/Division;CCECAR;State
CMNDIV;Company/Division;CCTOWN;City
CMNDIV;Company/Division;CCPONO;Postal code
CMNDIV;Company/Division;CCTXID;Text identity
CMNDIV;Company/Division;CCRGDT;Entry date
CMNDIV;Company/Division;CCRGTM;Entry time
CMNDIV;Company/Division;CCLMDT;Change date
CMNDIV;Company/Division;CCCHNO;Change number
CMNDIV;Company/Division;CCCHID;Changed by
CMNDIV;Company/Division;CCDCFM;Decimal format
CMNDIV;Company/Division;CCHCMA;HCM application
CMNDIV;Company/Division;CCSYRE;Yes/no
CMNDIV;Company/Division;CCCCD1;User-defined field 1
CMNDIV;Company/Division;CCCCD2;User-defined field 2
CMNDIV;Company/Division;CCCCD3;User-defined field 3
CMNDIV;Company/Division;CCCCD4;User-defined field 4
CMNDIV;Company/Division;CCCCD5;User-defined field 5
CMNDIV;Company/Division;CCCCD6;User-defined field 6
CMNDIV;Company/Division;CCCCD7;User-defined field 7
CMNDIV;Company/Division;CCCCD8;User-defined field 8
CMNDIV;Company/Division;CCCCD9;User-defined field 9
CMNDIV;Company/Division;CCCCD0;User-defined field 10
CMNDIV;Company/Division;CCMXAH;Module installed
CMNDIV;Company/Division;CCMXAM;Module installed
CMNDIV;Company/Division;CCLMTS;Timestamp
CMNDIV;Company/Division;CCFRCO;County ID
CMNDIV;Company/Division;CCMXQM;Module installed
CMNDIV;Company/Division;CCRMAN;Report Manager
CMNDIV;Company/Division;CCIAAT;Invoice amount as text
CMNDIV;Company/Division;CCCSVN;Country version
CMNDIV;Company/Division;CCMXGC;Grower contract management
CMNDIV;Company/Division;CCCORG;Organization number 1
CMNDIV;Company/Division;CCCOR2;Organization number 2
CMNDIV;Company/Division;CCEALO;EAN location code
CMNDIV;Company/Division;CCSPLE;Standard point location code
CMNDIV;Company/Division;CCECOE;212 Eco-contribution
CMNDIV;Company/Division;CCGEMS;Global electronic messages
CMNDIV;Company/Division;CCCWEB;Company website
CMNDIV;Company/Division;CCMGDT;Date of migration
CMNFNG;Functions;JFCONO;Company
CMNFNG;Functions;JFDIVI;Division
CMNFNG;Functions;JFFNID;Function
CMNFNG;Functions;JFSTAT;Status
CMNFNG;Functions;JFFVDT;Valid from
CMNFNG;Functions;JFLVDT;Valid to
CMNFNG;Functions;JFLOGL;Print log label
CMNFNG;Functions;JFAPP3;Component group
CMNFNG;Functions;JFFNLA;Function
CMNFNG;Functions;JFBBOF;BEBOF index
CMNFNG;Functions;JFTX40;Description
CMNFNG;Functions;JFTX15;Name
CMNFNG;Functions;JFSPIC;Opening panel
CMNFNG;Functions;JFPGNM;Program name
CMNFNG;Functions;JFFCMD;Command
CMNFNG;Functions;JFFNT3;Function category
CMNFNG;Functions;JFMID1;Message ID
CMNFNG;Functions;JFMSF1;Message file
CMNFNG;Functions;JFMID2;Message ID
CMNFNG;Functions;JFMSF2;Message file
CMNFNG;Functions;JFCHPW;Password check
CMNFNG;Functions;JFLLID;Library list
CMNFNG;Functions;JFSFID;Shared file
CMNFNG;Functions;JFAUTY;Authority level
CMNFNG;Functions;JFSEID;Function group
CMNFNG;Functions;JFFNMV;Function-ID M3 standard
CMNFNG;Functions;JFRCLR;Reclaim resources
CMNFNG;Functions;JFJOB;Job
CMNFNG;Functions;JFPRTF;Printer file
CMNFNG;Functions;JFTXID;Text identity
CMNFNG;Functions;JFRGDT;Entry date
CMNFNG;Functions;JFRGTM;Entry time
CMNFNG;Functions;JFLMDT;Change date
CMNFNG;Functions;JFCHNO;Change number
CMNFNG;Functions;JFCHID;Changed by
CMNFNG;Functions;JFLMTS;Timestamp
CMNFNG;Functions;JFMASH;Mashup
CMNFNG;Functions;JFMAON;Application
CMNFNG;Functions;JFMDEV;Default values
CMNFNG;Functions;JFURLA;URL address
CMNFNG;Functions;JFPAME;Launch values
CMNFNP;Function definition - program;JSCONO;Company
CMNFNP;Function definition - program;JSDIVI;Division
CMNFNP;Function definition - program;JSFNID;Function
CMNFNP;Function definition - program;JSPGM;Program name
CMNFNP;Function definition - program;JSTX40;Description
CMNFNP;Function definition - program;JSMSID;Message ID
CMNFNP;Function definition - program;JSTXID;Text identity
CMNFNP;Function definition - program;JSRGDT;Entry date
CMNFNP;Function definition - program;JSRGTM;Entry time
CMNFNP;Function definition - program;JSLMDT;Change date
CMNFNP;Function definition - program;JSCHNO;Change number
CMNFNP;Function definition - program;JSCHID;Changed by
CMNLBL;Library list definition                   (JL);JLCONO;Company
CMNLBL;Library list definition                   (JL);JLDIVI;Division
CMNLBL;Library list definition                   (JL);JLLLID;Library list
CMNLBL;Library list definition                   (JL);JLSTAT;Status
CMNLBL;Library list definition                   (JL);JLTX40;Description
CMNLBL;Library list definition                   (JL);JLLL01;Library
CMNLBL;Library list definition                   (JL);JLLL02;Library
CMNLBL;Library list definition                   (JL);JLLL03;Library
CMNLBL;Library list definition                   (JL);JLLL04;Library
CMNLBL;Library list definition                   (JL);JLLL05;Library
CMNLBL;Library list definition                   (JL);JLLL06;Library
CMNLBL;Library list definition                   (JL);JLLL07;Library
CMNLBL;Library list definition                   (JL);JLLL08;Library
CMNLBL;Library list definition                   (JL);JLLL09;Library
CMNLBL;Library list definition                   (JL);JLLL10;Library
CMNLBL;Library list definition                   (JL);JLLL11;Library
CMNLBL;Library list definition                   (JL);JLLL12;Library
CMNLBL;Library list definition                   (JL);JLLL13;Library
CMNLBL;Library list definition                   (JL);JLLL14;Library
CMNLBL;Library list definition                   (JL);JLLL15;Library
CMNLBL;Library list definition                   (JL);JLLL16;Library
CMNLBL;Library list definition                   (JL);JLLL17;Library
CMNLBL;Library list definition                   (JL);JLLL18;Library
CMNLBL;Library list definition                   (JL);JLLL19;Library
CMNLBL;Library list definition                   (JL);JLLL20;Library
CMNLBL;Library list definition                   (JL);JLLL21;Library
CMNLBL;Library list definition                   (JL);JLLL22;Library
CMNLBL;Library list definition                   (JL);JLLL23;Library
CMNLBL;Library list definition                   (JL);JLLL24;Library
CMNLBL;Library list definition                   (JL);JLLL25;Library
CMNLBL;Library list definition                   (JL);JLLL26;Library
CMNLBL;Library list definition                   (JL);JLLL27;Library
CMNLBL;Library list definition                   (JL);JLLL28;Library
CMNLBL;Library list definition                   (JL);JLLL29;Library
CMNLBL;Library list definition                   (JL);JLLL30;Library
CMNLBL;Library list definition                   (JL);JLLL31;Library
CMNLBL;Library list definition                   (JL);JLLL32;Library
CMNLBL;Library list definition                   (JL);JLLL33;Library
CMNLBL;Library list definition                   (JL);JLLL34;Library
CMNLBL;Library list definition                   (JL);JLLL35;Library
CMNLBL;Library list definition                   (JL);JLLL36;Library
CMNLBL;Library list definition                   (JL);JLLL37;Library
CMNLBL;Library list definition                   (JL);JLLL38;Library
CMNLBL;Library list definition                   (JL);JLLL39;Library
CMNLBL;Library list definition                   (JL);JLLL40;Library
CMNLBL;Library list definition                   (JL);JLLL41;Library
CMNLBL;Library list definition                   (JL);JLLL42;Library
CMNLBL;Library list definition                   (JL);JLLL43;Library
CMNLBL;Library list definition                   (JL);JLLL44;Library
CMNLBL;Library list definition                   (JL);JLLL45;Library
CMNLBL;Library list definition                   (JL);JLLL46;Library
CMNLBL;Library list definition                   (JL);JLLL47;Library
CMNLBL;Library list definition                   (JL);JLLL48;Library
CMNLBL;Library list definition                   (JL);JLLL49;Library
CMNLBL;Library list definition                   (JL);JLLL50;Library
CMNLBL;Library list definition                   (JL);JLLL51;Library
CMNLBL;Library list definition                   (JL);JLLL52;Library
CMNLBL;Library list definition                   (JL);JLLL53;Library
CMNLBL;Library list definition                   (JL);JLLL54;Library
CMNLBL;Library list definition                   (JL);JLLL55;Library
CMNLBL;Library list definition                   (JL);JLLL56;Library
CMNLBL;Library list definition                   (JL);JLLL57;Library
CMNLBL;Library list definition                   (JL);JLLL58;Library
CMNLBL;Library list definition                   (JL);JLLL59;Library
CMNLBL;Library list definition                   (JL);JLLL60;Library
CMNLBL;Library list definition                   (JL);JLLL61;Library
CMNLBL;Library list definition                   (JL);JLLL62;Library
CMNLBL;Library list definition                   (JL);JLLL63;Library
CMNLBL;Library list definition                   (JL);JLLL64;Library
CMNLBL;Library list definition                   (JL);JLLL65;Library
CMNLBL;Library list definition                   (JL);JLLL66;Library
CMNLBL;Library list definition                   (JL);JLLL67;Library
CMNLBL;Library list definition                   (JL);JLLL68;Library
CMNLBL;Library list definition                   (JL);JLLL69;Library
CMNLBL;Library list definition                   (JL);JLLL70;Library
CMNLBL;Library list definition                   (JL);JLLL71;Library
CMNLBL;Library list definition                   (JL);JLLL72;Library
CMNLBL;Library list definition                   (JL);JLLL73;Library
CMNLBL;Library list definition                   (JL);JLLL74;Library
CMNLBL;Library list definition                   (JL);JLLL75;Library
CMNLBL;Library list definition                   (JL);JLLL76;Library
CMNLBL;Library list definition                   (JL);JLLL77;Library
CMNLBL;Library list definition                   (JL);JLLL78;Library
CMNLBL;Library list definition                   (JL);JLLL79;Library
CMNLBL;Library list definition                   (JL);JLLL80;Library
CMNLBL;Library list definition                   (JL);JLRGDT;Entry date
CMNLBL;Library list definition                   (JL);JLRGTM;Entry time
CMNLBL;Library list definition                   (JL);JLLMDT;Change date
CMNLBL;Library list definition                   (JL);JLCHNO;Change number
CMNLBL;Library list definition                   (JL);JLCHID;Changed by
CMNPSU;Permission setup;KSFNID;Function
CMNPSU;Permission setup;KSROLL;Role
CMNPSU;Permission setup;KSCONO;Company
CMNPSU;Permission setup;KSDIVI;Division
CMNPSU;Permission setup;KSSTAT;Status
CMNPSU;Permission setup;KSALO;Option 1 permitted
CMNPSU;Permission setup;KSOKO;Option 10 permitted
CMNPSU;Permission setup;KSKKO;Function key F1 permitted
CMNPSU;Permission setup;KSTXID;Text identity
CMNPSU;Permission setup;KSRGDT;Entry date
CMNPSU;Permission setup;KSRGTM;Entry time
CMNPSU;Permission setup;KSLMDT;Change date
CMNPSU;Permission setup;KSLMTS;Timestamp
CMNPSU;Permission setup;KSCHNO;Change number
CMNPSU;Permission setup;KSCHID;Changed by
CMNPUS;Permissions per user;KPUSID;User
CMNPUS;Permissions per user;KPCONO;Company
CMNPUS;Permissions per user;KPDIVI;Division
CMNPUS;Permissions per user;KPPGNM;Program name
CMNPUS;Permissions per user;KPALO;Option 1 permitted
CMNPUS;Permissions per user;KPOKO;Option 10 permitted
CMNPUS;Permissions per user;KPKKO;Function key F1 permitted
CMNPUS;Permissions per user;KPRGDT;Entry date
CMNPUS;Permissions per user;KPRGTM;Entry time
CMNPUS;Permissions per user;KPLMDT;Change date
CMNPUS;Permissions per user;KPLMTS;Timestamp
CMNPUS;Permissions per user;KPCHNO;Change number
CMNPUS;Permissions per user;KPCHID;Changed by
CMNROL;Role definitions;KRROLL;Role
CMNROL;Role definitions;KRTX40;Description
CMNROL;Role definitions;KRTX15;Name
CMNROL;Role definitions;KRTXID;Text identity
CMNROL;Role definitions;KRRGDT;Entry date
CMNROL;Role definitions;KRRGTM;Entry time
CMNROL;Role definitions;KRLMDT;Change date
CMNROL;Role definitions;KRLMTS;Timestamp
CMNROL;Role definitions;KRCHNO;Change number
CMNROL;Role definitions;KRCHID;Changed by
CMNROL;Role definitions;KRROLT;Role type
CMNRUS;Roles per user;KUUSID;User
CMNRUS;Roles per user;KUROLL;Role
CMNRUS;Roles per user;KUFVDT;Valid from
CMNRUS;Roles per user;KUVTDT;Valid to
CMNRUS;Roles per user;KUTXID;Text identity
CMNRUS;Roles per user;KURGDT;Entry date
CMNRUS;Roles per user;KURGTM;Entry time
CMNRUS;Roles per user;KULMDT;Change date
CMNRUS;Roles per user;KULMTS;Timestamp
CMNRUS;Roles per user;KUCHNO;Change number
CMNRUS;Roles per user;KUCHID;Changed by
CMNUSR;User definition file;JUPROE;Profile
CMNUSR;User definition file;JUCONO;Company
CMNUSR;User definition file;JUDIVI;Division
CMNUSR;User definition file;JUUSID;User
CMNUSR;User definition file;JUSTAT;Status
CMNUSR;User definition file;JUFVDT;Valid from
CMNUSR;User definition file;JULVDT;Valid to
CMNUSR;User definition file;JULOGL;Numeric field 1 position
CMNUSR;User definition file;JUTX40;Description
CMNUSR;User definition file;JULANC;System language
CMNUSR;User definition file;JUATPG;Attention program
CMNUSR;User definition file;JUUSTP;User type
CMNUSR;User definition file;JUMNVR;Menu version
CMNUSR;User definition file;JUDFMN;Start menu
CMNUSR;User definition file;JUMNMN;Menu maintenance
CMNUSR;User definition file;JUSTMN;Statement number
CMNUSR;User definition file;JUAUCM;Authority of function
CMNUSR;User definition file;JURCLR;Reclaim resources
CMNUSR;User definition file;JUGUIU;GUI user
CMNUSR;User definition file;JULSID;User
CMNUSR;User definition file;JULSAD;Address
CMNUSR;User definition file;JUDSIM;Display incoming mail
CMNUSR;User definition file;JUOFIM;Check interval for incoming mail
CMNUSR;User definition file;JUMNLC;Menu lock
CMNUSR;User definition file;JUOPTD;Display options
CMNUSR;User definition file;JULLID;Library list
CMNUSR;User definition file;JUSFID;Shared file
CMNUSR;User definition file;JUUOID;Option group
CMNUSR;User definition file;JUAUPF;User group - function access
CMNUSR;User definition file;JUPDM1;Menu
CMNUSR;User definition file;JUPDM2;Menu
CMNUSR;User definition file;JUPDM3;Menu
CMNUSR;User definition file;JUPDM4;Menu
CMNUSR;User definition file;JULL01;Library
CMNUSR;User definition file;JULL02;Library
CMNUSR;User definition file;JULL03;Library
CMNUSR;User definition file;JULL04;Library
CMNUSR;User definition file;JULL05;Library
CMNUSR;User definition file;JULL06;Library
CMNUSR;User definition file;JULL07;Library
CMNUSR;User definition file;JULL08;Library
CMNUSR;User definition file;JULL09;Library
CMNUSR;User definition file;JULL10;Library
CMNUSR;User definition file;JUJBCF;Confirm job start
CMNUSR;User definition file;JUENAC;Command at F3
CMNUSR;User definition file;JUENCF;Confirm end of job (F3/F12)
CMNUSR;User definition file;JUTF14;Text function keys
CMNUSR;User definition file;JUCF14;Command
CMNUSR;User definition file;JUTF15;Text function keys
CMNUSR;User definition file;JUCF15;Command
CMNUSR;User definition file;JUTF16;Text function keys
CMNUSR;User definition file;JUCF16;Command
CMNUSR;User definition file;JUTF17;Text function keys
CMNUSR;User definition file;JUCF17;Command
CMNUSR;User definition file;JUTF18;Text function keys
CMNUSR;User definition file;JUCF18;Command
CMNUSR;User definition file;JUTF19;Text function keys
CMNUSR;User definition file;JUCF19;Command
CMNUSR;User definition file;JUTF21;Text function keys
CMNUSR;User definition file;JUCF21;Command
CMNUSR;User definition file;JUTF22;Text function keys
CMNUSR;User definition file;JUCF22;Command
CMNUSR;User definition file;JUDFCO;Company
CMNUSR;User definition file;JUDFDI;Division
CMNUSR;User definition file;JUCUNO;Customer
CMNUSR;User definition file;JUDEPT;Department
CMNUSR;User definition file;JUFACI;Facility
CMNUSR;User definition file;JUWHLO;Warehouse
CMNUSR;User definition file;JUDTFM;Date format
CMNUSR;User definition file;JUREPF;Display item name in own language
CMNUSR;User definition file;JUPHNO;Telephone number 1
CMNUSR;User definition file;JUTFNO;Facsimile transmission number
CMNUSR;User definition file;JUADR1;Address line 1
CMNUSR;User definition file;JUADR2;Address line 2
CMNUSR;User definition file;JUADR3;Address line 3
CMNUSR;User definition file;JUADR4;Address line 4
CMNUSR;User definition file;JUADK1;Address key 1
CMNUSR;User definition file;JUCFI1;User-defined field 1 - item
CMNUSR;User definition file;JUCFI2;User-defined field 2 - item
CMNUSR;User definition file;JUCFI3;User-defined field 3 - item
CMNUSR;User definition file;JUCFI4;User-defined field 4 - item
CMNUSR;User definition file;JUCFI5;User-defined field 5 - item
CMNUSR;User definition file;JUTIZO;Time zone
CMNUSR;User definition file;JUTLVA;Tab limit value
CMNUSR;User definition file;JUPATC;Path component
CMNUSR;User definition file;JUTXID;Text identity
CMNUSR;User definition file;JURGDT;Entry date
CMNUSR;User definition file;JURGTM;Entry time
CMNUSR;User definition file;JULMDT;Change date
CMNUSR;User definition file;JUCHNO;Change number
CMNUSR;User definition file;JUCHID;Changed by
CMNUSR;User definition file;JUDCFM;Decimal format
CMNUSR;User definition file;JULMTS;Timestamp
CMNUSR;User definition file;JUEQAL;Equipment alias search sequence
CMNUSR;User definition file;JUUSTA;User status
CMNUSR;User definition file;JUULTP;User license type
CMNUSR;User definition file;JUFRF6;User-defined field 1
CMNUSR;User definition file;JUFRF7;User-defined field 2
CMNUSR;User definition file;JUFRF8;User-defined field 3
CMNUSR;User definition file;JUEUID;User ID
CMNUSR;User definition file;JUCSYS;Connected system
CMNUSR;User definition file;JUPWHS;Password hash
CMNUSR;User definition file;JUEMAL;Email address
CMNUSR;User definition file;JUDEVD;User location
CMUFTR;Int dely between divisions;CWCONO;Company
CMUFTR;Int dely between divisions;CWRORC;Reference order category
CMUFTR;Int dely between divisions;CWRIDN;Order number
CMUFTR;Int dely between divisions;CWRIDL;Order line
CMUFTR;Int dely between divisions;CWRIDI;Delivery number
CMUFTR;Int dely between divisions;CWMRGD;Entry date in the MITTRA table
CMUFTR;Int dely between divisions;CWMRGT;Entry time in the MITTRA table
CMUFTR;Int dely between divisions;CWTMSX;Time suffix
CMUFTR;Int dely between divisions;CWWHLO;Warehouse
CMUFTR;Int dely between divisions;CWRIDX;Line suffix
CMUFTR;Int dely between divisions;CWTWHL;To warehouse
CMUFTR;Int dely between divisions;CWITNO;Item number
CMUFTR;Int dely between divisions;CWPLGR;Work center
CMUFTR;Int dely between divisions;CWCUNO;Customer
CMUFTR;Int dely between divisions;CWPYNO;Payer
CMUFTR;Int dely between divisions;CWDLQT;Delivered quantity - basic U/M
CMUFTR;Int dely between divisions;CWDLDT;Planned delivery date
CMUFTR;Int dely between divisions;CWFDIV;Division
CMUFTR;Int dely between divisions;CWTDIV;Division
CMUFTR;Int dely between divisions;CWFFAC;Facility
CMUFTR;Int dely between divisions;CWTFAC;Facility
CMUFTR;Int dely between divisions;CWDLCU;Receiving country
CMUFTR;Int dely between divisions;CWINPR;Internal transfer price
CMUFTR;Int dely between divisions;CWCUCT;Internal transfer currency
CMUFTR;Int dely between divisions;CWOINP;Original internal transfer price
CMUFTR;Int dely between divisions;CWIINV;Internal invoice number
CMUFTR;Int dely between divisions;CWINYR;Invoice year
CMUFTR;Int dely between divisions;CWIISC;Internal status code
CMUFTR;Int dely between divisions;CWRGDT;Entry date
CMUFTR;Int dely between divisions;CWRGTM;Entry time
CMUFTR;Int dely between divisions;CWLMDT;Change date
CMUFTR;Int dely between divisions;CWCHNO;Change number
CMUFTR;Int dely between divisions;CWCHID;Changed by
CMUFTR;Int dely between divisions;CWLMTS;Timestamp
CMUFTR;Int dely between divisions;CWTRN1;Transaction number Claim trans in CRACTR
CMUFTR;Int dely between divisions;CWTRN2;Transaction number Debt trans in CRACTR
CMUFTR;Int dely between divisions;CWCSQT;Cost quantity
CMUFTR;Int dely between divisions;CWCAWE;Catch weight
CMUFTR;Int dely between divisions;CWOINV;Original internal invoice number
CMUFTR;Int dely between divisions;CWOINT;Corrected internal transfer price
CMUFTR;Int dely between divisions;CWBFCI;Base for corrective invoice
CMUFTR;Int dely between divisions;CWOIDN;Original order number
CMUFTR;Int dely between divisions;CWOIDL;Original line number
CMUFTR;Int dely between divisions;CWOIDX;Original line suffix
CMUFTR;Int dely between divisions;CWOIDO;Original delivery number
CMUFTR;Int dely between divisions;CWVTCD;VAT code
CMUFTR;Int dely between divisions;CWVTP1;VAT rate 1
CMUFTR;Int dely between divisions;CWVTP2;VAT rate 2
CMUFTR;Int dely between divisions;CWCVT1;Calculated VAT amount 1
CMUFTR;Int dely between divisions;CWCVT2;Calculated VAT amount 2
CMUFTR;Int dely between divisions;CWTXID;Text identity
CMUFTR;Int dely between divisions;CWREIT;Reversed  inventory transaction
CMUFTR;Int dely between divisions;CWUMAS;Used labor setup time
CMUFTR;Int dely between divisions;CWUMAT;Used labor run time
CMUFTR;Int dely between divisions;CWALI1;Transaction number
CMUFTR;Int dely between divisions;CWARA1;Exch rate - int trf prc to fr div curr
CMUFTR;Int dely between divisions;CWARA2;Exch rate - int trf prc to to div curr
CMUFTR;Int dely between divisions;CWOIND;Original invoice date
CMUFTR;Int dely between divisions;CWOINY;Invoice year
CMUFTR;Int dely between divisions;CWIVSQ;Sequence number
CPOCOA;Order Costing Material components;NOCONO;Company
CPOCOA;Order Costing Material components;NODIVI;Division
CPOCOA;Order Costing Material components;NOOCVT;Order costing value type
CPOCOA;Order Costing Material components;NOFIVA;Fixed/variable value
CPOCOA;Order Costing Material components;NOFACI;Facility
CPOCOA;Order Costing Material components;NOOCAT;Order category
CPOCOA;Order Costing Material components;NORIDN;Order number
CPOCOA;Order Costing Material components;NORIDL;Order line
CPOCOA;Order Costing Material components;NOMSEQ;Sequence number
CPOCOA;Order Costing Material components;NOOCNR;Sequence number - order costing
CPOCOA;Order Costing Material components;NOMTNO;Component number
CPOCOA;Order Costing Material components;NOWHLO;Warehouse
CPOCOA;Order Costing Material components;NORIDX;Line suffix
CPOCOA;Order Costing Material components;NOCMRE;Costing component reference
CPOCOA;Order Costing Material components;NOMTPR;Material value
CPOCOA;Order Costing Material components;NOOVH1;Value overhead 1
CPOCOA;Order Costing Material components;NOOVH2;Value overhead 2
CPOCOA;Order Costing Material components;NORGDT;Entry date
CPOCOA;Order Costing Material components;NORGTM;Entry time
CPOCOA;Order Costing Material components;NOLMDT;Change date
CPOCOA;Order Costing Material components;NOCHNO;Change number
CPOCOA;Order Costing Material components;NOCHID;Changed by
CPOCOA;Order Costing Material components;NOLMTS;Timestamp
CPOCOM;Order Costing Operation components;NHCONO;Company
CPOCOM;Order Costing Operation components;NHDIVI;Division
CPOCOM;Order Costing Operation components;NHOCVT;Order costing value type
CPOCOM;Order Costing Operation components;NHFIVA;Fixed/variable value
CPOCOM;Order Costing Operation components;NHFACI;Facility
CPOCOM;Order Costing Operation components;NHOCAT;Order category
CPOCOM;Order Costing Operation components;NHRIDN;Order number
CPOCOM;Order Costing Operation components;NHRIDL;Order line
CPOCOM;Order Costing Operation components;NHOPNO;Operation number
CPOCOM;Order Costing Operation components;NHOCNR;Sequence number - order costing
CPOCOM;Order Costing Operation components;NHPLGR;Work center
CPOCOM;Order Costing Operation components;NHRIDX;Line suffix
CPOCOM;Order Costing Operation components;NHOB01;Value costing component B01
CPOCOM;Order Costing Operation components;NHOB02;Value costing component B02
CPOCOM;Order Costing Operation components;NHOB03;Value costing component B03
CPOCOM;Order Costing Operation components;NHOB04;Value costing component B04
CPOCOM;Order Costing Operation components;NHOB05;Value costing component B05
CPOCOM;Order Costing Operation components;NHOB06;Value costing component B06
CPOCOM;Order Costing Operation components;NHOB07;Value costing component B07
CPOCOM;Order Costing Operation components;NHOB08;Value costing component B08
CPOCOM;Order Costing Operation components;NHOB09;Value costing component B09
CPOCOM;Order Costing Operation components;NHOB10;Value costing component B10
CPOCOM;Order Costing Operation components;NHOB11;Value costing component B11
CPOCOM;Order Costing Operation components;NHOB12;Value costing component B12
CPOCOM;Order Costing Operation components;NHOB13;Value costing component B13
CPOCOM;Order Costing Operation components;NHOB14;Value costing component B14
CPOCOM;Order Costing Operation components;NHOC01;Value costing component C01
CPOCOM;Order Costing Operation components;NHOC02;Value costing component C02
CPOCOM;Order Costing Operation components;NHOD01;Value costing component D01
CPOCOM;Order Costing Operation components;NHOD02;Value costing component D02
CPOCOM;Order Costing Operation components;NHSCQT;Scrapped quantity
CPOCOM;Order Costing Operation components;NHSCVA;Scrap value
CPOCOM;Order Costing Operation components;NHRGDT;Entry date
CPOCOM;Order Costing Operation components;NHRGTM;Entry time
CPOCOM;Order Costing Operation components;NHLMDT;Change date
CPOCOM;Order Costing Operation components;NHCHNO;Change number
CPOCOM;Order Costing Operation components;NHCHID;Changed by
CPOCOM;Order Costing Operation components;NHLMTS;Timestamp
CPOCOS;Order Costing Semi finished material;NPCONO;Company
CPOCOS;Order Costing Semi finished material;NPDIVI;Division
CPOCOS;Order Costing Semi finished material;NPOCVT;Order costing value type
CPOCOS;Order Costing Semi finished material;NPFIVA;Fixed/variable value
CPOCOS;Order Costing Semi finished material;NPFACI;Facility
CPOCOS;Order Costing Semi finished material;NPOCAT;Order category
CPOCOS;Order Costing Semi finished material;NPRIDN;Order number
CPOCOS;Order Costing Semi finished material;NPRIDL;Order line
CPOCOS;Order Costing Semi finished material;NPMSEQ;Sequence number
CPOCOS;Order Costing Semi finished material;NPOCNR;Sequence number - order costing
CPOCOS;Order Costing Semi finished material;NPMTNO;Component number
CPOCOS;Order Costing Semi finished material;NPWHLO;Warehouse
CPOCOS;Order Costing Semi finished material;NPRIDX;Line suffix
CPOCOS;Order Costing Semi finished material;NPCMRE;Costing component reference
CPOCOS;Order Costing Semi finished material;NPMTPR;Material value
CPOCOS;Order Costing Semi finished material;NPOVH1;Value overhead 1
CPOCOS;Order Costing Semi finished material;NPOVH2;Value overhead 2
CPOCOS;Order Costing Semi finished material;NPOA01;Value costing component A01
CPOCOS;Order Costing Semi finished material;NPOA02;Value costing component A02
CPOCOS;Order Costing Semi finished material;NPOA03;Value costing component A03
CPOCOS;Order Costing Semi finished material;NPOA04;Value costing component A04
CPOCOS;Order Costing Semi finished material;NPOA05;Value costing component A05
CPOCOS;Order Costing Semi finished material;NPOB01;Value costing component B01
CPOCOS;Order Costing Semi finished material;NPOB02;Value costing component B02
CPOCOS;Order Costing Semi finished material;NPOB03;Value costing component B03
CPOCOS;Order Costing Semi finished material;NPOB04;Value costing component B04
CPOCOS;Order Costing Semi finished material;NPOB05;Value costing component B05
CPOCOS;Order Costing Semi finished material;NPOB06;Value costing component B06
CPOCOS;Order Costing Semi finished material;NPOB07;Value costing component B07
CPOCOS;Order Costing Semi finished material;NPOB08;Value costing component B08
CPOCOS;Order Costing Semi finished material;NPOB09;Value costing component B09
CPOCOS;Order Costing Semi finished material;NPOB10;Value costing component B10
CPOCOS;Order Costing Semi finished material;NPOB11;Value costing component B11
CPOCOS;Order Costing Semi finished material;NPOB12;Value costing component B12
CPOCOS;Order Costing Semi finished material;NPOB13;Value costing component B13
CPOCOS;Order Costing Semi finished material;NPOB14;Value costing component B14
CPOCOS;Order Costing Semi finished material;NPOC01;Value costing component C01
CPOCOS;Order Costing Semi finished material;NPOC02;Value costing component C02
CPOCOS;Order Costing Semi finished material;NPOD01;Value costing component D01
CPOCOS;Order Costing Semi finished material;NPOD02;Value costing component D02
CPOCOS;Order Costing Semi finished material;NPOE01;Value costing component E01
CPOCOS;Order Costing Semi finished material;NPOE02;Value costing component E02
CPOCOS;Order Costing Semi finished material;NPOE03;Value costing component E03
CPOCOS;Order Costing Semi finished material;NPOE04;Value costing component E04
CPOCOS;Order Costing Semi finished material;NPOE05;Value costing component E05
CPOCOS;Order Costing Semi finished material;NPOE06;Value costing component E06
CPOCOS;Order Costing Semi finished material;NPOE07;Value costing component E07
CPOCOS;Order Costing Semi finished material;NPOE08;Value costing component E08
CPOCOS;Order Costing Semi finished material;NPOE09;Value costing component E09
CPOCOS;Order Costing Semi finished material;NPOE10;Value costing component E10
CPOCOS;Order Costing Semi finished material;NPRGDT;Entry date
CPOCOS;Order Costing Semi finished material;NPRGTM;Entry time
CPOCOS;Order Costing Semi finished material;NPLMDT;Change date
CPOCOS;Order Costing Semi finished material;NPCHNO;Change number
CPOCOS;Order Costing Semi finished material;NPCHID;Changed by
CPOCOS;Order Costing Semi finished material;NPLMTS;Timestamp
CPOHED;Order Costing Header;NGOCST;Status - order costing
CPOHED;Order Costing Header;NGCONO;Company
CPOHED;Order Costing Header;NGDIVI;Division
CPOHED;Order Costing Header;NGFACI;Facility
CPOHED;Order Costing Header;NGOCAT;Order category
CPOHED;Order Costing Header;NGRIDN;Order number
CPOHED;Order Costing Header;NGRIDL;Order line
CPOHED;Order Costing Header;NGPCAS;Status - order costing
CPOHED;Order Costing Header;NGRIDX;Line suffix
CPOHED;Order Costing Header;NGPRNO;Product
CPOHED;Order Costing Header;NGWHLO;Warehouse
CPOHED;Order Costing Header;NGTTYP;Stock transaction type
CPOHED;Order Costing Header;NGFIDT;Finish date
CPOHED;Order Costing Header;NGRLOC;Released for order costing
CPOHED;Order Costing Header;NGHOSN;Next order costing number
CPOHED;Order Costing Header;NGMAQA;Manufactured quantity
CPOHED;Order Costing Header;NGMAUN;Manufacturing U/M
CPOHED;Order Costing Header;NGOCU1;User-defined field 1 - order costing
CPOHED;Order Costing Header;NGOCU2;User-defined field 2 - order costing
CPOHED;Order Costing Header;NGOCU3;User defined field 3 - order costing
CPOHED;Order Costing Header;NGOCU4;User-defined field 4 - order costing
CPOHED;Order Costing Header;NGOCU5;User-defined field 5 - order costing
CPOHED;Order Costing Header;NGOCU6;User-defined field 6 - order costing
CPOHED;Order Costing Header;NGEOQT;Order quantity
CPOHED;Order Costing Header;NGORQA;Ordered quantity - alternate U/M
CPOHED;Order Costing Header;NGTOAV;Planned values - closing
CPOHED;Order Costing Header;NGTOPV;Historic actual value
CPOHED;Order Costing Header;NGTOSV;Planned values - release
CPOHED;Order Costing Header;NGTOAF;Actual cost
CPOHED;Order Costing Header;NGTOPF;Historic actual cost price
CPOHED;Order Costing Header;NGTOSF;Standard cost
CPOHED;Order Costing Header;NGAIQT;Actual issued quantity
CPOHED;Order Costing Header;NGSIQT;Standard issued quantity
CPOHED;Order Costing Header;NGAPIT;Actual machine run time used
CPOHED;Order Costing Header;NGSPIT;Standard machine run time used
CPOHED;Order Costing Header;NGBMAT;Actual used run time - labor
CPOHED;Order Costing Header;NGSMAT;Standard labor run time used
CPOHED;Order Costing Header;NGSCQT;Scrapped quantity
CPOHED;Order Costing Header;NGSCVA;Scrap value
CPOHED;Order Costing Header;NGRGDT;Entry date
CPOHED;Order Costing Header;NGRGTM;Entry time
CPOHED;Order Costing Header;NGLMDT;Change date
CPOHED;Order Costing Header;NGCHNO;Change number
CPOHED;Order Costing Header;NGCHID;Changed by
CPOHED;Order Costing Header;NGLMTS;Timestamp
CPOHED;Order Costing Header;NGQTPR;Quantity - planned at release
CPOHED;Order Costing Header;NGQTPC;Quantity - planned at close
CPOHED;Order Costing Header;NGQTOC;Order costing quantity
CPOHED;Order Costing Header;NGORDD;Order costing date
CPOMAT;Order Costing Material lines;NBCONO;Company
CPOMAT;Order Costing Material lines;NBDIVI;Division
CPOMAT;Order Costing Material lines;NBFACI;Facility
CPOMAT;Order Costing Material lines;NBOCAT;Order category
CPOMAT;Order Costing Material lines;NBRIDN;Order number
CPOMAT;Order Costing Material lines;NBRIDL;Order line
CPOMAT;Order Costing Material lines;NBMSEQ;Sequence number
CPOMAT;Order Costing Material lines;NBOCNR;Sequence number - order costing
CPOMAT;Order Costing Material lines;NBMTNO;Component number
CPOMAT;Order Costing Material lines;NBWHLO;Warehouse
CPOMAT;Order Costing Material lines;NBRIDX;Line suffix
CPOMAT;Order Costing Material lines;NBOPNO;Operation number
CPOMAT;Order Costing Material lines;NBPLGR;Work center
CPOMAT;Order Costing Material lines;NBDEPT;Department
CPOMAT;Order Costing Material lines;NBCOCE;Cost center
CPOMAT;Order Costing Material lines;NBTTYP;Stock transaction type
CPOMAT;Order Costing Material lines;NBSTSQ;Structure sequence number
CPOMAT;Order Costing Material lines;NBANBR;Accounting number
CPOMAT;Order Costing Material lines;NBOCDT;Transaction date
CPOMAT;Order Costing Material lines;NBINPR;Internal transfer price
CPOMAT;Order Costing Material lines;NBTOSV;Planned values - release
CPOMAT;Order Costing Material lines;NBTOAV;Planned values - closing
CPOMAT;Order Costing Material lines;NBTOPV;Historic actual value
CPOMAT;Order Costing Material lines;NBTOSF;Standard cost
CPOMAT;Order Costing Material lines;NBTOAF;Actual cost
CPOMAT;Order Costing Material lines;NBTOPF;Historic actual cost price
CPOMAT;Order Costing Material lines;NBAIQT;Actual issued quantity
CPOMAT;Order Costing Material lines;NBSIQT;Standard issued quantity
CPOMAT;Order Costing Material lines;NBSCVA;Scrap value
CPOMAT;Order Costing Material lines;NBRGDT;Entry date
CPOMAT;Order Costing Material lines;NBRGTM;Entry time
CPOMAT;Order Costing Material lines;NBLMDT;Change date
CPOMAT;Order Costing Material lines;NBCHNO;Change number
CPOMAT;Order Costing Material lines;NBCHID;Changed by
CPOMAT;Order Costing Material lines;NBLMTS;Timestamp
CPOOPE;Order Costing Operation lines;NACONO;Company
CPOOPE;Order Costing Operation lines;NADIVI;Division
CPOOPE;Order Costing Operation lines;NAFACI;Facility
CPOOPE;Order Costing Operation lines;NAOCAT;Order category
CPOOPE;Order Costing Operation lines;NARIDN;Order number
CPOOPE;Order Costing Operation lines;NARIDL;Order line
CPOOPE;Order Costing Operation lines;NAOPNO;Operation number
CPOOPE;Order Costing Operation lines;NAOCNR;Sequence number - order costing
CPOOPE;Order Costing Operation lines;NAPLGR;Work center
CPOOPE;Order Costing Operation lines;NARIDX;Line suffix
CPOOPE;Order Costing Operation lines;NADEPT;Department
CPOOPE;Order Costing Operation lines;NACOCE;Cost center
CPOOPE;Order Costing Operation lines;NATOFA;Facility for work
CPOOPE;Order Costing Operation lines;NAANBR;Accounting number
CPOOPE;Order Costing Operation lines;NASTSQ;Structure sequence number
CPOOPE;Order Costing Operation lines;NAOCDT;Transaction date
CPOOPE;Order Costing Operation lines;NAAPIT;Actual machine run time used
CPOOPE;Order Costing Operation lines;NASPIT;Standard machine run time used
CPOOPE;Order Costing Operation lines;NABMAT;Actual used run time - labor
CPOOPE;Order Costing Operation lines;NASMAT;Standard labor run time used
CPOOPE;Order Costing Operation lines;NATOAV;Planned values - closing
CPOOPE;Order Costing Operation lines;NATOPV;Historic actual value
CPOOPE;Order Costing Operation lines;NATOSV;Planned values - release
CPOOPE;Order Costing Operation lines;NATOAF;Actual cost
CPOOPE;Order Costing Operation lines;NATOPF;Historic actual cost price
CPOOPE;Order Costing Operation lines;NATOSF;Standard cost
CPOOPE;Order Costing Operation lines;NASCQT;Scrapped quantity
CPOOPE;Order Costing Operation lines;NASCVA;Scrap value
CPOOPE;Order Costing Operation lines;NARGDT;Entry date
CPOOPE;Order Costing Operation lines;NARGTM;Entry time
CPOOPE;Order Costing Operation lines;NALMDT;Change date
CPOOPE;Order Costing Operation lines;NACHNO;Change number
CPOOPE;Order Costing Operation lines;NACHID;Changed by
CPOOPE;Order Costing Operation lines;NALMTS;Timestamp
CPOPRO;Order Costing Product cost;NCCONO;Company
CPOPRO;Order Costing Product cost;NCDIVI;Division
CPOPRO;Order Costing Product cost;NCOCVT;Order costing value type
CPOPRO;Order Costing Product cost;NCFIVA;Fixed/variable value
CPOPRO;Order Costing Product cost;NCFACI;Facility
CPOPRO;Order Costing Product cost;NCOCAT;Order category
CPOPRO;Order Costing Product cost;NCRIDN;Order number
CPOPRO;Order Costing Product cost;NCRIDL;Order line
CPOPRO;Order Costing Product cost;NCOCNR;Sequence number - order costing
CPOPRO;Order Costing Product cost;NCRIDX;Line suffix
CPOPRO;Order Costing Product cost;NCOCDT;Transaction date
CPOPRO;Order Costing Product cost;NCTOSV;Planned values - release
CPOPRO;Order Costing Product cost;NCTOAV;Planned values - closing
CPOPRO;Order Costing Product cost;NCTOPV;Historic actual value
CPOPRO;Order Costing Product cost;NCTOSF;Standard cost
CPOPRO;Order Costing Product cost;NCTOAF;Actual cost
CPOPRO;Order Costing Product cost;NCTOPF;Historic actual cost price
CPOPRO;Order Costing Product cost;NCOE01;Value costing component E01
CPOPRO;Order Costing Product cost;NCOE02;Value costing component E02
CPOPRO;Order Costing Product cost;NCOE03;Value costing component E03
CPOPRO;Order Costing Product cost;NCOE04;Value costing component E04
CPOPRO;Order Costing Product cost;NCOE05;Value costing component E05
CPOPRO;Order Costing Product cost;NCOE06;Value costing component E06
CPOPRO;Order Costing Product cost;NCOE07;Value costing component E07
CPOPRO;Order Costing Product cost;NCOE08;Value costing component E08
CPOPRO;Order Costing Product cost;NCOE09;Value costing component E09
CPOPRO;Order Costing Product cost;NCOE10;Value costing component E10
CPOPRO;Order Costing Product cost;NCRGDT;Entry date
CPOPRO;Order Costing Product cost;NCRGTM;Entry time
CPOPRO;Order Costing Product cost;NCLMDT;Change date
CPOPRO;Order Costing Product cost;NCCHNO;Change number
CPOPRO;Order Costing Product cost;NCCHID;Changed by
CPOPRO;Order Costing Product cost;NCLMTS;Timestamp
CQLICP;Payment terms detail;C2CONO;Company
CQLICP;Payment terms detail;C2DIVI;Division
CQLICP;Payment terms detail;C2TEPY;Payment terms
CQLICP;Payment terms detail;C2LNCD;Language
CQLICP;Payment terms detail;C2QLCP;Record number
CQLICP;Payment terms detail;C2PYME;Payment method - accounts payable
CQLICP;Payment terms detail;C2PYCD;Payment method - accounts receivable
CQLICP;Payment terms detail;C2QPCP;Percentage
CQLICP;Payment terms detail;C2SDAY;Start day
CQLICP;Payment terms detail;C2TEFM;Month free of payment
CQLICP;Payment terms detail;C2TEPD;Number of days
CQLICP;Payment terms detail;C2PDAY;Payment day
CQLICP;Payment terms detail;C2TECD;Cash discount term
CQLICP;Payment terms detail;C2RGDT;Entry date
CQLICP;Payment terms detail;C2RGTM;Entry time
CQLICP;Payment terms detail;C2LMDT;Change date
CQLICP;Payment terms detail;C2CHNO;Change number
CQLICP;Payment terms detail;C2CHID;Changed by
CQLICP;Payment terms detail;C2ADNR;Additional character or number series
CQLICP;Payment terms detail;C2DTIR;Start day interval
CRACTR;Various accounting transactions;EYCONO;Company
CRACTR;Various accounting transactions;EYDIVI;Division
CRACTR;Various accounting transactions;EYANBR;Accounting number
CRACTR;Various accounting transactions;EYEVEN;Accounting event
CRACTR;Various accounting transactions;EYTRNB;Transaction number
CRACTR;Various accounting transactions;EYMSEQ;Sequence number
CRACTR;Various accounting transactions;EYACDT;Accounting date
CRACTR;Various accounting transactions;EYRORC;Reference order category
CRACTR;Various accounting transactions;EYCUNO;Customer
CRACTR;Various accounting transactions;EYCINO;Invoice number
CRACTR;Various accounting transactions;EYSUNO;Supplier
CRACTR;Various accounting transactions;EYSINO;Supplier invoice number
CRACTR;Various accounting transactions;EYFACI;Facility
CRACTR;Various accounting transactions;EYWHLO;Warehouse
CRACTR;Various accounting transactions;EYTRNR;Order number
CRACTR;Various accounting transactions;EYDLIX;Delivery number
CRACTR;Various accounting transactions;EYPONR;Order line number
CRACTR;Various accounting transactions;EYPOSX;Line suffix
CRACTR;Various accounting transactions;EYITNO;Item number
CRACTR;Various accounting transactions;EYPROJ;Project number
CRACTR;Various accounting transactions;EYELNO;Project element
CRACTR;Various accounting transactions;EYREPN;Receiving number
CRACTR;Various accounting transactions;EYRELP;Receipt type
CRACTR;Various accounting transactions;EYCEID;Costing element
CRACTR;Various accounting transactions;EYTRPR;Inventory accounting price
CRACTR;Various accounting transactions;EYMFCO;Acquisition cost
CRACTR;Various accounting transactions;EYACQT;Quantity
CRACTR;Various accounting transactions;EYYEA4;Year
CRACTR;Various accounting transactions;EYRGDT;Entry date
CRACTR;Various accounting transactions;EYRGTM;Entry time
CRACTR;Various accounting transactions;EYLMDT;Change date
CRACTR;Various accounting transactions;EYCHNO;Change number
CRACTR;Various accounting transactions;EYCHID;Changed by
CRACTR;Various accounting transactions;EYCFI1;User-defined field 1 - item
CRACTR;Various accounting transactions;EYCFC1;User-defined field 1 - customer
CRACTR;Various accounting transactions;EYLMTS;Timestamp
CRACTR;Various accounting transactions;EYHACS;Status of historic actual cost
CRACTR;Various accounting transactions;EYBFCI;Base for corrective invoice
CRACTR;Various accounting transactions;EYMWNO;Work order number
CRACTR;Various accounting transactions;EYCADT;Accounting date
CRACTR;Various accounting transactions;EYREIT;Reversed  inventory transaction
CRACTR;Various accounting transactions;EYPANB;Periodic accounting number
CRACTR;Various accounting transactions;EYCONN;Shipment
CRACTR;Various accounting transactions;EYATNR;Attribute number
CRACTR;Various accounting transactions;EYATNB;Attribute number lot
CRACTR;Various accounting transactions;EYMIGI;Internal migration status
CSEAMA;Season master info;HSCONO;Company
CSEAMA;Season master info;HSSEA1;Season
CSEAMA;Season master info;HSTX15;Name
CSEAMA;Season master info;HSTX40;Description
CSEAMA;Season master info;HSDTID;Data identity
CSEAMA;Season master info;HSSTDT;Start date
CSEAMA;Season master info;HSLVDT;Valid to
CSEAMA;Season master info;HSSTAT;Status
CSEAMA;Season master info;HSFOED;First order date
CSEAMA;Season master info;HSLOED;Last order entry date
CSEAMA;Season master info;HSRGDT;Entry date
CSEAMA;Season master info;HSRGTM;Entry time
CSEAMA;Season master info;HSLMDT;Change date
CSEAMA;Season master info;HSCHNO;Change number
CSEAMA;Season master info;HSCHID;Changed by
CSEAMA;Season master info;HSLMTS;Timestamp
CSFDEF;Output definition                         (SF);SPARCH;Field selection
CSFDEF;Output definition                         (SF);SPBINX;Field selection
CSFDEF;Output definition                         (SF);SPCCMA;Field selection
CSFDEF;Output definition                         (SF);SPCOPY;Field selection
CSFDEF;Output definition                         (SF);SPCSID;Field selection
CSFDEF;Output definition                         (SF);SPDEV;Field selection
CSFDEF;Output definition                         (SF);SPDRWR;Field selection
CSFDEF;Output definition                         (SF);SPEMBT;Field selection
CSFDEF;Output definition                         (SF);SPEMGR;Field selection
CSFDEF;Output definition                         (SF);SPFAXT;Field selection
CSFDEF;Output definition                         (SF);SPFIET;Field selection
CSFDEF;Output definition                         (SF);SPFILM;Field selection
CSFDEF;Output definition                         (SF);SPFLRN;Field selection
CSFDEF;Output definition                         (SF);SPFMTP;Field selection
CSFDEF;Output definition                         (SF);SPFNAM;Field selection
CSFDEF;Output definition                         (SF);SPFOVR;Field selection
CSFDEF;Output definition                         (SF);SPFRMA;Field selection
CSFDEF;Output definition                         (SF);SPFSUX;Field selection
CSFDEF;Output definition                         (SF);SPGNNM;Field selection
CSFDEF;Output definition                         (SF);SPGRCO;Field selection
CSFDEF;Output definition                         (SF);SPHOLD;Field selection
CSFDEF;Output definition                         (SF);SPLAYC;Alpha field 1 positions
CSFDEF;Output definition                         (SF);SPMARI;Alpha field 1 positions
CSFDEF;Output definition                         (SF);SPNOTE;Field selection
CSFDEF;Output definition                         (SF);SPOUTP;Field selection
CSFDEF;Output definition                         (SF);SPPAFD;Field selection
CSFDEF;Output definition                         (SF);SPPORT;Field selection
CSFDEF;Output definition                         (SF);SPPRTP;Field selection
CSFDEF;Output definition                         (SF);SPSAVE;Field selection
CSFDEF;Output definition                         (SF);SPSUBJ;Field selection
CSFDEF;Output definition                         (SF);SPSVRA;Field selection
CSFDEF;Output definition                         (SF);SPTFNO;Field selection
CSFDEF;Output definition                         (SF);SPTFT1;Field selection
CSFDEF;Output definition                         (SF);SPTOMA;Field selection
CSFDEF;Output definition                         (SF);SPTRAY;Field selection
CSFDEF;Output definition                         (SF);SPUDTA;Field selection
CSFDEF;Output definition                         (SF);SPUPDJ;Field selection
CSFDEF;Output definition                         (SF);SFCONO;Company
CSFDEF;Output definition                         (SF);SFDIVI;Division
CSFDEF;Output definition                         (SF);SFPRTF;Printer file
CSFDEF;Output definition                         (SF);SFDEVD;Workstation
CSFDEF;Output definition                         (SF);SFUSID;User
CSFDEF;Output definition                         (SF);SFMEDC;Media
CSFDEF;Output definition                         (SF);SFSEQN;Sequence number
CSFDEF;Output definition                         (SF);SFFMTP;Form
CSFDEF;Output definition                         (SF);SFCOPY;Number of copies
CSFDEF;Output definition                         (SF);SFOUTP;Priority
CSFDEF;Output definition                         (SF);SFUDTA;User data
CSFDEF;Output definition                         (SF);SFTFNO;Facsimile transmission number
CSFDEF;Output definition                         (SF);SFTFT1;Fax text 1
CSFDEF;Output definition                         (SF);SFFLRN;Folder name
CSFDEF;Output definition                         (SF);SFGNNM;Generic name method
CSFDEF;Output definition                         (SF);SFPAFD;File path
CSFDEF;Output definition                         (SF);SFFSUX;File suffix
CSFDEF;Output definition                         (SF);SFDEV;Printer
CSFDEF;Output definition                         (SF);SFFOVR;Overlay front page name
CSFDEF;Output definition                         (SF);SFDRWR;Tray
CSFDEF;Output definition                         (SF);SFBINX;Bin
CSFDEF;Output definition                         (SF);SFTRAY;Tray
CSFDEF;Output definition                         (SF);SFTOMA;To email address
CSFDEF;Output definition                         (SF);SFFRMA;From email address
CSFDEF;Output definition                         (SF);SFCCMA;Copy to email address
CSFDEF;Output definition                         (SF);SFFAXT;Send time - fax
CSFDEF;Output definition                         (SF);SFSUBJ;Subject
CSFDEF;Output definition                         (SF);SFNOTE;Note
CSFDEF;Output definition                         (SF);SFMARI;Market identification
CSFDEF;Output definition                         (SF);SFLAYC;Layout
CSFDEF;Output definition                         (SF);SFRGDT;Entry date
CSFDEF;Output definition                         (SF);SFRGTM;Entry time
CSFDEF;Output definition                         (SF);SFLMDT;Change date
CSFDEF;Output definition                         (SF);SFCHNO;Change number
CSFDEF;Output definition                         (SF);SFCHID;Changed by
CSFDEF;Output definition                         (SF);SFARCH;Archive
CSFDEF;Output definition                         (SF);SFFIET;File type
CSFDEF;Output definition                         (SF);SFUPDJ;Update values
CSFDEF;Output definition                         (SF);SFEMBT;Email template
CSFDEF;Output definition                         (SF);SFPRTP;Interface
CSFDEF;Output definition                         (SF);SFEMGR;Email group
CSFDEF;Output definition                         (SF);SFFILM;File name method
CSFDEF;Output definition                         (SF);SFFNAM;File name
CSFDEF;Output definition                         (SF);SFGRCO;Group content
CSLGHN;Language Handling;JLCONO;Company
CSLGHN;Language Handling;JLDTID;Data identity
CSLGHN;Language Handling;JLLNCD;Language
CSLGHN;Language Handling;JLTX60;Text
CSLGHN;Language Handling;JLTX15;Name
CSLGHN;Language Handling;JLFILE;Table
CSLGHN;Language Handling;JLFLDI;Field
CSLGHN;Language Handling;JLRGDT;Entry date
CSLGHN;Language Handling;JLRGTM;Entry time
CSLGHN;Language Handling;JLLMDT;Change date
CSLGHN;Language Handling;JLCHNO;Change number
CSLGHN;Language Handling;JLCHID;Changed by
CSUDIV;Supplier local exceptions;IIAUTV;Auto verified
CSUDIV;Supplier local exceptions;IISCIP;Supplier rebate claim invoice permitted
CSUDIV;Supplier local exceptions;IISCIR;Claim inv setting ID - sup reb on purch
CSUDIV;Supplier local exceptions;IISRAM;Supplier rebate agreement model
CSUDIV;Supplier local exceptions;IICONO;Company
CSUDIV;Supplier local exceptions;IIDIVI;Division
CSUDIV;Supplier local exceptions;IISUNO;Supplier
CSUDIV;Supplier local exceptions;IICUCD;Currency
CSUDIV;Supplier local exceptions;IICRTP;Exchange rate type
CSUDIV;Supplier local exceptions;IIVTCD;VAT code
CSUDIV;Supplier local exceptions;IITXAP;Tax applicable
CSUDIV;Supplier local exceptions;IIDCSM;Discount calculation method
CSUDIV;Supplier local exceptions;IITEPY;Payment terms
CSUDIV;Supplier local exceptions;IIPYME;Payment method - accounts payable
CSUDIV;Supplier local exceptions;IITECD;Cash discount term
CSUDIV;Supplier local exceptions;IIPACD;Payment priority
CSUDIV;Supplier local exceptions;IIREGR;Invoice accounting template
CSUDIV;Supplier local exceptions;IIPTDY;Tolerance - payment
CSUDIV;Supplier local exceptions;IISERS;Service code
CSUDIV;Supplier local exceptions;IITDCD;Trade code
CSUDIV;Supplier local exceptions;IISBPE;Self-billing permitted
CSUDIV;Supplier local exceptions;IIRGDT;Entry date
CSUDIV;Supplier local exceptions;IIRGTM;Entry time
CSUDIV;Supplier local exceptions;IILMDT;Change date
CSUDIV;Supplier local exceptions;IICHNO;Change number
CSUDIV;Supplier local exceptions;IICHID;Changed by
CSUDIV;Supplier local exceptions;IICINP;Claim invoice permitted
CSUDIV;Supplier local exceptions;IISCIS;Rebate claim invoice setting ID
CSUDIV;Supplier local exceptions;IILMTS;Timestamp
CSYCAL;System calendar;CDCONO;Company
CSYCAL;System calendar;CDDIVI;Division
CSYCAL;System calendar;CDYMD8;Date YYYYMMDD
CSYCAL;System calendar;CDUDF8;Date user defined 8
CSYCAL;System calendar;CDYMD6;Date YYMMDD
CSYCAL;System calendar;CDUDF6;Date user-defined 6
CSYCAL;System calendar;CDDMY6;Date DDMMYY
CSYCAL;System calendar;CDMDY6;Date MMDDYY
CSYCAL;System calendar;CDYWD5;Date YYWWD
CSYCAL;System calendar;CDCDNO;Day number YYYYNNN
CSYCAL;System calendar;CDWDNO;Working day serial number
CSYCAL;System calendar;CDBDNO;Banking day serial number
CSYCAL;System calendar;CDYDNO;Day number YYYYNNN
CSYCAL;System calendar;CDWDPC;General capacity
CSYCAL;System calendar;CDBDAY;Banking day
CSYCAL;System calendar;CDBDAD;Adjustment days payment day
CSYCAL;System calendar;CDDUAD;Adjustment days due date
CSYCAL;System calendar;CDCYP1;Period type 1
CSYCAL;System calendar;CDCYP2;Period type 2
CSYCAL;System calendar;CDCYP3;Period type 3
CSYCAL;System calendar;CDCYP4;Period type 4
CSYCAL;System calendar;CDCYP5;Period type 5
CSYCAL;System calendar;CDGDAY;Goods receiving day
CSYCAL;System calendar;CDGDNO;Goods receiving day serial number
CSYCAL;System calendar;CDDDAY;Goods receiving day
CSYCAL;System calendar;CDDDNO;Goods receiving day serial number
CSYCAL;System calendar;CDPODY;Production day
CSYCAL;System calendar;CDLMTS;Timestamp
CSYCAL;System calendar;CDADAE;Active date
CSYDME;Standard document/Media;DMCONO;Company
CSYDME;Standard document/Media;DMDONR;Document number
CSYDME;Standard document/Media;DMDOVA;Document variant
CSYDME;Standard document/Media;DMMEDC;Media
CSYDME;Standard document/Media;DMDESC;Name
CSYDME;Standard document/Media;DMRGDT;Entry date
CSYDME;Standard document/Media;DMRGTM;Entry time
CSYDME;Standard document/Media;DMLMDT;Change date
CSYDME;Standard document/Media;DMCHNO;Change number
CSYDME;Standard document/Media;DMCHID;Changed by
CSYDPM;Document/Partner/Media;CGCONO;Company
CSYDPM;Document/Partner/Media;CGDIVI;Division
CSYDPM;Document/Partner/Media;CGDONR;Document number
CSYDPM;Document/Partner/Media;CGDOVA;Document variant
CSYDPM;Document/Partner/Media;CGMEPF;Media profile
CSYDPM;Document/Partner/Media;CGPRF1;Document/media controlling object 1
CSYDPM;Document/Partner/Media;CGPRF2;Document/media control object 2
CSYDPM;Document/Partner/Media;CGMEDC;Media
CSYDPM;Document/Partner/Media;CGSEQN;Sequence number
CSYDPM;Document/Partner/Media;CGSIID;Service identity
CSYDPM;Document/Partner/Media;CGMVIF;Interface - media
CSYDPM;Document/Partner/Media;CGMETY;Media category
CSYDPM;Document/Partner/Media;CGFMTP;Form
CSYDPM;Document/Partner/Media;CGCOPY;Number of copies
CSYDPM;Document/Partner/Media;CGOUTP;Priority
CSYDPM;Document/Partner/Media;CGUDTA;User data
CSYDPM;Document/Partner/Media;CGTFNO;Facsimile transmission number
CSYDPM;Document/Partner/Media;CGTFT1;Fax text 1
CSYDPM;Document/Partner/Media;CGFLRN;Folder name
CSYDPM;Document/Partner/Media;CGPAFD;File path
CSYDPM;Document/Partner/Media;CGFSUX;File suffix
CSYDPM;Document/Partner/Media;CGGNNM;Generic name method
CSYDPM;Document/Partner/Media;CGDEV;Printer
CSYDPM;Document/Partner/Media;CGFOVR;Overlay front page name
CSYDPM;Document/Partner/Media;CGDRWR;Tray
CSYDPM;Document/Partner/Media;CGBINX;Bin
CSYDPM;Document/Partner/Media;CGTOMA;To email address
CSYDPM;Document/Partner/Media;CGFRMA;From email address
CSYDPM;Document/Partner/Media;CGCCMA;Copy to email address
CSYDPM;Document/Partner/Media;CGFAXT;Send time - fax
CSYDPM;Document/Partner/Media;CGSUBJ;Subject
CSYDPM;Document/Partner/Media;CGNOTE;Note
CSYDPM;Document/Partner/Media;CGCPPL;Copy
CSYDPM;Document/Partner/Media;CGLSID;User
CSYDPM;Document/Partner/Media;CGLSAD;Address
CSYDPM;Document/Partner/Media;CGTEME;Test flag
CSYDPM;Document/Partner/Media;CGE065;Message type
CSYDPM;Document/Partner/Media;CGUSGR;Group profile
CSYDPM;Document/Partner/Media;CGSRD1;Sender reference data 1
CSYDPM;Document/Partner/Media;CGSRD2;Sender reference data 2
CSYDPM;Document/Partner/Media;CGSRD3;Sender reference data 3
CSYDPM;Document/Partner/Media;CGSRI1;Sender reference identity 1
CSYDPM;Document/Partner/Media;CGSRI2;Sender reference identity 2
CSYDPM;Document/Partner/Media;CGSRI3;Sender reference identity 3
CSYDPM;Document/Partner/Media;CGRRD1;Receiver reference data 1
CSYDPM;Document/Partner/Media;CGRRD2;Receiver reference data 2
CSYDPM;Document/Partner/Media;CGRRD3;Receiver reference data 3
CSYDPM;Document/Partner/Media;CGRRI1;Receiver reference identity 1
CSYDPM;Document/Partner/Media;CGRRI2;Receiver reference identity 2
CSYDPM;Document/Partner/Media;CGRRI3;Receiver reference identity 3
CSYDPM;Document/Partner/Media;CGPRTF;Printer file
CSYDPM;Document/Partner/Media;CGTRAY;Tray
CSYDPM;Document/Partner/Media;CGLAYC;Layout
CSYDPM;Document/Partner/Media;CGMARI;Market identification
CSYDPM;Document/Partner/Media;CGRGDT;Entry date
CSYDPM;Document/Partner/Media;CGRGTM;Entry time
CSYDPM;Document/Partner/Media;CGLMDT;Change date
CSYDPM;Document/Partner/Media;CGCHNO;Change number
CSYDPM;Document/Partner/Media;CGCHID;Changed by
CSYDPM;Document/Partner/Media;CGARCH;Archive
CSYDPM;Document/Partner/Media;CGCNID;Connector ID
CSYDPM;Document/Partner/Media;CGEVPR;Event priority
CSYDPM;Document/Partner/Media;CGBONM;Business object name
CSYDPM;Document/Partner/Media;CGBOVB;Event verb
CSYDPM;Document/Partner/Media;CGFIET;File type
CSYDPM;Document/Partner/Media;CGEMBT;Email template
CSYDPM;Document/Partner/Media;CGPRTP;Interface
CSYDPM;Document/Partner/Media;CGEMGR;Email group
CSYDPM;Document/Partner/Media;CGFILM;File name method
CSYDPM;Document/Partner/Media;CGFNAM;File name
CSYDPM;Document/Partner/Media;CGGRCO;Group content
CSYECT;EC / Intrastat transaction;CWFRSC;Finance reason code
CSYECT;EC / Intrastat transaction;CWSUPP;Suppress reporting
CSYECT;EC / Intrastat transaction;CWCONO;Company
CSYECT;EC / Intrastat transaction;CWDIVI;Division
CSYECT;EC / Intrastat transaction;CWECTP;Information type
CSYECT;EC / Intrastat transaction;CWREFE;Reference
CSYECT;EC / Intrastat transaction;CWCUSP;Customer/supplier
CSYECT;EC / Intrastat transaction;CWCSNO;Customs statistical number
CSYECT;EC / Intrastat transaction;CWVRNO;VAT registration number
CSYECT;EC / Intrastat transaction;CWTEDL;Delivery terms
CSYECT;EC / Intrastat transaction;CWVRCD;Business type - trade statistics (TST)
CSYECT;EC / Intrastat transaction;CWCSCD;Country
CSYECT;EC / Intrastat transaction;CWSUPL;Supplementary U/M
CSYECT;EC / Intrastat transaction;CWMODL;Delivery method
CSYECT;EC / Intrastat transaction;CWLNCD;Language
CSYECT;EC / Intrastat transaction;CWECAM;Customs value
CSYECT;EC / Intrastat transaction;CWECNW;Net weight
CSYECT;EC / Intrastat transaction;CWORCO;Country of origin
CSYECT;EC / Intrastat transaction;CWEUOR;Country of origin - trade stat (TST)
CSYECT;EC / Intrastat transaction;CWCSPY;Country - payer
CSYECT;EC / Intrastat transaction;CWECQT;Quantity - supplementary U/M
CSYECT;EC / Intrastat transaction;CWSINO;Supplier invoice number
CSYECT;EC / Intrastat transaction;CWSTAT;Status
CSYECT;EC / Intrastat transaction;CWIVDT;Invoice date
CSYECT;EC / Intrastat transaction;CWECF1;User-defined TST field 1
CSYECT;EC / Intrastat transaction;CWECF2;User-defined TST field 2
CSYECT;EC / Intrastat transaction;CWECF3;User-defined TST field 3
CSYECT;EC / Intrastat transaction;CWECF4;User-defined TST field  4
CSYECT;EC / Intrastat transaction;CWECF5;User-defined TST field 5
CSYECT;EC / Intrastat transaction;CWECLC;Labor code - trade statistics (TST)
CSYECT;EC / Intrastat transaction;CWECTT;EU triangular trade
CSYECT;EC / Intrastat transaction;CWECAR;State
CSYECT;EC / Intrastat transaction;CWECCC;Consumption code - trade stat (TST)
CSYECT;EC / Intrastat transaction;CWECDT;Delivery terms - INTRASTAT
CSYECT;EC / Intrastat transaction;CWVRDL;Transport method - trade stat (TST)
CSYECT;EC / Intrastat transaction;CWIISO;Country code ISO
CSYECT;EC / Intrastat transaction;CWVRIN;VAT registration number internal
CSYECT;EC / Intrastat transaction;CWORIG;Origin
CSYECT;EC / Intrastat transaction;CWRROF;Responsible customs authority
CSYECT;EC / Intrastat transaction;CWVRNL;Tax declaration number
CSYECT;EC / Intrastat transaction;CWUNST;Separation number
CSYECT;EC / Intrastat transaction;CWCUAM;Foreign currency amount
CSYECT;EC / Intrastat transaction;CWLOAM;Local currency amount
CSYECT;EC / Intrastat transaction;CWHAFE;Harbor or airport
CSYECT;EC / Intrastat transaction;CWCPRI;Customs procedure - import
CSYECT;EC / Intrastat transaction;CWCPRE;Customs procedure - export
CSYECT;EC / Intrastat transaction;CWPSND;Sender location
CSYECT;EC / Intrastat transaction;CWPRCV;Receiver location
CSYECT;EC / Intrastat transaction;CWLAND;Trade country
CSYECT;EC / Intrastat transaction;CWCOTT;Container used
CSYECT;EC / Intrastat transaction;CWLBED;Delivery terms - EXTRASTAT
CSYECT;EC / Intrastat transaction;CWZOEA;Customs office
CSYECT;EC / Intrastat transaction;CWSTZU;Vehicle country
CSYECT;EC / Intrastat transaction;CWFIRM;Registration number - Extrastat (Extra)
CSYECT;EC / Intrastat transaction;CWARTM;Report type
CSYECT;EC / Intrastat transaction;CWBVRN;Corrected VAT registration number
CSYECT;EC / Intrastat transaction;CWDLDT;Planned delivery date
CSYECT;EC / Intrastat transaction;CWADAB;Adjusted amount
CSYECT;EC / Intrastat transaction;CWPREF;Customs preference
CSYECT;EC / Intrastat transaction;CWYEA4;Year
CSYECT;EC / Intrastat transaction;CWVONO;Voucher number
CSYECT;EC / Intrastat transaction;CWVSER;Voucher number series
CSYECT;EC / Intrastat transaction;CWACDT;Accounting date
CSYECT;EC / Intrastat transaction;CWCODT;Confirmed delivery date
CSYECT;EC / Intrastat transaction;CWIVPR;Invoiced price - PO price unit/Currency
CSYECT;EC / Intrastat transaction;CWTRPR;Inventory accounting price
CSYECT;EC / Intrastat transaction;CWSTTS;Status
CSYECT;EC / Intrastat transaction;CWRPER;Reported period
CSYECT;EC / Intrastat transaction;CWRRLN;Report reference line
CSYECT;EC / Intrastat transaction;CWTTYP;Stock transaction type
CSYECT;EC / Intrastat transaction;CWLOCU;Local currency code
CSYECT;EC / Intrastat transaction;CWECCU;Customs currency code
CSYECT;EC / Intrastat transaction;CWFOCU;Foreign currency code
CSYECT;EC / Intrastat transaction;CWFSVL;Fiscal value
CSYECT;EC / Intrastat transaction;CWFSCU;Fiscal currency code
CSYECT;EC / Intrastat transaction;CWSSVL;Statistic value
CSYECT;EC / Intrastat transaction;CWSSCU;Statistic currency code
CSYECT;EC / Intrastat transaction;CWFSRC;Source file - internal account entries
CSYECT;EC / Intrastat transaction;CWRIDN;Order number
CSYECT;EC / Intrastat transaction;CWRIDL;Order line
CSYECT;EC / Intrastat transaction;CWRIDI;Delivery number
CSYECT;EC / Intrastat transaction;CWWHLO;Warehouse
CSYECT;EC / Intrastat transaction;CWRGDT;Entry date
CSYECT;EC / Intrastat transaction;CWRGTM;Entry time
CSYECT;EC / Intrastat transaction;CWLMDT;Change date
CSYECT;EC / Intrastat transaction;CWCHNO;Change number
CSYECT;EC / Intrastat transaction;CWCHID;Changed by
CSYECT;EC / Intrastat transaction;CWRIDX;Line suffix
CSYECT;EC / Intrastat transaction;CWLMTS;Timestamp
CSYECT;EC / Intrastat transaction;CWVTCD;VAT code
CSYECT;EC / Intrastat transaction;CWBSCD;Base country
CSYECT;EC / Intrastat transaction;CWWHCD;Warehouse country
CSYECT;EC / Intrastat transaction;CWCSAR;Area or state of customer or supplier
CSYECT;EC / Intrastat transaction;CWVICO;Via country
CSYEFR;Fiscal representative;CKCONO;Company
CSYEFR;Fiscal representative;CKDIVI;Division
CSYEFR;Fiscal representative;CKFTCO;From/to country
CSYEFR;Fiscal representative;CKECAR;State
CSYEFR;Fiscal representative;CKBSCD;Base country
CSYEFR;Fiscal representative;CKWHLO;Warehouse
CSYEFR;Fiscal representative;CKVICO;Country
CSYEFR;Fiscal representative;CKFRRU;Fiscal representative rule
CSYEFR;Fiscal representative;CKCUNO;Customer
CSYEFR;Fiscal representative;CKSUNO;Supplier
CSYEFR;Fiscal representative;CKLMTS;Timestamp
CSYEFR;Fiscal representative;CKTXID;Text identity
CSYEFR;Fiscal representative;CKRGDT;Entry date
CSYEFR;Fiscal representative;CKRGTM;Entry time
CSYEFR;Fiscal representative;CKLMDT;Change date
CSYEFR;Fiscal representative;CKCHNO;Change number
CSYEFR;Fiscal representative;CKCHID;Changed by
CSYEFR;Fiscal representative;CKVRNL;Tax declaration number
CSYGTX;General text;CGCONO;Company
CSYGTX;General text;CGDIVI;Division
CSYGTX;General text;CGTXGE;Text identity
CSYGTX;General text;CGSRWR;Search key
CSYGTX;General text;CGTX40;Description
CSYGTX;General text;CGTXID;Text identity
CSYGTX;General text;CGRGDT;Entry date
CSYGTX;General text;CGRGTM;Entry time
CSYGTX;General text;CGLMDT;Change date
CSYGTX;General text;CGCHNO;Change number
CSYGTX;General text;CGCHID;Changed by
CSYGTX;General text;CGLMTS;Timestamp
CSYIBC;Information browser category;CKCNLO;Configurable list origin
CSYIBC;Information browser category;CKPION;Primary index only
CSYIBC;Information browser category;CKUVRS;Update version
CSYIBC;Information browser category;CKCONO;Company
CSYIBC;Information browser category;CKIBCA;Information browser category
CSYIBC;Information browser category;CKTX40;Description
CSYIBC;Information browser category;CKTX15;Name
CSYIBC;Information browser category;CKFILE;Table
CSYIBC;Information browser category;CKMGRP;Field group
CSYIBC;Information browser category;CKSTAT;Status
CSYIBC;Information browser category;CKARLI;Archiving library
CSYIBC;Information browser category;CKAGRG;Aggregation drill-down
CSYIBC;Information browser category;CKOPPG;Option program
CSYIBC;Information browser category;CKLMTS;Timestamp
CSYIBC;Information browser category;CKMXRE;Maximum number of records
CSYIBC;Information browser category;CKTXID;Text identity
CSYIBC;Information browser category;CKRGDT;Entry date
CSYIBC;Information browser category;CKRGTM;Entry time
CSYIBC;Information browser category;CKLMDT;Change date
CSYIBC;Information browser category;CKCHNO;Change number
CSYIBC;Information browser category;CKCHID;Changed by
CSYIBC;Information browser category;CKUBPG;Used by program
CSYIBC;Information browser category;CKSNDU;Single division used
CSYIBC;Information browser category;CKSYGE;System-generated record
CSYIBC;Information browser category;CKAGGU;Enable aggregation drill-down
CSYIBC;Information browser category;CKACGR;Object access group
CSYIBC;Information browser category;CKPRLI;Prevent listing of records
CSYIBC;Information browser category;CKPRTF;Printer file
CSYIBC;Information browser category;CKMSID;Message ID
CSYIBC;Information browser category;CKMSGF;Message file
CSYIBC;Information browser category;CKTBRL;Printer file type
CSYIBC;Information browser category;CKDUCO;Display update panel
CSYIBC;Information browser category;CKCOCO;Configuration component
CSYIBC;Information browser category;CKENSF;Stream files
CSYIBC;Information browser category;CKUGSQ;Global sequence number
CSYIBC;Information browser category;CKBLOC;Lock
CSYIBC;Information browser category;CKENRL;Enable record locking
CSYIBC;Information browser category;CKPFTO;Interface
CSYIBC;Information browser category;CKARCL;Archive control
CSYIBC;Information browser category;CKCPPL;Copy
CSYIBC;Information browser category;CKFIET;File type
CSYKEY;Field group - Fields;CYCONO;Company
CSYKEY;Field group - Fields;CYMGRP;Field group
CSYKEY;Field group - Fields;CYOBJC;Field
CSYKEY;Field group - Fields;CYTX40;Description
CSYKEY;Field group - Fields;CYTX15;Name
CSYKEY;Field group - Fields;CYPFIL;Table
CSYKEY;Field group - Fields;CYFINM;Name
CSYKEY;Field group - Fields;CYFLDB;Field length
CSYKEY;Field group - Fields;CYKYT1;Key type
CSYKEY;Field group - Fields;CYKYT2;Key type
CSYKEY;Field group - Fields;CYKYT3;Key type
CSYKEY;Field group - Fields;CYCONS;Key field
CSYKEY;Field group - Fields;CYKYF1;Key field
CSYKEY;Field group - Fields;CYKYF2;Key field
CSYKEY;Field group - Fields;CYPGNM;Program name
CSYKEY;Field group - Fields;CYFLDI;Field
CSYKEY;Field group - Fields;CYFTYP;File type
CSYKEY;Field group - Fields;CYFFIL;Table
CSYKEY;Field group - Fields;CYMSI5;General word
CSYKEY;Field group - Fields;CYMSID;Message ID
CSYKEY;Field group - Fields;CYOBJ2;Field
CSYKEY;Field group - Fields;CYOBJ3;Field
CSYKEY;Field group - Fields;CYTYPF;Field type
CSYKEY;Field group - Fields;CYRGDT;Entry date
CSYKEY;Field group - Fields;CYRGTM;Entry time
CSYKEY;Field group - Fields;CYLMDT;Change date
CSYKEY;Field group - Fields;CYCHNO;Change number
CSYKEY;Field group - Fields;CYCHID;Changed by
CSYKEY;Field group - Fields;CYLMTS;Timestamp
CSYKEY;Field group - Fields;CYPOBJ;Popular field
CSYKEY;Field group - Fields;CYOPMS;Message ID
CSYKEY;Field group - Fields;CYFLDT;Field type
CSYKEY;Field group - Fields;CYFLDD;Number of digits
CSYKEY;Field group - Fields;CYFLDP;Number of decimal places
CSYKEY;Field group - Fields;CYECDE;Edit code
CSYKEY;Field group - Fields;CYFILG;Filter group
CSYKEY;Field group - Fields;CYFHID;Field help ID
CSYKEY;Field group - Fields;CYFDCA;Field information code
CSYKEY;Field group - Fields;CYDCNY;Debit/credit code used
CSYKEY;Field group - Fields;CYEDFL;Edit field
CSYKEY;Field group - Fields;CYFLDH;Label method
CSYKEY;Field group - Fields;CYOVNM;Overriding name
CSYKEY;Field group - Fields;CYOVMI;Overriding message ID
CSYKEY;Field group - Fields;CYDTID;Data identity
CSYKEY;Field group - Fields;CYMSGF;Message file
CSYKEY;Field group - Fields;CYFLDG;Field security group
CSYKEY;Field group - Fields;CYDTTY;Data type
CSYKEY;Field group - Fields;CYCOCO;Configuration component
CSYKEY;Field group - Fields;CYDIRA;Disable if not relevant active
CSYKEY;Field group - Fields;CYTZCV;Time zone conversion
CSYKEY;Field group - Fields;CYEXFL;Manually added field
CSYLOG;Event Log;ELEVSQ;Sequence number
CSYLOG;Event Log;ELCONO;Company
CSYLOG;Event Log;ELEVNM;Event name
CSYLOG;Event Log;ELEVNR;Event sequence number
CSYLOG;Event Log;ELFLDI;Field
CSYLOG;Event Log;ELEVNO;Event name operation
CSYLOG;Event Log;ELEVPB;Event publisher
CSYLOG;Event Log;ELPK01;Primary key 1
CSYLOG;Event Log;ELPK02;Primary key 2
CSYLOG;Event Log;ELPK03;Primary key 3
CSYLOG;Event Log;ELPK04;Primary key 4
CSYLOG;Event Log;ELPK05;Primary key 5
CSYLOG;Event Log;ELPK06;Primary key 6
CSYLOG;Event Log;ELPK07;Primary key 7
CSYLOG;Event Log;ELPK08;Primary key 8
CSYLOG;Event Log;ELPK09;Primary key 9
CSYLOG;Event Log;ELPK10;Primary key 10
CSYLOG;Event Log;ELPK11;Primary key 11
CSYLOG;Event Log;ELPK12;Primary key 12
CSYLOG;Event Log;ELPK13;Primary key 13
CSYLOG;Event Log;ELPK14;Primary key 14
CSYLOG;Event Log;ELPK15;Primary key 15
CSYLOG;Event Log;ELOV80;Old value
CSYLOG;Event Log;ELNV80;New value
CSYLOG;Event Log;ELUPDT;Date updated
CSYLOG;Event Log;ELDTPR;Date printed
CSYLOG;Event Log;ELUPGM;Updating program
CSYLOG;Event Log;ELSPGM;Start program
CSYLOG;Event Log;ELTXID;Text identity
CSYLOG;Event Log;ELRGDT;Entry date
CSYLOG;Event Log;ELRGTM;Entry time
CSYLOG;Event Log;ELLMDT;Change date
CSYLOG;Event Log;ELCHNO;Change number
CSYLOG;Event Log;ELCHID;Changed by
CSYLOG;Event Log;ELLMTS;Timestamp
CSYLOG;Event Log;ELTMSX;Time suffix
CSYNBI;MUF Invoice number series;C2CONO;Company
CSYNBI;MUF Invoice number series;C2DIVI;Division
CSYNBI;MUF Invoice number series;C2NBID;Number series
CSYNBI;MUF Invoice number series;C2YEA4;Year
CSYNBI;MUF Invoice number series;C2INPX;Invoice prefix
CSYNBI;MUF Invoice number series;C2NBDE;Description number series
CSYNBI;MUF Invoice number series;C2NBLO;Start number
CSYNBI;MUF Invoice number series;C2NBHI;Final number
CSYNBI;MUF Invoice number series;C2NBNR;Last number used
CSYNBI;MUF Invoice number series;C2TXID;Text identity
CSYNBI;MUF Invoice number series;C2RGDT;Entry date
CSYNBI;MUF Invoice number series;C2RGTM;Entry time
CSYNBI;MUF Invoice number series;C2LMDT;Change date
CSYNBI;MUF Invoice number series;C2CHNO;Change number
CSYNBI;MUF Invoice number series;C2CHID;Changed by
CSYNBR;Number series;CNCONO;Company
CSYNBR;Number series;CNDIVI;Division
CSYNBR;Number series;CNNBTY;Number series type
CSYNBR;Number series;CNNBID;Number series
CSYNBR;Number series;CNNBDE;Description number series
CSYNBR;Number series;CNNBLO;Start number
CSYNBR;Number series;CNNBHI;Final number
CSYNBR;Number series;CNNBNR;Last number used
CSYNBR;Number series;CNNBMO;Check digit method
CSYNBR;Number series;CNNBDT;New number series from
CSYNBR;Number series;CNNBNI;New number series
CSYNBR;Number series;CNTXID;Text identity
CSYNBR;Number series;CNRGDT;Entry date
CSYNBR;Number series;CNRGTM;Entry time
CSYNBR;Number series;CNLMDT;Change date
CSYNBR;Number series;CNCHNO;Change number
CSYNBR;Number series;CNCHID;Changed by
CSYNBR;Number series;CNDATC;Current date used
CSYNBR;Number series;CNNBBD;Last number used before current dt used
CSYNBR;Number series;CNDATB;Before current date used
CSYPAR;System parameters;CPCONO;Company
CSYPAR;System parameters;CPDIVI;Division
CSYPAR;System parameters;CPSTCO;Constant value
CSYPAR;System parameters;CPPARM;Parameter value
CSYPAR;System parameters;CPRGDT;Entry date
CSYPAR;System parameters;CPRGTM;Entry time
CSYPAR;System parameters;CPLMDT;Change date
CSYPAR;System parameters;CPCHNO;Change number
CSYPAR;System parameters;CPCHID;Changed by
CSYPAR;System parameters;CPMGSQ;Migration sequence
CSYPER;System periods;CPCONO;Company
CSYPER;System periods;CPDIVI;Division
CSYPER;System periods;CPPETP;Period type
CSYPER;System periods;CPYEA4;Year
CSYPER;System periods;CPPERI;Period
CSYPER;System periods;CPTX15;Name
CSYPER;System periods;CPFDAT;From date
CSYPER;System periods;CPTDAT;To date
CSYPER;System periods;CPNCDY;Number of calendar days
CSYPER;System periods;CPNWDY;Number of workdays
CSYPER;System periods;CPNBDY;Number of banking days
CSYPER;System periods;CPLMTS;Timestamp
CSYPRF;Document / partner file;CFCONO;Company
CSYPRF;Document / partner file;CFDIVI;Division
CSYPRF;Document / partner file;CFDONR;Document number
CSYPRF;Document / partner file;CFDOVA;Document variant
CSYPRF;Document / partner file;CFMEPF;Media profile
CSYPRF;Document / partner file;CFPRF1;Document/media controlling object 1
CSYPRF;Document / partner file;CFPRF2;Document/media control object 2
CSYPRF;Document / partner file;CFTX15;Name
CSYPRF;Document / partner file;CFTX40;Description
CSYPRF;Document / partner file;CFCMCO;Media profile
CSYPRF;Document / partner file;CFMEAL;Valid media
CSYPRF;Document / partner file;CFE065;Message type
CSYPRF;Document / partner file;CFDOSU;Summary document
CSYPRF;Document / partner file;CFTRDA;Processing time in days
CSYPRF;Document / partner file;CFTRHH;Processing time in hours internal
CSYPRF;Document / partner file;CFTRDI;Processing time in days
CSYPRF;Document / partner file;CFTRHI;Processing time in hours internal
CSYPRF;Document / partner file;CFRGDT;Entry date
CSYPRF;Document / partner file;CFRGTM;Entry time
CSYPRF;Document / partner file;CFLMDT;Change date
CSYPRF;Document / partner file;CFCHNO;Change number
CSYPRF;Document / partner file;CFCHID;Changed by
CSYPRF;Document / partner file;CFLMTS;Timestamp
CSYSOR;Sorting Options;CIFILE;Table
CSYSOR;Sorting Options;CISOPT;Sorting option
CSYSOR;Sorting Options;CITX40;Description
CSYSOR;Sorting Options;CITX15;Name
CSYSOR;Sorting Options;CIKEY1;Field
CSYSOR;Sorting Options;CIAGG1;Aggregation
CSYSOR;Sorting Options;CIDSC1;Descending
CSYSOR;Sorting Options;CIKEY2;Field
CSYSOR;Sorting Options;CIAGG2;Aggregation
CSYSOR;Sorting Options;CIDSC2;Descending
CSYSOR;Sorting Options;CIKEY3;Field
CSYSOR;Sorting Options;CIAGG3;Aggregation
CSYSOR;Sorting Options;CIDSC3;Descending
CSYSOR;Sorting Options;CIKEY4;Field
CSYSOR;Sorting Options;CIAGG4;Aggregation
CSYSOR;Sorting Options;CIDSC4;Descending
CSYSOR;Sorting Options;CIKEY5;Field
CSYSOR;Sorting Options;CIAGG5;Aggregation
CSYSOR;Sorting Options;CIDSC5;Descending
CSYSOR;Sorting Options;CIKEY6;Field
CSYSOR;Sorting Options;CIAGG6;Aggregation
CSYSOR;Sorting Options;CIDSC6;Descending
CSYSOR;Sorting Options;CIKEY7;Field
CSYSOR;Sorting Options;CIAGG7;Aggregation
CSYSOR;Sorting Options;CIDSC7;Descending
CSYSOR;Sorting Options;CIKEY8;Field
CSYSOR;Sorting Options;CIAGG8;Aggregation
CSYSOR;Sorting Options;CIDSC8;Descending
CSYSOR;Sorting Options;CIKEY9;Field
CSYSOR;Sorting Options;CIAGG9;Aggregation
CSYSOR;Sorting Options;CIDSC9;Descending
CSYSOR;Sorting Options;CIKE10;Field
CSYSOR;Sorting Options;CIAG10;Aggregation
CSYSOR;Sorting Options;CIDS10;Descending
CSYSOR;Sorting Options;CIKE11;Field
CSYSOR;Sorting Options;CIAG11;Aggregation
CSYSOR;Sorting Options;CIDS11;Descending
CSYSOR;Sorting Options;CIKE12;Field
CSYSOR;Sorting Options;CIAG12;Aggregation
CSYSOR;Sorting Options;CIDS12;Descending
CSYSOR;Sorting Options;CIKE13;Field
CSYSOR;Sorting Options;CIAG13;Aggregation
CSYSOR;Sorting Options;CIDS13;Descending
CSYSOR;Sorting Options;CIKE14;Field
CSYSOR;Sorting Options;CIAG14;Aggregation
CSYSOR;Sorting Options;CIDS14;Descending
CSYSOR;Sorting Options;CIKE15;Field
CSYSOR;Sorting Options;CIAG15;Aggregation
CSYSOR;Sorting Options;CIDS15;Descending
CSYSOR;Sorting Options;CISEL1;Select/Omit
CSYSOR;Sorting Options;CISOK1;Field
CSYSOR;Sorting Options;CIOPR1;Operand
CSYSOR;Sorting Options;CIVAL1;Value
CSYSOR;Sorting Options;CISEL2;Select/Omit
CSYSOR;Sorting Options;CISOK2;Field
CSYSOR;Sorting Options;CIOPR2;Operand
CSYSOR;Sorting Options;CIVAL2;Value
CSYSOR;Sorting Options;CISEL3;Select/Omit
CSYSOR;Sorting Options;CISOK3;Field
CSYSOR;Sorting Options;CIOPR3;Operand
CSYSOR;Sorting Options;CIVAL3;Value
CSYSOR;Sorting Options;CISEL4;Select/Omit
CSYSOR;Sorting Options;CISOK4;Field
CSYSOR;Sorting Options;CIOPR4;Operand
CSYSOR;Sorting Options;CIVAL4;Value
CSYSOR;Sorting Options;CISEL5;Select/Omit
CSYSOR;Sorting Options;CISOK5;Field
CSYSOR;Sorting Options;CIOPR5;Operand
CSYSOR;Sorting Options;CIVAL5;Value
CSYSOR;Sorting Options;CISEL6;Select/Omit
CSYSOR;Sorting Options;CISOK6;Field
CSYSOR;Sorting Options;CIOPR6;Operand
CSYSOR;Sorting Options;CIVAL6;Value
CSYSOR;Sorting Options;CISTAT;Status
CSYSOR;Sorting Options;CITXID;Text identity
CSYSOR;Sorting Options;CIRGDT;Entry date
CSYSOR;Sorting Options;CIRGTM;Entry time
CSYSOR;Sorting Options;CILMDT;Change date
CSYSOR;Sorting Options;CICHNO;Change number
CSYSOR;Sorting Options;CICHID;Changed by
CSYSOR;Sorting Options;CIMS51;Name of key field 1
CSYSOR;Sorting Options;CIMS52;Name of key field 2
CSYSOR;Sorting Options;CIMS53;Name of key field 3
CSYSOR;Sorting Options;CIMS54;Name of key field 4
CSYSOR;Sorting Options;CILMTS;Timestamp
CSYSOR;Sorting Options;CIJNSO;Join sort
CSYSOR;Sorting Options;CIJNTB;Join table
CSYSOR;Sorting Options;CISOPM;Sorting option - master table
CSYSOR;Sorting Options;CISOPJ;Sorting option - join table
CSYSOR;Sorting Options;CISECF;Section fields
CSYSTP;System tables file;CPCONO;Company
CSYSTP;System tables file;CPDIVI;Division
CSYSTP;System tables file;CPPGNM;Program name
CSYSTP;System tables file;CPRESP;Responsible
CSYSTP;System tables file;CPLIVR;Report version
CSYSTP;System tables file;CPPARA;Parameter value
CSYSTP;System tables file;CPRGDT;Entry date
CSYSTP;System tables file;CPRGTM;Entry time
CSYSTP;System tables file;CPLMDT;Change date
CSYSTP;System tables file;CPCHNO;Change number
CSYSTP;System tables file;CPCHID;Changed by
CSYSTP;System tables file;CPMGSQ;Migration sequence
CSYSTR;Startvalues and parameters / program;CSCONO;Company
CSYSTR;Startvalues and parameters / program;CSDIVI;Division
CSYSTR;Startvalues and parameters / program;CSPGNM;Program name
CSYSTR;Startvalues and parameters / program;CSRESP;Responsible
CSYSTR;Startvalues and parameters / program;CSPAR1;Parameter value
CSYSTR;Startvalues and parameters / program;CSPAR2;Parameter value
CSYSTR;Startvalues and parameters / program;CSRGDT;Entry date
CSYSTR;Startvalues and parameters / program;CSLMDT;Change date
CSYSTR;Startvalues and parameters / program;CSLMTS;Timestamp
CSYSTR;Startvalues and parameters / program;CSFSLP;Filter/selection for list panels
CSYSTR;Startvalues and parameters / program;CSMGSQ;Migration sequence
CSYSTS;States per country;CKCONO;Company
CSYSTS;States per country;CKECAR;State
CSYSTS;States per country;CKCSCD;Country
CSYSTS;States per country;CKTX40;Description
CSYSTS;States per country;CKTX15;Name
CSYSTS;States per country;CKTXID;Text identity
CSYSTS;States per country;CKRGDT;Entry date
CSYSTS;States per country;CKRGTM;Entry time
CSYSTS;States per country;CKLMDT;Change date
CSYSTS;States per country;CKCHNO;Change number
CSYSTS;States per country;CKCHID;Changed by
CSYSTS;States per country;CKLMTS;Timestamp
CSYSTS;States per country;CKPENO;PST exemption number
CSYSTS;States per country;CKORDE;Destination/origin
CSYTAB;System tables file;CTCONO;Company
CSYTAB;System tables file;CTDIVI;Division
CSYTAB;System tables file;CTSTCO;Constant value
CSYTAB;System tables file;CTSTKY;Key value
CSYTAB;System tables file;CTLNCD;Language
CSYTAB;System tables file;CTTX40;Description
CSYTAB;System tables file;CTTX15;Name
CSYTAB;System tables file;CTPARM;Parameter value
CSYTAB;System tables file;CTTXID;Text identity
CSYTAB;System tables file;CTRGDT;Entry date
CSYTAB;System tables file;CTRGTM;Entry time
CSYTAB;System tables file;CTLMDT;Change date
CSYTAB;System tables file;CTCHNO;Change number
CSYTAB;System tables file;CTCHID;Changed by
CSYTAB;System tables file;CTLMTS;Timestamp
CSYTAB;System tables file;CTDTID;Data identity
CSYTAB;System tables file;CTMGSQ;Migration sequence
CSYTXH;Text, head;THCONO;Company
CSYTXH;Text, head;THDIVI;Division
CSYTXH;Text, head;THTXID;Text identity
CSYTXH;Text, head;THTXVR;Text block
CSYTXH;Text, head;THLNCD;Language
CSYTXH;Text, head;THTX40;Description
CSYTXH;Text, head;THTXCC;Text control code
CSYTXH;Text, head;THTXEI;External/internal text
CSYTXH;Text, head;THFILE;Table
CSYTXH;Text, head;THKFLD;File key
CSYTXH;Text, head;THRGDT;Entry date
CSYTXH;Text, head;THRGTM;Entry time
CSYTXH;Text, head;THLMDT;Change date
CSYTXH;Text, head;THCHNO;Change number
CSYTXH;Text, head;THCHID;Changed by
CSYTXH;Text, head;THLMTS;Timestamp
CSYTXL;Text, line;TLCONO;Company
CSYTXL;Text, line;TLDIVI;Division
CSYTXL;Text, line;TLTXID;Text identity
CSYTXL;Text, line;TLTXVR;Text block
CSYTXL;Text, line;TLLNCD;Language
CSYTXL;Text, line;TLLINO;Line number
CSYTXL;Text, line;TLTX60;Text
CSYTXL;Text, line;TLLMTS;Timestamp
CSYUNL;Unit language;CUCONO;Company
CSYUNL;Unit language;CUUNIT;Unit of measure
CSYUNL;Unit language;CULNCD;Language
CSYUNL;Unit language;CUUNI2;Unit of measure
CSYUNL;Unit language;CUTXID;Text identity
CSYUNL;Unit language;CURGDT;Entry date
CSYUNL;Unit language;CURGTM;Entry time
CSYUNL;Unit language;CULMDT;Change date
CSYUNL;Unit language;CUCHNO;Change number
CSYUNL;Unit language;CUCHID;Changed by
CSYUSR;Users per company;CRCONO;Company
CSYUSR;Users per company;CRDIVI;Division
CSYUSR;Users per company;CRRESP;Responsible
CSYUSR;Users per company;CRRENM;Name
CSYUSR;Users per company;CRFACI;Facility
CSYUSR;Users per company;CRWHLO;Warehouse
CSYUSR;Users per company;CRPYAD;Our invoicing address
CSYUSR;Users per company;CRDTFM;Date format
CSYUSR;Users per company;CRAUPF;User group - function access
CSYUSR;Users per company;CRREPF;Display item name in own language
CSYUSR;Users per company;CRLANC;System language
CSYUSR;Users per company;CRMNVR;Menu version
CSYUSR;Users per company;CRDFMN;Start menu
CSYUSR;Users per company;CRMNMN;Menu maintenance
CSYUSR;Users per company;CRSTMN;Statement number
CSYUSR;Users per company;CRLLID;Library list
CSYUSR;Users per company;CRSFID;Shared file
CSYUSR;Users per company;CRUOID;Option group
CSYUSR;Users per company;CRUSIG;User group - object access
CSYUSR;Users per company;CRTIZO;Time zone
CSYUSR;Users per company;CRPATC;Path component
CSYUSR;Users per company;CRTXID;Text identity
CSYUSR;Users per company;CRRGDT;Entry date
CSYUSR;Users per company;CRRGTM;Entry time
CSYUSR;Users per company;CRLMDT;Change date
CSYUSR;Users per company;CRCHNO;Change number
CSYUSR;Users per company;CRCHID;Changed by
CSYUSR;Users per company;CREQAL;Equipment alias search sequence
CSYVIS;Sorting Order Standard. Open;CJCONO;Company
CSYVIS;Sorting Order Standard. Open;CJPGNM;Program name
CSYVIS;Sorting Order Standard. Open;CJQTTP;Sorting order
CSYVIS;Sorting Order Standard. Open;CJUSID;User
CSYVIS;Sorting Order Standard. Open;CJROLL;Role
CSYVIS;Sorting Order Standard. Open;CJTX40;Description
CSYVIS;Sorting Order Standard. Open;CJTX15;Name
CSYVIS;Sorting Order Standard. Open;CJFILE;Table
CSYVIS;Sorting Order Standard. Open;CJNFTR;Number of filters
CSYVIS;Sorting Order Standard. Open;CJTXID;Text identity
CSYVIS;Sorting Order Standard. Open;CJALLW;Allow leading wildcard
CSYVIS;Sorting Order Standard. Open;CJMCRT;Manually created
CSYVIS;Sorting Order Standard. Open;CJRGDT;Entry date
CSYVIS;Sorting Order Standard. Open;CJRGTM;Entry time
CSYVIS;Sorting Order Standard. Open;CJLMDT;Change date
CSYVIS;Sorting Order Standard. Open;CJCHNO;Change number
CSYVIS;Sorting Order Standard. Open;CJCHID;Changed by
CSYVIS;Sorting Order Standard. Open;CJLTAB;Logical view
CSYVIS;Sorting Order Standard. Open;CJSTAT;Status
CSYVIS;Sorting Order Standard. Open;CJNOKY;Number of keys
CSYVIS;Sorting Order Standard. Open;CJCON1;Key search ID
CSYVIS;Sorting Order Standard. Open;CJSQR1;Search query
CSYVIS;Sorting Order Standard. Open;CJSBFD;Sort-by field
CSYVIS;Sorting Order Standard. Open;CJSDSN;Sort decending
CSYVIS;Sorting Order Standard. Open;CJDFAC;Display facets
CUGEX1;Customer extension file;F1CONO;Company
CUGEX1;Customer extension file;F1FILE;Table
CUGEX1;Customer extension file;F1PK01;Primary key 1
CUGEX1;Customer extension file;F1PK02;Primary key 2
CUGEX1;Customer extension file;F1PK03;Primary key 3
CUGEX1;Customer extension file;F1PK04;Primary key 4
CUGEX1;Customer extension file;F1PK05;Primary key 5
CUGEX1;Customer extension file;F1PK06;Primary key 6
CUGEX1;Customer extension file;F1PK07;Primary key 7
CUGEX1;Customer extension file;F1PK08;Primary key 8
CUGEX1;Customer extension file;F1A030;Alpha field 30 positions
CUGEX1;Customer extension file;F1A130;Alpha field 30 positions
CUGEX1;Customer extension file;F1A230;Alpha field 30 positions
CUGEX1;Customer extension file;F1A330;Alpha field 30 positions
CUGEX1;Customer extension file;F1A430;Alpha field 30 positions
CUGEX1;Customer extension file;F1A530;Alpha field 30 positions
CUGEX1;Customer extension file;F1A630;Alpha field 30 positions
CUGEX1;Customer extension file;F1A730;Alpha field 30 positions
CUGEX1;Customer extension file;F1A830;Alpha field 30 positions
CUGEX1;Customer extension file;F1A930;Alpha field 30 positions
CUGEX1;Customer extension file;F1N096;Numeric field 19,6 positions
CUGEX1;Customer extension file;F1N196;Numeric field 19,6 positions
CUGEX1;Customer extension file;F1N296;Numeric field 19,6 positions
CUGEX1;Customer extension file;F1N396;Numeric field 19,6 positions
CUGEX1;Customer extension file;F1N496;Numeric field 19,6 positions
CUGEX1;Customer extension file;F1N596;Numeric field 19,6 positions
CUGEX1;Customer extension file;F1N696;Numeric field 19,6 positions
CUGEX1;Customer extension file;F1N796;Numeric field 19,6 positions
CUGEX1;Customer extension file;F1N896;Numeric field 19,6 positions
CUGEX1;Customer extension file;F1N996;Numeric field 19,6 positions
CUGEX1;Customer extension file;F1MIGR;Migrated
CUGEX1;Customer extension file;F1A256;Alphanumeric field 256 positions
CUGEX1;Customer extension file;F1A121;Alphanumeric field 120 positions
CUGEX1;Customer extension file;F1A122;Alphanumeric field 120 positions
CUGEX1;Customer extension file;F1DTID;Data identity
CUGEX1;Customer extension file;F1LMTS;Timestamp
CUGEX1;Customer extension file;F1TXID;Text identity
CUGEX1;Customer extension file;F1RGDT;Entry date
CUGEX1;Customer extension file;F1RGTM;Entry time
CUGEX1;Customer extension file;F1LMDT;Change date
CUGEX1;Customer extension file;F1CHNO;Change number
CUGEX1;Customer extension file;F1CHID;Changed by
CUGEX1;Customer extension file;F1CHB1;Yes/no
CUGEX1;Customer extension file;F1CHB2;Yes/no
CUGEX1;Customer extension file;F1CHB3;Yes/no
CUGEX1;Customer extension file;F1CHB4;Yes/no
CUGEX1;Customer extension file;F1CHB5;Yes/no
CUGEX1;Customer extension file;F1CHB6;Yes/no
CUGEX1;Customer extension file;F1CHB7;Yes/no
CUGEX1;Customer extension file;F1CHB8;Yes/no
CUGEX1;Customer extension file;F1CHB9;Yes/no
CUGEX1;Customer extension file;F1DAT8;Ref field for date
CUGEX1;Customer extension file;F1DAT1;Ref field for date
CUGEX1;Customer extension file;F1DAT2;Ref field for date
CUGEX1;Customer extension file;F1DAT3;Ref field for date
CUGEX1;Customer extension file;F1DAT4;Ref field for date
CUGEX1;Customer extension file;F1DAT5;Ref field for date
CUGEX1;Customer extension file;F1DAT6;Ref field for date
CUGEX1;Customer extension file;F1DAT7;Ref field for date
CUGEX1;Customer extension file;F1DAT9;Ref field for date
CUGEX2;Customer general KPI numeric values;F2CONO;Company
CUGEX2;Customer general KPI numeric values;F2KPID;KPI ID
CUGEX2;Customer general KPI numeric values;F2PK01;Primary key 1
CUGEX2;Customer general KPI numeric values;F2PK02;Primary key 2
CUGEX2;Customer general KPI numeric values;F2PK03;Primary key 3
CUGEX2;Customer general KPI numeric values;F2PK04;Primary key 4
CUGEX2;Customer general KPI numeric values;F2PK05;Primary key 5
CUGEX2;Customer general KPI numeric values;F2PK06;Primary key 6
CUGEX2;Customer general KPI numeric values;F2PK07;Primary key 7
CUGEX2;Customer general KPI numeric values;F2PK08;Primary key 8
CUGEX2;Customer general KPI numeric values;F2N096;Numeric field 19,6 positions
CUGEX2;Customer general KPI numeric values;F2N196;Numeric field 19,6 positions
CUGEX2;Customer general KPI numeric values;F2N296;Numeric field 19,6 positions
CUGEX2;Customer general KPI numeric values;F2N396;Numeric field 19,6 positions
CUGEX2;Customer general KPI numeric values;F2N496;Numeric field 19,6 positions
CUGEX2;Customer general KPI numeric values;F2N596;Numeric field 19,6 positions
CUGEX2;Customer general KPI numeric values;F2N696;Numeric field 19,6 positions
CUGEX2;Customer general KPI numeric values;F2N796;Numeric field 19,6 positions
CUGEX2;Customer general KPI numeric values;F2N896;Numeric field 19,6 positions
CUGEX2;Customer general KPI numeric values;F2N996;Numeric field 19,6 positions
CUGEX2;Customer general KPI numeric values;F2RGDT;Entry date
CUGEX2;Customer general KPI numeric values;F2RGTM;Entry time
CUGEX2;Customer general KPI numeric values;F2LMDT;Change date
CUGEX2;Customer general KPI numeric values;F2LMTS;Timestamp
CUGEX2;Customer general KPI numeric values;F2TXID;Text identity
CUGEX2;Customer general KPI numeric values;F2CHNO;Change number
CUGEX2;Customer general KPI numeric values;F2CHID;Changed by
CUGEX3;Customer general KPI alphanumeric values;F3CONO;Company
CUGEX3;Customer general KPI alphanumeric values;F3KPID;KPI ID
CUGEX3;Customer general KPI alphanumeric values;F3PK01;Primary key 1
CUGEX3;Customer general KPI alphanumeric values;F3PK02;Primary key 2
CUGEX3;Customer general KPI alphanumeric values;F3PK03;Primary key 3
CUGEX3;Customer general KPI alphanumeric values;F3PK04;Primary key 4
CUGEX3;Customer general KPI alphanumeric values;F3PK05;Primary key 5
CUGEX3;Customer general KPI alphanumeric values;F3PK06;Primary key 6
CUGEX3;Customer general KPI alphanumeric values;F3PK07;Primary key 7
CUGEX3;Customer general KPI alphanumeric values;F3PK08;Primary key 8
CUGEX3;Customer general KPI alphanumeric values;F3A030;Alpha field 30 positions
CUGEX3;Customer general KPI alphanumeric values;F3A130;Alpha field 30 positions
CUGEX3;Customer general KPI alphanumeric values;F3A230;Alpha field 30 positions
CUGEX3;Customer general KPI alphanumeric values;F3A330;Alpha field 30 positions
CUGEX3;Customer general KPI alphanumeric values;F3A430;Alpha field 30 positions
CUGEX3;Customer general KPI alphanumeric values;F3A530;Alpha field 30 positions
CUGEX3;Customer general KPI alphanumeric values;F3A630;Alpha field 30 positions
CUGEX3;Customer general KPI alphanumeric values;F3A730;Alpha field 30 positions
CUGEX3;Customer general KPI alphanumeric values;F3A830;Alpha field 30 positions
CUGEX3;Customer general KPI alphanumeric values;F3A930;Alpha field 30 positions
CUGEX3;Customer general KPI alphanumeric values;F3RGDT;Entry date
CUGEX3;Customer general KPI alphanumeric values;F3RGTM;Entry time
CUGEX3;Customer general KPI alphanumeric values;F3LMDT;Change date
CUGEX3;Customer general KPI alphanumeric values;F3LMTS;Timestamp
CUGEX3;Customer general KPI alphanumeric values;F3TXID;Text identity
CUGEX3;Customer general KPI alphanumeric values;F3CHNO;Change number
CUGEX3;Customer general KPI alphanumeric values;F3CHID;Changed by
CVATPC;VAT codes percentages;CVLIAM;Limit amount
CVATPC;VAT codes percentages;CVLICU;Limit currency code
CVATPC;VAT codes percentages;CVLIVT;Limit VAT code
CVATPC;VAT codes percentages;CVLMTS;Timestamp
CVATPC;VAT codes percentages;CVCONO;Company
CVATPC;VAT codes percentages;CVDIVI;Division
CVATPC;VAT codes percentages;CVVTCD;VAT code
CVATPC;VAT codes percentages;CVCSCD;Country
CVATPC;VAT codes percentages;CVECAR;State
CVATPC;VAT codes percentages;CVFRDT;From date
CVATPC;VAT codes percentages;CVVTP1;VAT rate 1
CVATPC;VAT codes percentages;CVVTP2;VAT rate 2
CVATPC;VAT codes percentages;CVVTD1;Nondeductible VAT 1
CVATPC;VAT codes percentages;CVVTD2;Nondeductible VAT 2
CVATPC;VAT codes percentages;CVTX40;Description
CVATPC;VAT codes percentages;CVTX15;Name
CVATPC;VAT codes percentages;CVRGDT;Entry date
CVATPC;VAT codes percentages;CVRGTM;Entry time
CVATPC;VAT codes percentages;CVLMDT;Change date
CVATPC;VAT codes percentages;CVCHNO;Change number
CVATPC;VAT codes percentages;CVCHID;Changed by
CVATPC;VAT codes percentages;CVVTPQ;Quebec sales tax rate
DCONSI;Shipments;DACONO;Company
DCONSI;Shipments;DACONN;Shipment
DCONSI;Shipments;DADIVI;Division
DCONSI;Shipments;DARESP;Responsible
DCONSI;Shipments;DARUTP;Route type
DCONSI;Shipments;DAROUT;Route
DCONSI;Shipments;DARODN;Route departure
DCONSI;Shipments;DALODO;Loading platform
DCONSI;Shipments;DAMMDL;Main delivery method
DCONSI;Shipments;DARDDT;Planned route departure date
DCONSI;Shipments;DARDTM;Planned route departure time
DCONSI;Shipments;DADSDT;Departure date
DCONSI;Shipments;DADSHM;Departure time
DCONSI;Shipments;DAARDT;Arrival date
DCONSI;Shipments;DAARHM;Arrival time
DCONSI;Shipments;DACDLD;Deadline date
DCONSI;Shipments;DACDHM;Deadline time
DCONSI;Shipments;DADLAC;Ignore deadline when connecting dely no
DCONSI;Shipments;DACSTH;Highest status - shipment
DCONSI;Shipments;DACSTL;Lowest status - shipment
DCONSI;Shipments;DADSTH;Highest document status
DCONSI;Shipments;DADSTL;Lowest document status
DCONSI;Shipments;DAFWNO;Forwarding agent
DCONSI;Shipments;DATRCA;Transportation equipment
DCONSI;Shipments;DASDES;Place of loading
DCONSI;Shipments;DAEDES;Place
DCONSI;Shipments;DAGRWE;Estimated weight of assigned goods
DCONSI;Shipments;DAVOL3;Estimated volume of assigned goods
DCONSI;Shipments;DAFCU1;Estimated free unit of assigned goods
DCONSI;Shipments;DAGWTE;Estimated gross weight packed goods
DCONSI;Shipments;DAVLME;Estimated volume
DCONSI;Shipments;DAFRCE;Estimated free unit packed goods
DCONSI;Shipments;DAGRW2;Packed gross weight
DCONSI;Shipments;DAWM32;Packed volume
DCONSI;Shipments;DAPFCP;Packed - free capacity
DCONSI;Shipments;DAGRW3;Shipment capacity - gross weight
DCONSI;Shipments;DAVM33;Capacity - volume
DCONSI;Shipments;DAFRCP;Capacity - free capacity unit
DCONSI;Shipments;DATXID;Text identity
DCONSI;Shipments;DAAUTO;Auto attach of several deliveries
DCONSI;Shipments;DAMANC;Manual connection only
DCONSI;Shipments;DACLOS;Shipment closed
DCONSI;Shipments;DAWHLO;Warehouse
DCONSI;Shipments;DAIVSS;Invoicing status
DCONSI;Shipments;DAE0B4;Transport identity - departure
DCONSI;Shipments;DAEONN;External shipment number
DCONSI;Shipments;DASEAL;Seal number
DCONSI;Shipments;DAAGNB;Agreement number
DCONSI;Shipments;DATSID;Transportation service ID
DCONSI;Shipments;DARCST;Freight reconciliation status
DCONSI;Shipments;DARGDT;Entry date
DCONSI;Shipments;DARGTM;Entry time
DCONSI;Shipments;DALMDT;Change date
DCONSI;Shipments;DACHNO;Change number
DCONSI;Shipments;DACHID;Changed by
DCONSI;Shipments;DALMTS;Timestamp
DCONSI;Shipments;DALOBL;Load building
DCONSI;Shipments;DASILO;Shipment ready for loading
DCONSI;Shipments;DAGRWL;Reference fields for weight
DCONSI;Shipments;DAVOLL;Reference fields for volume
DCONSI;Shipments;DAFRCL;Reference fields for free capacity
DCONSI;Shipments;DAINOU;Direction
DCONSI;Shipments;DADRCD;Detention reason code
DCONSI;Shipments;DADFDT;Actual departure date
DCONSI;Shipments;DADFHM;Actual departure time
DCONSI;Shipments;DAPWDT;Forwarder's planned arrival date
DCONSI;Shipments;DAPWHM;Forwarder's planned arrival time
DCONSI;Shipments;DAAWDT;Forwarder's actual arrival date
DCONSI;Shipments;DAAWHM;Forwarder's actual arrival time
DCONSI;Shipments;DADETD;Detention time - days
DCONSI;Shipments;DADEHT;Detention time - hours
DCONSI;Shipments;DADEMT;Detention time - minutes
DCONSI;Shipments;DATRFI;Transportation indicator ID
DCONSI;Shipments;DATRRS;Transportation resource
DDOCUX;Document references;DBCONO;Company
DDOCUX;Document references;DBINOU;Direction
DDOCUX;Document references;DBDLIX;Delivery number
DDOCUX;Document references;DBDONR;Document number
DDOCUX;Document references;DBDOVA;Document variant
DDOCUX;Document references;DBKCON;Shipment
DDOCUX;Document references;DBCONN;Shipment
DDOCUX;Document references;DBFDNO;Delivery document number
DDOCUX;Document references;DBFDST;Status - freight document
DDOCUX;Document references;DBFDMA;Documents manually added
DDOCUX;Document references;DBFDCG;Documents changed
DDOCUX;Document references;DBGEDT;Date generated
DDOCUX;Document references;DBGETM;Time generated
DDOCUX;Document references;DBDODT;Last printout date
DDOCUX;Document references;DBPOTI;Printout time
DDOCUX;Document references;DBWHLO;Warehouse
DDOCUX;Document references;DBNBOL;Bill of lading number
DDOCUX;Document references;DBMBOL;Master bill of lading number
DDOCUX;Document references;DBCMBL;Master connected
DDOCUX;Document references;DBFDAL;Freight document alias ID
DDOCUX;Document references;DBRGDT;Entry date
DDOCUX;Document references;DBRGTM;Entry time
DDOCUX;Document references;DBLMDT;Change date
DDOCUX;Document references;DBCHNO;Change number
DDOCUX;Document references;DBCHID;Changed by
DRODPR;Route selection table;DOCONO;Company
DRODPR;Route selection table;DODIVI;Division
DRODPR;Route selection table;DOPREX;Priority
DRODPR;Route selection table;DOEDES;Place
DRODPR;Route selection table;DOOBV1;Start value 1
DRODPR;Route selection table;DOOBV2;Start value 2
DRODPR;Route selection table;DOOBV3;Start value 3
DRODPR;Route selection table;DOOBV4;Start value 4
DRODPR;Route selection table;DOROUT;Route
DRODPR;Route selection table;DORODN;Route departure
DRODPR;Route selection table;DOFWNO;Forwarding agent
DRODPR;Route selection table;DOPAL1;Pallet registration number
DRODPR;Route selection table;DORFID;Reference
DRODPR;Route selection table;DOCTIE;Earliest collection time
DRODPR;Route selection table;DOCTIL;Latest collection time
DRODPR;Route selection table;DOLOLD;Local transportation lead time - days
DRODPR;Route selection table;DOLOLH;Local transportation lead time - hours
DRODPR;Route selection table;DOLOLM;Local transportation lead time - minutes
DRODPR;Route selection table;DOLODI;Local distance
DRODPR;Route selection table;DODDOW;Departure days
DRODPR;Route selection table;DOTRCA;Transportation equipment
DRODPR;Route selection table;DOSEFB;Selection method for departures
DRODPR;Route selection table;DOSELP;Try lower priority
DRODPR;Route selection table;DORGDT;Entry date
DRODPR;Route selection table;DORGTM;Entry time
DRODPR;Route selection table;DOLMDT;Change date
DRODPR;Route selection table;DOCHNO;Change number
DRODPR;Route selection table;DOCHID;Changed by
DRODPR;Route selection table;DOPRRO;Preliminary route selection
DRODPR;Route selection table;DOLMTS;Timestamp
DROUDI;Route - connect departures;DSCONO;Company
DROUDI;Route - connect departures;DSROUT;Route
DROUDI;Route - connect departures;DSRODN;Route departure
DROUDI;Route - connect departures;DSDIVI;Division
DROUDI;Route - connect departures;DSRESP;Responsible
DROUDI;Route - connect departures;DSLODO;Loading platform
DROUDI;Route - connect departures;DSMMDL;Main delivery method
DROUDI;Route - connect departures;DSDDOW;Departure days
DROUDI;Route - connect departures;DSDETH;Time of departure - hours
DROUDI;Route - connect departures;DSDETM;Time of departure - minutes
DROUDI;Route - connect departures;DSARDY;Transportation lead time - days
DROUDI;Route - connect departures;DSARHH;Transportation lead time - hours
DROUDI;Route - connect departures;DSARMM;Transportation lead time - minutes
DROUDI;Route - connect departures;DSFWNO;Forwarding agent
DROUDI;Route - connect departures;DSTRCA;Transportation equipment
DROUDI;Route - connect departures;DSTXID;Text identity
DROUDI;Route - connect departures;DSLILD;Days to deadline
DROUDI;Route - connect departures;DSLILH;Deadline - hours
DROUDI;Route - connect departures;DSLILM;Deadline - minutes
DROUDI;Route - connect departures;DSSILD;Stipulated internal lead time - days
DROUDI;Route - connect departures;DSSILH;Stipulated internal lead time - hours
DROUDI;Route - connect departures;DSSILM;Stipulated internal lead time - minutes
DROUDI;Route - connect departures;DSVFDT;Valid from
DROUDI;Route - connect departures;DSVTDT;Valid to
DROUDI;Route - connect departures;DSWHLO;Warehouse
DROUDI;Route - connect departures;DSTSID;Transportation service ID
DROUDI;Route - connect departures;DSRGDT;Entry date
DROUDI;Route - connect departures;DSRGTM;Entry time
DROUDI;Route - connect departures;DSLMDT;Change date
DROUDI;Route - connect departures;DSCHNO;Change number
DROUDI;Route - connect departures;DSCHID;Changed by
DROUDI;Route - connect departures;DSLMTS;Timestamp
DROUDI;Route - connect departures;DSLOBL;Load building
DROUDI;Route - connect departures;DSFWLD;Forwarder's arrival lead time - days
DROUDI;Route - connect departures;DSFWLH;Forwarder's arrival lead time - hours
DROUDI;Route - connect departures;DSFWLM;Forwarder's arrival lead time - minutes
DROUTE;Route;DRCONO;Company
DROUTE;Route;DRROUT;Route
DROUTE;Route;DRDIVI;Division
DROUTE;Route;DRRUTP;Route type
DROUTE;Route;DRTX40;Description
DROUTE;Route;DRTX15;Name
DROUTE;Route;DRRESP;Responsible
DROUTE;Route;DRSDES;Place of loading
DROUTE;Route;DREDES;Place
DROUTE;Route;DRTPHO;Transportation planning horizon
DROUTE;Route;DRSILD;Stipulated internal lead time - days
DROUTE;Route;DRSILH;Stipulated internal lead time - hours
DROUTE;Route;DRSILM;Stipulated internal lead time - minutes
DROUTE;Route;DRLILD;Days to deadline
DROUTE;Route;DRLILH;Deadline - hours
DROUTE;Route;DRLILM;Deadline - minutes
DROUTE;Route;DRDLMC;Manual shipment scheduling allowed
DROUTE;Route;DRDLAC;Ignore deadline when connecting dely no
DROUTE;Route;DRACNC;Automatic shipment creation
DROUTE;Route;DRACDO;Automatic creation of delivery order
DROUTE;Route;DRMARE;Responsible must be entered
DROUTE;Route;DRMALP;Loading platform
DROUTE;Route;DRMADE;Time of departure
DROUTE;Route;DRMACA;Transportation equipment
DROUTE;Route;DRCCCA;Check capacity alarm
DROUTE;Route;DRPINO;GUI picture
DROUTE;Route;DRFWNO;Forwarding agent
DROUTE;Route;DRTRCA;Transportation equipment
DROUTE;Route;DRMODL;Delivery method
DROUTE;Route;DRTSID;Transportation service ID
DROUTE;Route;DRDIST;Number of kilometer
DROUTE;Route;DRTXID;Text identity
DROUTE;Route;DRRGDT;Entry date
DROUTE;Route;DRRGTM;Entry time
DROUTE;Route;DRLMDT;Change date
DROUTE;Route;DRCHNO;Change number
DROUTE;Route;DRCHID;Changed by
DROUTE;Route;DRCUNO;Customer
DROUTE;Route;DRLMTS;Timestamp
DROUTE;Route;DRLOBL;Load building
DROUTE;Route;DRLODO;Loading platform
DROUTE;Route;DRINOU;Direction
DSCMRH;Swedish CMR head;OPCONO;Company
DSCMRH;Swedish CMR head;OPDLIX;Delivery number
DSCMRH;Swedish CMR head;OPDIVI;Division
DSCMRH;Swedish CMR head;OPDLCD;Delete
DSCMRH;Swedish CMR head;OPCONN;Shipment
DSCMRH;Swedish CMR head;OPDNNO;Delivery note number
DSCMRH;Swedish CMR head;OPFRTY;Type
DSCMRH;Swedish CMR head;OPFDNO;Delivery document number
DSCMRH;Swedish CMR head;OPGSNA;Name
DSCMRH;Swedish CMR head;OPGSA1;Address line 1
DSCMRH;Swedish CMR head;OPGSA2;Address line 2
DSCMRH;Swedish CMR head;OPGSA3;Address line 3
DSCMRH;Swedish CMR head;OPGSA4;Address line 4
DSCMRH;Swedish CMR head;OPGPNO;Consignor telephone number
DSCMRH;Swedish CMR head;OPGSNO;Consignor goods address number
DSCMRH;Swedish CMR head;OPGRNA;Name
DSCMRH;Swedish CMR head;OPGRA1;Address line 1
DSCMRH;Swedish CMR head;OPGRA2;Address line 2
DSCMRH;Swedish CMR head;OPGRA3;Address line 3
DSCMRH;Swedish CMR head;OPGRA4;Address line 4
DSCMRH;Swedish CMR head;OPGRNO;Consignee goods address number
DSCMRH;Swedish CMR head;OPDSTN;Destination
DSCMRH;Swedish CMR head;OPDLR1;Shipment instruction 1
DSCMRH;Swedish CMR head;OPDLR2;Shipment instruction 2
DSCMRH;Swedish CMR head;OPPHNO;Telephone number 1
DSCMRH;Swedish CMR head;OPAPPA;Number of approved EUR pallets
DSCMRH;Swedish CMR head;OPPALR;Pallet registration number
DSCMRH;Swedish CMR head;OPPALS;Consignor pallet registration number
DSCMRH;Swedish CMR head;OPLDSU;Load accessory
DSCMRH;Swedish CMR head;OPFWNO;Forwarding agent
DSCMRH;Swedish CMR head;OPRREF;Consignee reference
DSCMRH;Swedish CMR head;OPSREF;Consignor reference
DSCMRH;Swedish CMR head;OPSPIN;Transport instructions - special
DSCMRH;Swedish CMR head;OPAGNU;Blanket agreement number
DSCMRH;Swedish CMR head;OPCHGE;Charges
DSCMRH;Swedish CMR head;OPPGNO;Postal giro number
DSCMRH;Swedish CMR head;OPCINO;Invoice number
DSCMRH;Swedish CMR head;OPPYSR;Freight payer
DSCMRH;Swedish CMR head;OPICCO;Including code
DSCMRH;Swedish CMR head;OPECCO;Excluding code
DSCMRH;Swedish CMR head;OPAMNT;Amount
DSCMRH;Swedish CMR head;OPFRPY;Other freight payer
DSCMRH;Swedish CMR head;OPGANN;GAN number
DSCMRH;Swedish CMR head;OPGRWE;Gross weight
DSCMRH;Swedish CMR head;OPNUPK;Number of packages
DSCMRH;Swedish CMR head;OPADNT;Number of address labels
DSCMRH;Swedish CMR head;OPFDAL;Freight document alias ID
DSCMRH;Swedish CMR head;OPRGDT;Entry date
DSCMRH;Swedish CMR head;OPLMDT;Change date
DSCMRH;Swedish CMR head;OPUSID;User
DSCMRH;Swedish CMR head;OPRGTM;Entry time
DSCMRL;Swedish CMR lines;OTCONO;Company
DSCMRL;Swedish CMR lines;OTDLIX;Delivery number
DSCMRL;Swedish CMR lines;OTPACK;Packaging type
DSCMRL;Swedish CMR lines;OTTYGO;Item type
DSCMRL;Swedish CMR lines;OTDIVI;Division
DSCMRL;Swedish CMR lines;OTFDNO;Delivery document number
DSCMRL;Swedish CMR lines;OTNUPK;Number of packages
DSCMRL;Swedish CMR lines;OTGDRE;Remark
DSCMRL;Swedish CMR lines;OTNEWE;Net weight
DSCMRL;Swedish CMR lines;OTGRWE;Gross weight
DSCMRL;Swedish CMR lines;OTVOM3;Volume
DSCMRL;Swedish CMR lines;OTLSOR;Sequence goods lines
FAALOC;Periods accounting header;ELCONO;Company
FAALOC;Periods accounting header;ELDIVI;Division
FAALOC;Periods accounting header;ELRCNO;Record number
FAALOC;Periods accounting header;ELYEAF;From year
FAALOC;Periods accounting header;ELPERF;From period
FAALOC;Periods accounting header;ELYEAT;To year
FAALOC;Periods accounting header;ELPERT;To period
FAALOC;Periods accounting header;ELNPAM;Number of periods
FAALOC;Periods accounting header;ELBAAM;Amount to distribute
FAALOC;Periods accounting header;ELAMTN;Curve
FAALOC;Periods accounting header;ELAAME;Period accounting method
FAALOC;Periods accounting header;ELVTXT;Voucher text
FAALOC;Periods accounting header;ELDCDI;Division
FAALOC;Periods accounting header;ELDAI1;Accounting dimension 1
FAALOC;Periods accounting header;ELDAI2;Accounting dimension 2
FAALOC;Periods accounting header;ELDAI3;Accounting dimension 3
FAALOC;Periods accounting header;ELDAI4;Accounting dimension 4
FAALOC;Periods accounting header;ELDAI5;Accounting dimension 5
FAALOC;Periods accounting header;ELDAI6;Accounting dimension 6
FAALOC;Periods accounting header;ELDAI7;Accounting dimension 7
FAALOC;Periods accounting header;ELCAI1;Coding level 1 credit
FAALOC;Periods accounting header;ELCAI2;Coding level 2 credit
FAALOC;Periods accounting header;ELCAI3;Coding level 3 credit
FAALOC;Periods accounting header;ELCAI4;Coding level 4 credit
FAALOC;Periods accounting header;ELCAI5;Coding level 5 credit
FAALOC;Periods accounting header;ELCAI6;Coding level 6 credit
FAALOC;Periods accounting header;ELCAI7;Coding level 7 credit
FAALOC;Periods accounting header;ELTTAB;Allocation target table
FAALOC;Periods accounting header;ELBDTP;Allocation type
FAALOC;Periods accounting header;ELDIMT;Distribution method
FAALOC;Periods accounting header;ELDBCR;Debit/credit code
FAALOC;Periods accounting header;ELEICD;External/internal transaction
FAALOC;Periods accounting header;ELRGDT;Entry date
FAALOC;Periods accounting header;ELRGTM;Entry time
FAALOC;Periods accounting header;ELLMDT;Change date
FAALOC;Periods accounting header;ELCHNO;Change number
FAALOC;Periods accounting header;ELCHID;Changed by
FAALOD;Period accounting detail;EKCONO;Company
FAALOD;Period accounting detail;EKDIVI;Division
FAALOD;Period accounting detail;EKRCNO;Record number
FAALOD;Period accounting detail;EKYEAF;From year
FAALOD;Period accounting detail;EKPERF;From period
FAALOD;Period accounting detail;EKYEA4;Year
FAALOD;Period accounting detail;EKPERI;Period
FAALOD;Period accounting detail;EKYEAT;To year
FAALOD;Period accounting detail;EKPERT;To period
FAALOD;Period accounting detail;EKALAM;Recorded amount
FAALOD;Period accounting detail;EKD1PC;Percent
FAALOD;Period accounting detail;EKADSH;Share
FAALOD;Period accounting detail;EKBLCD;Customer stop
FAALOD;Period accounting detail;EKDBCR;Debit/credit code
FAALOD;Period accounting detail;EKEICD;External/internal transaction
FAALOD;Period accounting detail;EKRGDT;Entry date
FAALOD;Period accounting detail;EKRGTM;Entry time
FAALOD;Period accounting detail;EKLMDT;Change date
FAALOD;Period accounting detail;EKCHNO;Change number
FAALOD;Period accounting detail;EKCHID;Changed by
FAALOD;Period accounting detail;EKMCPL;Manually changed
FACCES;FAM access groups;FRCONO;Company
FACCES;FAM access groups;FRDIVI;Division
FACCES;FAM access groups;FRACGR;Object access group
FACCES;FAM access groups;FRUSIG;User group - object access
FACCES;FAM access groups;FRRGDT;Entry date
FACCES;FAM access groups;FRRGTM;Entry time
FACCES;FAM access groups;FRLMDT;Change date
FACCES;FAM access groups;FRCHNO;Change number
FACCES;FAM access groups;FRCHID;Changed by
FAMTDE;Periods accounting curve details;ENCONO;Company
FAMTDE;Periods accounting curve details;ENDIVI;Division
FAMTDE;Periods accounting curve details;ENAMTN;Curve
FAMTDE;Periods accounting curve details;ENNPAM;Number of periods
FAMTDE;Periods accounting curve details;ENAMPE;Curve period
FAMTDE;Periods accounting curve details;END1PC;Percent
FAMTDE;Periods accounting curve details;ENADSH;Share
FAMTHE;Period accounting curve header;EMCONO;Company
FAMTHE;Period accounting curve header;EMDIVI;Division
FAMTHE;Period accounting curve header;EMAMTN;Curve
FAMTHE;Period accounting curve header;EMNPAM;Number of periods
FAMTHE;Period accounting curve header;EMAMDS;Name
FAMTHE;Period accounting curve header;EMAMTT;Curve type
FAMTHE;Period accounting curve header;EMAMTS;Period accounting unit
FAMTHE;Period accounting curve header;EMRGDT;Entry date
FAMTHE;Period accounting curve header;EMRGTM;Entry time
FAMTHE;Period accounting curve header;EMLMDT;Change date
FAMTHE;Period accounting curve header;EMCHNO;Change number
FAMTHE;Period accounting curve header;EMCHID;Changed by
FBAKEY;Keys for balance values;RKLMTS;Timestamp
FBAKEY;Keys for balance values;RKCONO;Company
FBAKEY;Keys for balance values;RKDIVI;Division
FBAKEY;Keys for balance values;RKBAKY;Balance key
FBAKEY;Keys for balance values;RKBIT1;Balance dimension 1
FBAKEY;Keys for balance values;RKBIT2;Balance dimension 2
FBAKEY;Keys for balance values;RKBIT3;Balance dimension 3
FBAKEY;Keys for balance values;RKBIT4;Balance dimension 4
FBAKEY;Keys for balance values;RKBIT5;Balance dimension 5
FBAKEY;Keys for balance values;RKBIT6;Balance dimension 6
FBAKEY;Keys for balance values;RKBIT7;Balance dimension 7
FBAKEY;Keys for balance values;RKPTID;Pointer ID
FBAKEY;Keys for balance values;RKRGDT;Entry date
FBAKEY;Keys for balance values;RKRGTM;Entry time
FBAKEY;Keys for balance values;RKLMDT;Change date
FBAKEY;Keys for balance values;RKCHNO;Change number
FBAKEY;Keys for balance values;RKCHID;Changed by
FBAKEY;Keys for balance values;RKCYZV;Zero values current year
FBAKEY;Keys for balance values;RKPYZV;Zero values previous year
FBAVAL;GL Balance values;RVLMTS;Timestamp
FBAVAL;GL Balance values;RVCONO;Company
FBAVAL;GL Balance values;RVPTID;Pointer ID
FBAVAL;GL Balance values;RVVTYP;Value type
FBAVAL;GL Balance values;RVBUNO;Budget number
FBAVAL;GL Balance values;RVBVER;Budget version
FBAVAL;GL Balance values;RVYEA4;Year
FBAVAL;GL Balance values;RVPERI;Period
FBAVAL;GL Balance values;RVACAD;Recorded amount
FBAVAL;GL Balance values;RVACAC;Recorded amount
FBAVAL;GL Balance values;RVCUAD;Foreign currency amount
FBAVAL;GL Balance values;RVCUAC;Foreign currency amount
FBAVAL;GL Balance values;RVACQD;Accounted quantity (debit)
FBAVAL;GL Balance values;RVACQC;Accounted quantity (credit)
FBAVAL;GL Balance values;RVTCAD;Third currency amount - debit
FBAVAL;GL Balance values;RVTCAC;Third currency amount - credit
FBAVAL;GL Balance values;RVIAAD;Internal accounted amount (debit)
FBAVAL;GL Balance values;RVIAAC;Internal accounted amount (credit)
FBAVAL;GL Balance values;RVICUD;Internal currency amount (debit)
FBAVAL;GL Balance values;RVICUC;Internal currency amount (credit)
FBAVAL;GL Balance values;RVITAD;Internal 3rd currency amount (debit)
FBAVAL;GL Balance values;RVITAC;Internal 3rd currency amount (credit)
FBAVAL;GL Balance values;RVRGDT;Entry date
FBAVAL;GL Balance values;RVRGTM;Entry time
FBAVAL;GL Balance values;RVLMDT;Change date
FBAVAL;GL Balance values;RVCHNO;Change number
FBAVAL;GL Balance values;RVCHID;Changed by
FBAVAL;GL Balance values;RVBAKY;Balance key
FBAVAL;GL Balance values;RVMIGI;Internal migration status
FBKDEF;Balance keys;RIACGR;Object access group
FBKDEF;Balance keys;RICONO;Company
FBKDEF;Balance keys;RIDIVI;Division
FBKDEF;Balance keys;RIBAKY;Balance key
FBKDEF;Balance keys;RITX40;Description
FBKDEF;Balance keys;RITX15;Name
FBKDEF;Balance keys;RIKACD;Active key
FBKDEF;Balance keys;RIBVT0;Actual
FBKDEF;Balance keys;RIBVT1;Budget
FBKDEF;Balance keys;RIEICD;External/internal transaction
FBKDEF;Balance keys;RIBKF1;Contents of field 1
FBKDEF;Balance keys;RIBKF2;Contents of field 2
FBKDEF;Balance keys;RIBKF3;Contents of field 3
FBKDEF;Balance keys;RIBKF4;Contents of field 4
FBKDEF;Balance keys;RIBKF5;Contents of field 5
FBKDEF;Balance keys;RIBKF6;Contents of field 6
FBKDEF;Balance keys;RIBKF7;Contents of field 7
FBKDEF;Balance keys;RIBST1;Balance structure type field 1
FBKDEF;Balance keys;RIBSL1;Balance structure level field 1
FBKDEF;Balance keys;RIBST2;Balance structure type field 2
FBKDEF;Balance keys;RIBSL2;Balance structure level field 2
FBKDEF;Balance keys;RIBST3;Balance structure type field 3
FBKDEF;Balance keys;RIBSL3;Balance structure level field 3
FBKDEF;Balance keys;RIBST4;Balance structure type field 4
FBKDEF;Balance keys;RIBSL4;Balance structure level field 4
FBKDEF;Balance keys;RIBST5;Balance structure type field 5
FBKDEF;Balance keys;RIBSL5;Balance structure level field 5
FBKDEF;Balance keys;RIBST6;Balance structure type field 6
FBKDEF;Balance keys;RIBSL6;Balance structure level field 6
FBKDEF;Balance keys;RIBST7;Balance structure type field 7
FBKDEF;Balance keys;RIBSL7;Balance structure level field 7
FBKDEF;Balance keys;RISL1F;From accounting ID - dimension 1
FBKDEF;Balance keys;RISL1T;From accounting ID - dimension 1
FBKDEF;Balance keys;RISL2F;Selection to level 1
FBKDEF;Balance keys;RISL2T;From accounting ID - dimension 2
FBKDEF;Balance keys;RISL3F;To accounting ID - dimension 2
FBKDEF;Balance keys;RISL3T;From accounting ID - dimension 3
FBKDEF;Balance keys;RISL4F;To accounting ID - dimension 3
FBKDEF;Balance keys;RISL4T;From accounting ID - dimension 4
FBKDEF;Balance keys;RISL5F;From accounting ID - dimension 5
FBKDEF;Balance keys;RISL5T;To accounting ID - dimension 5
FBKDEF;Balance keys;RISL6F;From accounting ID - dimension 6
FBKDEF;Balance keys;RISL6T;To accounting ID - dimension 6
FBKDEF;Balance keys;RISL7F;From accounting ID - dimension 7
FBKDEF;Balance keys;RISL7T;To accounting ID - dimension 7
FBKDEF;Balance keys;RIRBA1;Replacing balance key level 1
FBKDEF;Balance keys;RIRBA2;Replacing balance key level 2
FBKDEF;Balance keys;RIRBA3;Replacing balance key level 3
FBKDEF;Balance keys;RIRBA4;Replacing balance key level 4
FBKDEF;Balance keys;RIRBA5;Replacing balance key level 5
FBKDEF;Balance keys;RIRBA6;Replacing balance key level 6
FBKDEF;Balance keys;RISTRC;Accounting structure
FBKDEF;Balance keys;RIRGDT;Entry date
FBKDEF;Balance keys;RIRGTM;Entry time
FBKDEF;Balance keys;RILMDT;Change date
FBKDEF;Balance keys;RICHNO;Change number
FBKDEF;Balance keys;RICHID;Changed by
FBUDET;Budget detail;BCCONO;Company
FBUDET;Budget detail;BCDIVI;Division
FBUDET;Budget detail;BCBUNO;Budget number
FBUDET;Budget detail;BCBVER;Budget version
FBUDET;Budget detail;BCBUPE;Budget period
FBUDET;Budget detail;BCAIT1;Accounting dimension 1
FBUDET;Budget detail;BCAIT2;Accounting dimension 2
FBUDET;Budget detail;BCAIT3;Accounting dimension 3
FBUDET;Budget detail;BCAIT4;Accounting dimension 4
FBUDET;Budget detail;BCAIT5;Accounting dimension 5
FBUDET;Budget detail;BCAIT6;Accounting dimension 6
FBUDET;Budget detail;BCAIT7;Accounting dimension 7
FBUDET;Budget detail;BCCUCD;Currency
FBUDET;Budget detail;BCAMTN;Curve
FBUDET;Budget detail;BCBLAM;Local currency amount - budget
FBUDET;Budget detail;BCBUDQ;Budget quantity
FBUDET;Budget detail;BCBCUA;Foreign currency amount - budget
FBUDET;Budget detail;BCARAT;Exchange rate
FBUDET;Budget detail;BCTXID;Text identity
FBUDET;Budget detail;BCRGDT;Entry date
FBUDET;Budget detail;BCRGTM;Entry time
FBUDET;Budget detail;BCLMDT;Change date
FBUDET;Budget detail;BCCHNO;Change number
FBUDET;Budget detail;BCCHID;Changed by
FBUSUM;Budget entry;BBCONO;Company
FBUSUM;Budget entry;BBDIVI;Division
FBUSUM;Budget entry;BBBUNO;Budget number
FBUSUM;Budget entry;BBBVER;Budget version
FBUSUM;Budget entry;BBAIT1;Accounting dimension 1
FBUSUM;Budget entry;BBAIT2;Accounting dimension 2
FBUSUM;Budget entry;BBAIT3;Accounting dimension 3
FBUSUM;Budget entry;BBAIT4;Accounting dimension 4
FBUSUM;Budget entry;BBAIT5;Accounting dimension 5
FBUSUM;Budget entry;BBAIT6;Accounting dimension 6
FBUSUM;Budget entry;BBAIT7;Accounting dimension 7
FBUSUM;Budget entry;BBCUCD;Currency
FBUSUM;Budget entry;BBAMTN;Curve
FBUSUM;Budget entry;BBBLAM;Local currency amount - budget
FBUSUM;Budget entry;BBBUDQ;Budget quantity
FBUSUM;Budget entry;BBBCUA;Foreign currency amount - budget
FBUSUM;Budget entry;BBTXID;Text identity
FBUSUM;Budget entry;BBRGDT;Entry date
FBUSUM;Budget entry;BBRGTM;Entry time
FBUSUM;Budget entry;BBLMDT;Change date
FBUSUM;Budget entry;BBCHNO;Change number
FBUSUM;Budget entry;BBCHID;Changed by
FBUSUM;Budget entry;BBLMTS;Timestamp
FCAAVP;Average cost history;A7FRSC;Finance reason code
FCAAVP;Average cost history;A7CONO;Company
FCAAVP;Average cost history;A7FACI;Facility
FCAAVP;Average cost history;A7ITNO;Item number
FCAAVP;Average cost history;A7RGDT;Entry date
FCAAVP;Average cost history;A7RGTM;Entry time
FCAAVP;Average cost history;A7TMSX;Time suffix
FCAAVP;Average cost history;A7CANB;Cost attribute number
FCAAVP;Average cost history;A7DIVI;Division
FCAAVP;Average cost history;A7TRDT;Transaction date
FCAAVP;Average cost history;A7WHLO;Warehouse
FCAAVP;Average cost history;A7APPR;Average cost
FCAAVP;Average cost history;A7APPO;Average cost
FCAAVP;Average cost history;A7TONQ;New on-hand balance
FCAAVP;Average cost history;A7TOOQ;Old on-hand balance
FCAAVP;Average cost history;A7TRQT;Transaction quantity - basic U/M
FCAAVP;Average cost history;A7MFCO;Acquisition cost
FCAAVP;Average cost history;A7ORAC;Acquisition cost - recalculation
FCAAVP;Average cost history;A7GTYP;Transaction type
FCAAVP;Average cost history;A7OCAT;Order category
FCAAVP;Average cost history;A7RIDN;Order number
FCAAVP;Average cost history;A7RIDL;Order line
FCAAVP;Average cost history;A7SINO;Supplier invoice number
FCAAVP;Average cost history;A7INYR;Invoice year
FCAAVP;Average cost history;A7SUNO;Supplier
FCAAVP;Average cost history;A7RESP;Responsible
FCAAVP;Average cost history;A7REPN;Receiving number
FCAAVP;Average cost history;A7RELP;Receipt type
FCAAVP;Average cost history;A7INLP;Invoice line type
FCAAVP;Average cost history;A7RIDX;Line suffix
FCAAVP;Average cost history;A7LMTS;Timestamp
FCAAVP;Average cost history;A7APPE;New average cost - recalculation
FCAAVP;Average cost history;A7APPL;Old average price - recalculation
FCAIDL;Accounting identity - langauge;ELCONO;Company
FCAIDL;Accounting identity - langauge;ELDIVI;Division
FCAIDL;Accounting identity - langauge;ELAITP;Accounting dimension
FCAIDL;Accounting identity - langauge;ELAITM;Accounting identity
FCAIDL;Accounting identity - langauge;ELLNCD;Language
FCAIDL;Accounting identity - langauge;ELTX40;Description
FCAIDL;Accounting identity - langauge;ELTX15;Name
FCAIDL;Accounting identity - langauge;ELTXID;Text identity
FCAIDL;Accounting identity - langauge;ELRGDT;Entry date
FCAIDL;Accounting identity - langauge;ELRGTM;Entry time
FCAIDL;Accounting identity - langauge;ELLMDT;Change date
FCAIDL;Accounting identity - langauge;ELCHNO;Change number
FCAIDL;Accounting identity - langauge;ELCHID;Changed by
FCHACC;Accounting identities;EAADM1;Analysis dimension 1
FCHACC;Accounting identities;EAADM2;Analysis dimension 2
FCHACC;Accounting identities;EAAND1;Analysis dimension description 1
FCHACC;Accounting identities;EAAND2;Analysis dimension description 2
FCHACC;Accounting identities;EAATP1;Analysis dimension type 1
FCHACC;Accounting identities;EAATP2;Analysis dimension type 2
FCHACC;Accounting identities;EADBCL;Debit/credit code lock
FCHACC;Accounting identities;EAOBCC;Obsolete account
FCHACC;Accounting identities;EAWHBE;Exclude from  withholding tax base
FCHACC;Accounting identities;EACONO;Company
FCHACC;Accounting identities;EADIVI;Division
FCHACC;Accounting identities;EAAITP;Accounting dimension
FCHACC;Accounting identities;EAAITM;Accounting identity
FCHACC;Accounting identities;EAAICL;Account group
FCHACC;Accounting identities;EATX40;Description
FCHACC;Accounting identities;EATX15;Name
FCHACC;Accounting identities;EAAT01;Balance account
FCHACC;Accounting identities;EAAT02;Profit or loss account
FCHACC;Accounting identities;EAAT03;Accounts receivable account
FCHACC;Accounting identities;EAAT11;Accounts payable account
FCHACC;Accounting identities;EAAT04;VAT account type
FCHACC;Accounting identities;EAAT05;Internal account
FCHACC;Accounting identities;EAAT06;Revaluation account
FCHACC;Accounting identities;EAAT07;Cost of capital account
FCHACC;Accounting identities;EAAT08;Fixed assets account
FCHACC;Accounting identities;EAAT09;Period account
FCHACC;Accounting identities;EAAT10;Clearing account
FCHACC;Accounting identities;EALCCD;Blocked accounting identity
FCHACC;Accounting identities;EAOUAC;Outcome account
FCHACC;Accounting identities;EABUAC;Budget account
FCHACC;Accounting identities;EACAAC;Cost accounting account
FCHACC;Accounting identities;EAVFDT;Valid from
FCHACC;Accounting identities;EAVTDT;Valid to
FCHACC;Accounting identities;EAARCH;Archiving
FCHACC;Accounting identities;EAACR2;ACR for accounting dimension 2
FCHACC;Accounting identities;EAACR3;ACR for accounting dimension 3
FCHACC;Accounting identities;EAACR4;ACR for accounting dimension 4
FCHACC;Accounting identities;EAACR5;ACR for accounting dimension 5
FCHACC;Accounting identities;EAACR6;ACR for accounting dimension 6
FCHACC;Accounting identities;EAACR7;ACR for accounting dimension 7
FCHACC;Accounting identities;EAACRV;ACR for VAT codes
FCHACC;Accounting identities;EAACB2;ACR for acc dimension 2 (budget)
FCHACC;Accounting identities;EAACB3;ACR for acc dimension 3 (budget)
FCHACC;Accounting identities;EAACB4;ACR for acc dimension 4 (budget)
FCHACC;Accounting identities;EAACB5;ACR for acc dimension 5 (budget)
FCHACC;Accounting identities;EAACB6;ACR for acc dimension 6 (budget)
FCHACC;Accounting identities;EAACB7;ACR for acc dimension 7 (budget)
FCHACC;Accounting identities;EAACGR;Object access group
FCHACC;Accounting identities;EAAPCG;Authority group
FCHACC;Accounting identities;EARESP;Responsible
FCHACC;Accounting identities;EAVTCD;VAT code
FCHACC;Accounting identities;EACCCD;Currency connection
FCHACC;Accounting identities;EACUCD;Currency
FCHACC;Accounting identities;EASLCD;Sign lock
FCHACC;Accounting identities;EAMQCD;Quantity mandatory
FCHACC;Accounting identities;EAMTCD;Text mandatory
FCHACC;Accounting identities;EASUCT;Replacement category
FCHACC;Accounting identities;EACICT;Cost of capital rule
FCHACC;Accounting identities;EAETCH;Transaction check before deletion
FCHACC;Accounting identities;EAOBJE;Field
FCHACC;Accounting identities;EARECE;Reconciliation
FCHACC;Accounting identities;EAPCA1;Petty cash account
FCHACC;Accounting identities;EAAT12;Bank account
FCHACC;Accounting identities;EACLRA;Suspense account
FCHACC;Accounting identities;EASTOA;Inventory account
FCHACC;Accounting identities;EABACR;Enter bank operation
FCHACC;Accounting identities;EARDRI;Resource driver
FCHACC;Accounting identities;EARDVP;Variable percent
FCHACC;Accounting identities;EACMID;Cost center model
FCHACC;Accounting identities;EAGCMT;Consolidation method
FCHACC;Accounting identities;EATXID;Text identity
FCHACC;Accounting identities;EARGDT;Entry date
FCHACC;Accounting identities;EARGTM;Entry time
FCHACC;Accounting identities;EALMDT;Change date
FCHACC;Accounting identities;EACHNO;Change number
FCHACC;Accounting identities;EACHID;Changed by
FCHACC;Accounting identities;EALMTS;Timestamp
FCHACC;Accounting identities;EACAD2;Compress accounting dimension 2
FCHACC;Accounting identities;EACAD3;Compress accounting dimension 3
FCHACC;Accounting identities;EACAD4;Compress accounting dimension 4
FCHACC;Accounting identities;EACAD5;Compress accounting dimension 5
FCHACC;Accounting identities;EACAD6;Compress accounting dimension 6
FCHACC;Accounting identities;EACAD7;Compress accounting dimension 7
FCHACC;Accounting identities;EADAUC;Delegation of authority code
FCHACC;Accounting identities;EAAT13;Blocked for manual entry
FCHACC;Accounting identities;EAAT14;Financial agreement account
FCHCHK;Chart of accounts crossreference check;ECCONO;Company
FCHCHK;Chart of accounts crossreference check;ECDIVI;Division
FCHCHK;Chart of accounts crossreference check;ECAITP;Accounting dimension
FCHCHK;Chart of accounts crossreference check;ECAITM;Accounting identity
FCHCHK;Chart of accounts crossreference check;ECCHPU;ACR check purpose
FCHCHK;Chart of accounts crossreference check;ECAITV;Accounting dimension to validate
FCHCHK;Chart of accounts crossreference check;ECACRC;ACR for accounting dimension X
FCHCHK;Chart of accounts crossreference check;ECRLIN;Range
FCHCHK;Chart of accounts crossreference check;ECAITF;From accounting identity
FCHCHK;Chart of accounts crossreference check;ECAITT;To accounting identity
FCHCHK;Chart of accounts crossreference check;ECVTCF;From VAT code
FCHCHK;Chart of accounts crossreference check;ECVTCT;To VAT code
FCHCHK;Chart of accounts crossreference check;ECRGDT;Entry date
FCHCHK;Chart of accounts crossreference check;ECRGTM;Entry time
FCHCHK;Chart of accounts crossreference check;ECLMDT;Change date
FCHCHK;Chart of accounts crossreference check;ECCHNO;Change number
FCHCHK;Chart of accounts crossreference check;ECCHID;Changed by
FDDAGR;Direct debiting agreement - open;DDRMON;Remittance order number
FDDAGR;Direct debiting agreement - open;DDRMPN;Remittance proposal number
FDDAGR;Direct debiting agreement - open;DDCONO;Company
FDDAGR;Direct debiting agreement - open;DDDIVI;Division
FDDAGR;Direct debiting agreement - open;DDCUNO;Customer
FDDAGR;Direct debiting agreement - open;DDBKID;Bank account identity
FDDAGR;Direct debiting agreement - open;DDBKI2;Bank account identity
FDDAGR;Direct debiting agreement - open;DDAGIN;Agreement indicator
FDDAGR;Direct debiting agreement - open;DDBKAG;Bank EDI agreement number
FDDAGR;Direct debiting agreement - open;DDSTAT;Status
FDDAGR;Direct debiting agreement - open;DDTX40;Description
FDDAGR;Direct debiting agreement - open;DDTX15;Name
FDDAGR;Direct debiting agreement - open;DDVFDT;Valid from
FDDAGR;Direct debiting agreement - open;DDVTDT;Valid to
FDDAGR;Direct debiting agreement - open;DDMAXA;Maximum invoice amount
FDDAGR;Direct debiting agreement - open;DDMTAM;Maximum total amount
FDDAGR;Direct debiting agreement - open;DDCUCD;Currency
FDDAGR;Direct debiting agreement - open;DDAGR1;Agreement 1
FDDAGR;Direct debiting agreement - open;DDAGR2;Agreement 1
FDDAGR;Direct debiting agreement - open;DDAGR3;Agreement 1
FDDAGR;Direct debiting agreement - open;DDAGR4;Agreement 1
FDDAGR;Direct debiting agreement - open;DDAGR5;Agreement 1
FDDAGR;Direct debiting agreement - open;DDAGR6;Agreement 1
FDDAGR;Direct debiting agreement - open;DDAGR7;Agreement 1
FDDAGR;Direct debiting agreement - open;DDRGDT;Entry date
FDDAGR;Direct debiting agreement - open;DDRGTM;Entry time
FDDAGR;Direct debiting agreement - open;DDLMDT;Change date
FDDAGR;Direct debiting agreement - open;DDCHNO;Change number
FDDAGR;Direct debiting agreement - open;DDCHID;Changed by
FDDAGR;Direct debiting agreement - open;DDTSTA;Transfer status
FDDAGR;Direct debiting agreement - open;DDLMTS;Timestamp
FDDAGR;Direct debiting agreement - open;DDAGOT;One-time agreement
FDDAGR;Direct debiting agreement - open;DDLCOL;Last collection date
FDDAGR;Direct debiting agreement - open;DDLRMN;Last remittance proposal number
FDDAGR;Direct debiting agreement - open;DDAMRC;Amended mandate
FDDAGR;Direct debiting agreement - open;DDBRAG;Reference agreement number
FDDAGR;Direct debiting agreement - open;DDTXID;Text identity
FDDAGR;Direct debiting agreement - open;DDSDDS;Direct debit scheme
FDDAGR;Direct debiting agreement - open;DDSEFR;SEPA DD frequency
FDDAGR;Direct debiting agreement - open;DDDODT;Last printout date
FDDAGR;Direct debiting agreement - open;DDSTCF;Status
FDDAGR;Direct debiting agreement - open;DDSIGD;Signing date
FFAHIS;FA value per period;FHACDT;Accounting date
FFAHIS;FA value per period;FHALDG;Accounting ledger
FFAHIS;FA value per period;FHFRSC;Finance reason code
FFAHIS;FA value per period;FHVOTP;Voucher type
FFAHIS;FA value per period;FHCONO;Company
FFAHIS;FA value per period;FHDIVI;Division
FFAHIS;FA value per period;FHASID;Fixed asset
FFAHIS;FA value per period;FHSBNO;Subnumber
FFAHIS;FA value per period;FHVATP;Value type
FFAHIS;FA value per period;FHRGDT;Entry date
FFAHIS;FA value per period;FHRGTM;Entry time
FFAHIS;FA value per period;FHTSTM;Timestamp
FFAHIS;FA value per period;FHAIT1;Accounting dimension 1
FFAHIS;FA value per period;FHAIT2;Accounting dimension 2
FFAHIS;FA value per period;FHAIT3;Accounting dimension 3
FFAHIS;FA value per period;FHAIT4;Accounting dimension 4
FFAHIS;FA value per period;FHAIT5;Accounting dimension 5
FFAHIS;FA value per period;FHAIT6;Accounting dimension 6
FFAHIS;FA value per period;FHAIT7;Accounting dimension 7
FFAHIS;FA value per period;FHVPER;Value period
FFAHIS;FA value per period;FHFAVA;Fixed asset value currency
FFAHIS;FA value per period;FHFAVC;Fixed asset value currency
FFAHIS;FA value per period;FHCUCD;Currency
FFAHIS;FA value per period;FHVSER;Voucher number series
FFAHIS;FA value per period;FHVONO;Voucher number
FFAHIS;FA value per period;FHVDSC;Voucher name
FFAHIS;FA value per period;FHMVCD;Recoding code
FFAHIS;FA value per period;FHLMDT;Change date
FFAHIS;FA value per period;FHCHNO;Change number
FFAHIS;FA value per period;FHCHID;Changed by
FFAHIS;FA value per period;FHDPTP;Depreciation type
FFAHIS;FA value per period;FHDDCD;Method after extraordinary depreciation
FFAHIS;FA value per period;FHLMTS;Timestamp
FFAHIS;FA value per period;FHZREV;Zero revenue
FFAHIS;FA value per period;FHADSH;Share
FFAHIS;FA value per period;FHUSSH;Used share
FFAHIS;FA value per period;FHFATR;Fixed asset transaction
FFAHIS;FA value per period;FHSEQ7;Sequence number
FFASDM;Depreciation rules for asset f;FDDPER;Disposal date
FFASDM;Depreciation rules for asset f;FDFRSC;Finance reason code
FFASDM;Depreciation rules for asset f;FDCONO;Company
FFASDM;Depreciation rules for asset f;FDDIVI;Division
FFASDM;Depreciation rules for asset f;FDASID;Fixed asset
FFASDM;Depreciation rules for asset f;FDSBNO;Subnumber
FFASDM;Depreciation rules for asset f;FDDPTP;Depreciation type
FFASDM;Depreciation rules for asset f;FDFAST;Status - fixed asset
FFASDM;Depreciation rules for asset f;FDFATP;Fixed asset type
FFASDM;Depreciation rules for asset f;FDDPMD;Depreciation method
FFASDM;Depreciation rules for asset f;FDNOYR;Economic life
FFASDM;Depreciation rules for asset f;FDNOMT;Lifetime in months
FFASDM;Depreciation rules for asset f;FDHYAD;Acquisition - depreciation adjustment
FFASDM;Depreciation rules for asset f;FDNPER;Depreciation share
FFASDM;Depreciation rules for asset f;FDBVAT;Value type
FFASDM;Depreciation rules for asset f;FDSVAL;Stop value
FFASDM;Depreciation rules for asset f;FDSTPC;Processing of remaining value
FFASDM;Depreciation rules for asset f;FDDELN;Method change
FFASDM;Depreciation rules for asset f;FDDTTB;Depreciation plan
FFASDM;Depreciation rules for asset f;FDLPER;Last depreciation period
FFASDM;Depreciation rules for asset f;FDVTAD;Value type
FFASDM;Depreciation rules for asset f;FDADTY;Value type
FFASDM;Depreciation rules for asset f;FDVTDP;Value type
FFASDM;Depreciation rules for asset f;FDDTLC;Automatic change of depreciation method
FFASDM;Depreciation rules for asset f;FDMDTP;Coefficient template
FFASDM;Depreciation rules for asset f;FDDTLP;Digressive to linear transfer period
FFASDM;Depreciation rules for asset f;FDRGDT;Entry date
FFASDM;Depreciation rules for asset f;FDRGTM;Entry time
FFASDM;Depreciation rules for asset f;FDLMDT;Change date
FFASDM;Depreciation rules for asset f;FDCHNO;Change number
FFASDM;Depreciation rules for asset f;FDCHID;Changed by
FFASDM;Depreciation rules for asset f;FDDPBC;Period type
FFASDM;Depreciation rules for asset f;FDBELZ;Below 0
FFASDM;Depreciation rules for asset f;FDSPME;Method for start period
FFASDM;Depreciation rules for asset f;FDCHK1;Numeric field 1 position
FFASDM;Depreciation rules for asset f;FDLMTS;Timestamp
FFASDM;Depreciation rules for asset f;FDBNRT;Bonus rate
FFASDM;Depreciation rules for asset f;FDMOID;Accounting model ID
FFASDM;Depreciation rules for asset f;FDMOLN;Accounting model line
FFASDM;Depreciation rules for asset f;FDZREV;Zero revenue
FFASDM;Depreciation rules for asset f;FDOPVR;Operation plan version
FFASDM;Depreciation rules for asset f;FDMES0;Meter
FFASDM;Depreciation rules for asset f;FDZUSE;Zero usage
FFASDM;Depreciation rules for asset f;FD3DEQ;Third-party equipment
FFASDM;Depreciation rules for asset f;FDOICH;Origin ID column heading
FFASDM;Depreciation rules for asset f;FDFDAM;Method for depreciation adjustment
FFASDM;Depreciation rules for asset f;FDADMD;Associated depreciation method
FFASMA;Fixed assets file;FMCONO;Company
FFASMA;Fixed assets file;FMDIVI;Division
FFASMA;Fixed assets file;FMASID;Fixed asset
FFASMA;Fixed assets file;FMSBNO;Subnumber
FFASMA;Fixed assets file;FMFAST;Status - fixed asset
FFASMA;Fixed assets file;FMFADS;Name
FFASMA;Fixed assets file;FMTXT1;Text line 1
FFASMA;Fixed assets file;FMTXT2;Text line 2
FFASMA;Fixed assets file;FMFATP;Fixed asset type
FFASMA;Fixed assets file;FMACAT;Fixed asset group
FFASMA;Fixed assets file;FMLOC1;Location type 1
FFASMA;Fixed assets file;FMLOC2;Location type 2
FFASMA;Fixed assets file;FMLOC3;Location type 3
FFASMA;Fixed assets file;FMSRNO;Serial number
FFASMA;Fixed assets file;FMPINO;GUI picture
FFASMA;Fixed assets file;FMWADT;Warranty date
FFASMA;Fixed assets file;FMSECN;Service agreement
FFASMA;Fixed assets file;FMSECS;Service company
FFASMA;Fixed assets file;FMLCNO;Leasing agreement
FFASMA;Fixed assets file;FMLCCO;Leasing company
FFASMA;Fixed assets file;FMMPER;Manufacturing date
FFASMA;Fixed assets file;FMAPER;Activation date
FFASMA;Fixed assets file;FMBPER;Building permit date
FFASMA;Fixed assets file;FMSPYN;Payee
FFASMA;Fixed assets file;FMVSER;Voucher number series
FFASMA;Fixed assets file;FMVONO;Voucher number
FFASMA;Fixed assets file;FMCUCD;Currency
FFASMA;Fixed assets file;FMARAT;Exchange rate
FFASMA;Fixed assets file;FMPPER;Acquisition date
FFASMA;Fixed assets file;FMCCCO;Cost of capital method
FFASMA;Fixed assets file;FMAIT2;Accounting dimension 2
FFASMA;Fixed assets file;FMAIT3;Accounting dimension 3
FFASMA;Fixed assets file;FMAIT4;Accounting dimension 4
FFASMA;Fixed assets file;FMAIT5;Accounting dimension 5
FFASMA;Fixed assets file;FMAIT6;Accounting dimension 6
FFASMA;Fixed assets file;FMAIT7;Accounting dimension 7
FFASMA;Fixed assets file;FMREAR;Planning area
FFASMA;Fixed assets file;FMPCDA;Last physical inventory date
FFASMA;Fixed assets file;FMPHCN;Physical inventory number
FFASMA;Fixed assets file;FMPHSN;Physical inventory run number
FFASMA;Fixed assets file;FMPHCT;Physical inventory text
FFASMA;Fixed assets file;FMPHCD;Physical inventory code
FFASMA;Fixed assets file;FMSPER;Sales date
FFASMA;Fixed assets file;FMPYNO;Payer
FFASMA;Fixed assets file;FMCINO;Invoice number
FFASMA;Fixed assets file;FMSCUC;Currency
FFASMA;Fixed assets file;FMSRAT;Exchange rate
FFASMA;Fixed assets file;FMINNO;Individual item number
FFASMA;Fixed assets file;FMFRF1;User-defined field 1 - fixed asset
FFASMA;Fixed assets file;FMFRF2;User-defined field 2 - fixed asset
FFASMA;Fixed assets file;FMFRF3;User-defined field 3 - fixed asset
FFASMA;Fixed assets file;FMFRF4;User-defined field 4 - fixed asset
FFASMA;Fixed assets file;FMFRF5;User-defined field 5 - fixed asset
FFASMA;Fixed assets file;FMFAQT;Fixed asset quantity
FFASMA;Fixed assets file;FMTXID;Text identity
FFASMA;Fixed assets file;FMRGDT;Entry date
FFASMA;Fixed assets file;FMRGTM;Entry time
FFASMA;Fixed assets file;FMLMDT;Change date
FFASMA;Fixed assets file;FMCHNO;Change number
FFASMA;Fixed assets file;FMCHID;Changed by
FFASMA;Fixed assets file;FMLRVD;Last revaluation date
FFASMA;Fixed assets file;FMBIRT;Origin identity
FFASMA;Fixed assets file;FMREDA;Receipt date
FFASMA;Fixed assets file;FMITNO;Item number
FFASMA;Fixed assets file;FMBANO;Lot number
FFASMA;Fixed assets file;FMEQGR;Equipment group
FFASMA;Fixed assets file;FMGEOX;Geographic code X
FFASMA;Fixed assets file;FMGEOY;Geographic code Y
FFASMA;Fixed assets file;FMGEOZ;Geographic code  Z
FFASMA;Fixed assets file;FMLMTS;Timestamp
FFASMA;Fixed assets file;FMFLNO;Fleet number
FFASMA;Fixed assets file;FMTAGP;Tax asset group
FFASMA;Fixed assets file;FMLKST;Like kind status
FFASMA;Fixed assets file;FMLKEQ;Like kind equipment
FFASMA;Fixed assets file;FMRESP;Responsible
FFASMA;Fixed assets file;FMFAMI;Creation method
FFASMA;Fixed assets file;FMMGSQ;Migration sequence
FFASMA;Fixed assets file;FMCSNO;Customs statistical number
FFASMA;Fixed assets file;FMPRNR;Property number
FFASMA;Fixed assets file;FMUNIT;Unit of measure
FFASVL;Fixed asset connect value types;FVCONO;Company
FFASVL;Fixed asset connect value types;FVDIVI;Division
FFASVL;Fixed asset connect value types;FVASID;Fixed asset
FFASVL;Fixed asset connect value types;FVSBNO;Subnumber
FFASVL;Fixed asset connect value types;FVVATP;Value type
FFASVL;Fixed asset connect value types;FVFAVA;Fixed asset value currency
FFASVL;Fixed asset connect value types;FVFAVC;Fixed asset value currency
FFASVL;Fixed asset connect value types;FVCUCD;Currency
FFASVL;Fixed asset connect value types;FVRGDT;Entry date
FFASVL;Fixed asset connect value types;FVRGTM;Entry time
FFASVL;Fixed asset connect value types;FVLMDT;Change date
FFASVL;Fixed asset connect value types;FVCHNO;Change number
FFASVL;Fixed asset connect value types;FVCHID;Changed by
FFASVL;Fixed asset connect value types;FVDPTP;Depreciation type
FFASVL;Fixed asset connect value types;FVLMTS;Timestamp
FFRCDF;Report generator, Column definitions;RBCONO;Company
FFRCDF;Report generator, Column definitions;RBDIVI;Division
FFRCDF;Report generator, Column definitions;RBRGID;Report
FFRCDF;Report generator, Column definitions;RBCOID;Column number
FFRCDF;Report generator, Column definitions;RBCHT1;Column heading 1
FFRCDF;Report generator, Column definitions;RBCHT2;Column heading 2
FFRCDF;Report generator, Column definitions;RBCHT3;Column heading 3
FFRCDF;Report generator, Column definitions;RBCOLT;Column type
FFRCDF;Report generator, Column definitions;RBLTCS;Reverse sign
FFRCDF;Report generator, Column definitions;RBCOLL;Column width
FFRCDF;Report generator, Column definitions;RBCSQC;Calculation sequence - columns
FFRCDF;Report generator, Column definitions;RBCLVL;Column value presentation
FFRCDF;Report generator, Column definitions;RBFLDP;Number of decimal places
FFRCDF;Report generator, Column definitions;RBSEPT;Thousands separator
FFRCDF;Report generator, Column definitions;RBCOIN;Column spacing after
FFRCDF;Report generator, Column definitions;RBNPCO;Suppress column
FFRCDF;Report generator, Column definitions;RBPNVB;Presentation of negative value before
FFRCDF;Report generator, Column definitions;RBPNVA;Presentation of negative value after
FFRCDF;Report generator, Column definitions;RBPZVA;Presentation of zero value
FFRCDF;Report generator, Column definitions;RBZSPO;Minus sign placement
FFRCDF;Report generator, Column definitions;RBCOSB;Column spacing before
FFRCDF;Report generator, Column definitions;RBCOSA;Column spacing after
FFRCDF;Report generator, Column definitions;RBPRCC;Cell column
FFRCDF;Report generator, Column definitions;RBPRCL;Cell line
FFRCDF;Report generator, Column definitions;RBVTYP;Value type
FFRCDF;Report generator, Column definitions;RBBUNO;Budget number
FFRCDF;Report generator, Column definitions;RBBVER;Budget version
FFRCDF;Report generator, Column definitions;RBBAKY;Balance key
FFRCDF;Report generator, Column definitions;RBDBCR;Debit/credit code
FFRCDF;Report generator, Column definitions;RBFRYR;From year
FFRCDF;Report generator, Column definitions;RBFRPD;From period
FFRCDF;Report generator, Column definitions;RBTOYR;To year
FFRCDF;Report generator, Column definitions;RBTOPD;To period
FFRCDF;Report generator, Column definitions;RBEISL;External/internal transactions
FFRCDF;Report generator, Column definitions;RBRDRI;Resource driver
FFRCDF;Report generator, Column definitions;RBRDUV;Unit version - resource driver
FFRCDF;Report generator, Column definitions;RBRGDT;Entry date
FFRCDF;Report generator, Column definitions;RBRGTM;Entry time
FFRCDF;Report generator, Column definitions;RBLMDT;Change date
FFRCDF;Report generator, Column definitions;RBCHNO;Change number
FFRCDF;Report generator, Column definitions;RBCHID;Changed by
FFRPCH;Report gen, PC-file headings;RLCONO;Company
FFRPCH;Report gen, PC-file headings;RLDIVI;Division
FFRPCH;Report gen, PC-file headings;RLRGID;Report
FFRPCH;Report gen, PC-file headings;RLPCSX;PC file suffix
FFRPCH;Report gen, PC-file headings;RLACYP;Accounting period
FFRPCH;Report gen, PC-file headings;RLORID;Origin report
FFRPCH;Report gen, PC-file headings;RLTX40;Description
FFRPCH;Report gen, PC-file headings;RLH101;Column heading 1
FFRPCH;Report gen, PC-file headings;RLH102;Column heading 1
FFRPCH;Report gen, PC-file headings;RLH103;Column heading 1
FFRPCH;Report gen, PC-file headings;RLH104;Column heading 1
FFRPCH;Report gen, PC-file headings;RLH105;Column heading 1
FFRPCH;Report gen, PC-file headings;RLH106;Column heading 1
FFRPCH;Report gen, PC-file headings;RLH107;Column heading 1
FFRPCH;Report gen, PC-file headings;RLH108;Column heading 1
FFRPCH;Report gen, PC-file headings;RLH109;Column heading 1
FFRPCH;Report gen, PC-file headings;RLH110;Column heading 1
FFRPCH;Report gen, PC-file headings;RLH111;Column heading 1
FFRPCH;Report gen, PC-file headings;RLH112;Column heading 1
FFRPCH;Report gen, PC-file headings;RLH113;Column heading 1
FFRPCH;Report gen, PC-file headings;RLH114;Column heading 1
FFRPCH;Report gen, PC-file headings;RLH115;Column heading 1
FFRPCH;Report gen, PC-file headings;RLH116;Column heading 1
FFRPCH;Report gen, PC-file headings;RLH117;Column heading 1
FFRPCH;Report gen, PC-file headings;RLH118;Column heading 1
FFRPCH;Report gen, PC-file headings;RLH119;Column heading 1
FFRPCH;Report gen, PC-file headings;RLH120;Column heading 1
FFRPCH;Report gen, PC-file headings;RLH121;Column heading 1
FFRPCH;Report gen, PC-file headings;RLH122;Column heading 1
FFRPCH;Report gen, PC-file headings;RLH123;Column heading 1
FFRPCH;Report gen, PC-file headings;RLH124;Column heading 1
FFRPCH;Report gen, PC-file headings;RLH125;Column heading 1
FFRPCH;Report gen, PC-file headings;RLH201;Column heading 2
FFRPCH;Report gen, PC-file headings;RLH202;Column heading 2
FFRPCH;Report gen, PC-file headings;RLH203;Column heading 2
FFRPCH;Report gen, PC-file headings;RLH204;Column heading 2
FFRPCH;Report gen, PC-file headings;RLH205;Column heading 2
FFRPCH;Report gen, PC-file headings;RLH206;Column heading 2
FFRPCH;Report gen, PC-file headings;RLH207;Column heading 2
FFRPCH;Report gen, PC-file headings;RLH208;Column heading 2
FFRPCH;Report gen, PC-file headings;RLH209;Column heading 2
FFRPCH;Report gen, PC-file headings;RLH210;Column heading 2
FFRPCH;Report gen, PC-file headings;RLH211;Column heading 2
FFRPCH;Report gen, PC-file headings;RLH212;Column heading 2
FFRPCH;Report gen, PC-file headings;RLH213;Column heading 2
FFRPCH;Report gen, PC-file headings;RLH214;Column heading 2
FFRPCH;Report gen, PC-file headings;RLH215;Column heading 2
FFRPCH;Report gen, PC-file headings;RLH216;Column heading 2
FFRPCH;Report gen, PC-file headings;RLH217;Column heading 2
FFRPCH;Report gen, PC-file headings;RLH218;Column heading 2
FFRPCH;Report gen, PC-file headings;RLH219;Column heading 2
FFRPCH;Report gen, PC-file headings;RLH220;Column heading 2
FFRPCH;Report gen, PC-file headings;RLH221;Column heading 2
FFRPCH;Report gen, PC-file headings;RLH222;Column heading 2
FFRPCH;Report gen, PC-file headings;RLH223;Column heading 2
FFRPCH;Report gen, PC-file headings;RLH224;Column heading 2
FFRPCH;Report gen, PC-file headings;RLH225;Column heading 2
FFRPCH;Report gen, PC-file headings;RLH301;Column heading 3
FFRPCH;Report gen, PC-file headings;RLH302;Column heading 3
FFRPCH;Report gen, PC-file headings;RLH303;Column heading 3
FFRPCH;Report gen, PC-file headings;RLH304;Column heading 3
FFRPCH;Report gen, PC-file headings;RLH305;Column heading 3
FFRPCH;Report gen, PC-file headings;RLH306;Column heading 3
FFRPCH;Report gen, PC-file headings;RLH307;Column heading 3
FFRPCH;Report gen, PC-file headings;RLH308;Column heading 3
FFRPCH;Report gen, PC-file headings;RLH309;Column heading 3
FFRPCH;Report gen, PC-file headings;RLH310;Column heading 3
FFRPCH;Report gen, PC-file headings;RLH311;Column heading 3
FFRPCH;Report gen, PC-file headings;RLH312;Column heading 3
FFRPCH;Report gen, PC-file headings;RLH313;Column heading 3
FFRPCH;Report gen, PC-file headings;RLH314;Column heading 3
FFRPCH;Report gen, PC-file headings;RLH315;Column heading 3
FFRPCH;Report gen, PC-file headings;RLH316;Column heading 3
FFRPCH;Report gen, PC-file headings;RLH317;Column heading 3
FFRPCH;Report gen, PC-file headings;RLH318;Column heading 3
FFRPCH;Report gen, PC-file headings;RLH319;Column heading 3
FFRPCH;Report gen, PC-file headings;RLH320;Column heading 3
FFRPCH;Report gen, PC-file headings;RLH321;Column heading 3
FFRPCH;Report gen, PC-file headings;RLH322;Column heading 3
FFRPCH;Report gen, PC-file headings;RLH323;Column heading 3
FFRPCH;Report gen, PC-file headings;RLH324;Column heading 3
FFRPCH;Report gen, PC-file headings;RLH325;Column heading 3
FFRPCH;Report gen, PC-file headings;RLFDIV;Division
FFRPCH;Report gen, PC-file headings;RLTDIV;Division
FFRPCH;Report gen, PC-file headings;RLBI1F;From accounting ID - dimension 1
FFRPCH;Report gen, PC-file headings;RLBI1T;Selection to level 1
FFRPCH;Report gen, PC-file headings;RLBI2F;From accounting ID - dimension 2
FFRPCH;Report gen, PC-file headings;RLBI2T;To accounting ID - dimension 2
FFRPCH;Report gen, PC-file headings;RLBI3F;From accounting ID - dimension 3
FFRPCH;Report gen, PC-file headings;RLBI3T;To accounting ID - dimension 3
FFRPCH;Report gen, PC-file headings;RLBI4F;From accounting ID - dimension 4
FFRPCH;Report gen, PC-file headings;RLBI4T;To accounting ID - dimension 4
FFRPCH;Report gen, PC-file headings;RLBI5F;From accounting ID - dimension 5
FFRPCH;Report gen, PC-file headings;RLBI5T;To accounting ID - dimension 5
FFRPCH;Report gen, PC-file headings;RLBI6F;From accounting ID - dimension 6
FFRPCH;Report gen, PC-file headings;RLBI6T;To accounting ID - dimension 6
FFRPCH;Report gen, PC-file headings;RLBI7F;From accounting ID - dimension 7
FFRPCH;Report gen, PC-file headings;RLBI7T;To accounting ID - dimension 7
FFRPCH;Report gen, PC-file headings;RLRGDT;Entry date
FFRPCH;Report gen, PC-file headings;RLRGTM;Entry time
FFRPCH;Report gen, PC-file headings;RLLMDT;Change date
FFRPCH;Report gen, PC-file headings;RLCHNO;Change number
FFRPCH;Report gen, PC-file headings;RLCHID;Changed by
FFRPCH;Report gen, PC-file headings;RLCUCD;Currency
FFRPCL;Report gen, PC-file lines;RJCONO;Company
FFRPCL;Report gen, PC-file lines;RJDIVI;Division
FFRPCL;Report gen, PC-file lines;RJRGID;Report
FFRPCL;Report gen, PC-file lines;RJPCSX;PC file suffix
FFRPCL;Report gen, PC-file lines;RJACYP;Accounting period
FFRPCL;Report gen, PC-file lines;RJRLN1;Line number
FFRPCL;Report gen, PC-file lines;RJSEQN;Sequence number
FFRPCL;Report gen, PC-file lines;RJBAKY;Balance key
FFRPCL;Report gen, PC-file lines;RJLNTX;Description
FFRPCL;Report gen, PC-file lines;RJLNTP;Line type
FFRPCL;Report gen, PC-file lines;RJBIRD;Division
FFRPCL;Report gen, PC-file lines;RJBIR1;Report split balance level 1
FFRPCL;Report gen, PC-file lines;RJBIR2;Report split balance level 2
FFRPCL;Report gen, PC-file lines;RJBIR3;Report split balance level 3
FFRPCL;Report gen, PC-file lines;RJBIR4;Report split balance level 4
FFRPCL;Report gen, PC-file lines;RJBIR5;Report split balance level 5
FFRPCL;Report gen, PC-file lines;RJBIR6;Report split balance level 6
FFRPCL;Report gen, PC-file lines;RJBIR7;Report split balance level 7
FFRPCL;Report gen, PC-file lines;RJBITD;Division
FFRPCL;Report gen, PC-file lines;RJBIT1;Balance dimension 1
FFRPCL;Report gen, PC-file lines;RJBIT2;Balance dimension 2
FFRPCL;Report gen, PC-file lines;RJBIT3;Balance dimension 3
FFRPCL;Report gen, PC-file lines;RJBIT4;Balance dimension 4
FFRPCL;Report gen, PC-file lines;RJBIT5;Balance dimension 5
FFRPCL;Report gen, PC-file lines;RJBIT6;Balance dimension 6
FFRPCL;Report gen, PC-file lines;RJBIT7;Balance dimension 7
FFRPCL;Report gen, PC-file lines;RJAM01;Recorded amount
FFRPCL;Report gen, PC-file lines;RJAM02;Recorded amount
FFRPCL;Report gen, PC-file lines;RJAM03;Recorded amount
FFRPCL;Report gen, PC-file lines;RJAM04;Recorded amount
FFRPCL;Report gen, PC-file lines;RJAM05;Recorded amount
FFRPCL;Report gen, PC-file lines;RJAM06;Recorded amount
FFRPCL;Report gen, PC-file lines;RJAM07;Recorded amount
FFRPCL;Report gen, PC-file lines;RJAM08;Recorded amount
FFRPCL;Report gen, PC-file lines;RJAM09;Recorded amount
FFRPCL;Report gen, PC-file lines;RJAM10;Recorded amount
FFRPCL;Report gen, PC-file lines;RJAM11;Recorded amount
FFRPCL;Report gen, PC-file lines;RJAM12;Recorded amount
FFRPCL;Report gen, PC-file lines;RJAM13;Recorded amount
FFRPCL;Report gen, PC-file lines;RJAM14;Recorded amount
FFRPCL;Report gen, PC-file lines;RJAM15;Recorded amount
FFRPCL;Report gen, PC-file lines;RJAM16;Recorded amount
FFRPCL;Report gen, PC-file lines;RJAM17;Recorded amount
FFRPCL;Report gen, PC-file lines;RJAM18;Recorded amount
FFRPCL;Report gen, PC-file lines;RJAM19;Recorded amount
FFRPCL;Report gen, PC-file lines;RJAM20;Recorded amount
FFRPCL;Report gen, PC-file lines;RJAM21;Recorded amount
FFRPCL;Report gen, PC-file lines;RJAM22;Recorded amount
FFRPCL;Report gen, PC-file lines;RJAM23;Recorded amount
FFRPCL;Report gen, PC-file lines;RJAM24;Recorded amount
FFRPCL;Report gen, PC-file lines;RJAM25;Recorded amount
FFRPCL;Report gen, PC-file lines;RJRGDT;Entry date
FFRPCL;Report gen, PC-file lines;RJRGTM;Entry time
FFRPCL;Report gen, PC-file lines;RJLMDT;Change date
FFRPCL;Report gen, PC-file lines;RJCHNO;Change number
FFRPCL;Report gen, PC-file lines;RJCHID;Changed by
FFRPCL;Report gen, PC-file lines;RJLMTS;Timestamp
FGDITD;Account allocation distribution target table - detail;BECONO;Company
FGDITD;Account allocation distribution target table - detail;BEDIVI;Division
FGDITD;Account allocation distribution target table - detail;BETTAB;Allocation target table
FGDITD;Account allocation distribution target table - detail;BEBBLN;Allocation line
FGDITD;Account allocation distribution target table - detail;BEBLTP;Allocation line type
FGDITD;Account allocation distribution target table - detail;BETX40;Description
FGDITD;Account allocation distribution target table - detail;BETFA1;Accounting dimension 1
FGDITD;Account allocation distribution target table - detail;BETFA2;Accounting dimension 2
FGDITD;Account allocation distribution target table - detail;BETFA3;Accounting dimension 3
FGDITD;Account allocation distribution target table - detail;BETFA4;Accounting dimension 4
FGDITD;Account allocation distribution target table - detail;BETFA5;Accounting dimension 5
FGDITD;Account allocation distribution target table - detail;BETFA6;Accounting dimension 6
FGDITD;Account allocation distribution target table - detail;BETFA7;Accounting dimension 7
FGDITD;Account allocation distribution target table - detail;BEOFDI;Division
FGDITD;Account allocation distribution target table - detail;BEDIPE;Relative allocation percentage
FGDITD;Account allocation distribution target table - detail;BEDIRS;Relative share
FGDITD;Account allocation distribution target table - detail;BESTAB;Allocation selection table
FGDITD;Account allocation distribution target table - detail;BETXID;Text identity
FGDITD;Account allocation distribution target table - detail;BERGDT;Entry date
FGDITD;Account allocation distribution target table - detail;BERGTM;Entry time
FGDITD;Account allocation distribution target table - detail;BELMDT;Change date
FGDITD;Account allocation distribution target table - detail;BECHNO;Change number
FGDITD;Account allocation distribution target table - detail;BECHID;Changed by
FGINAE;Invoice - line accounting entries;F9CONO;Company
FGINAE;Invoice - line accounting entries;F9DIVI;Division
FGINAE;Invoice - line accounting entries;F9SUNO;Supplier
FGINAE;Invoice - line accounting entries;F9SINO;Supplier invoice number
FGINAE;Invoice - line accounting entries;F9INYR;Invoice year
FGINAE;Invoice - line accounting entries;F9INIT;Accounting information type
FGINAE;Invoice - line accounting entries;F9PUNO;Purchase order number
FGINAE;Invoice - line accounting entries;F9PNLI;Purchase order line
FGINAE;Invoice - line accounting entries;F9PNLS;Purchase order line subnumber
FGINAE;Invoice - line accounting entries;F9REPN;Receiving number
FGINAE;Invoice - line accounting entries;F9RELP;Receipt type
FGINAE;Invoice - line accounting entries;F9INLP;Invoice line type
FGINAE;Invoice - line accounting entries;F9CDSE;Sequence number - costing element
FGINAE;Invoice - line accounting entries;F9INS5;Status - account entries
FGINAE;Invoice - line accounting entries;F9EICD;External/internal transaction
FGINAE;Invoice - line accounting entries;F9ACTY;Accounting type
FGINAE;Invoice - line accounting entries;F9TRNB;Transaction number
FGINAE;Invoice - line accounting entries;F9CDSS;Sequence sub number - costing element
FGINAE;Invoice - line accounting entries;F9CEID;Costing element
FGINAE;Invoice - line accounting entries;F9AIT1;Accounting dimension 1
FGINAE;Invoice - line accounting entries;F9AIT2;Accounting dimension 2
FGINAE;Invoice - line accounting entries;F9AIT3;Accounting dimension 3
FGINAE;Invoice - line accounting entries;F9AIT4;Accounting dimension 4
FGINAE;Invoice - line accounting entries;F9AIT5;Accounting dimension 5
FGINAE;Invoice - line accounting entries;F9AIT6;Accounting dimension 6
FGINAE;Invoice - line accounting entries;F9AIT7;Accounting dimension 7
FGINAE;Invoice - line accounting entries;F9CUAM;Foreign currency amount
FGINAE;Invoice - line accounting entries;F9ACAM;Recorded amount
FGINAE;Invoice - line accounting entries;F9CUCD;Currency
FGINAE;Invoice - line accounting entries;F9ARAT;Exchange rate
FGINAE;Invoice - line accounting entries;F9CRTP;Exchange rate type
FGINAE;Invoice - line accounting entries;F9ACQT;Quantity
FGINAE;Invoice - line accounting entries;F9VTCD;VAT code
FGINAE;Invoice - line accounting entries;F9TRNO;Transaction number
FGINAE;Invoice - line accounting entries;F9ACDT;Accounting date
FGINAE;Invoice - line accounting entries;F9RGDT;Entry date
FGINAE;Invoice - line accounting entries;F9RGTM;Entry time
FGINAE;Invoice - line accounting entries;F9LMDT;Change date
FGINAE;Invoice - line accounting entries;F9CHNO;Change number
FGINAE;Invoice - line accounting entries;F9CHID;Changed by
FGINAE;Invoice - line accounting entries;F9LMTS;Timestamp
FGINHE;Invoice - head;F4CONO;Company
FGINHE;Invoice - head;F4DIVI;Division
FGINHE;Invoice - head;F4SUNO;Supplier
FGINHE;Invoice - head;F4SINO;Supplier invoice number
FGINHE;Invoice - head;F4INYR;Invoice year
FGINHE;Invoice - head;F4SPYN;Payee
FGINHE;Invoice - head;F4INS0;Status - invoice head
FGINHE;Invoice - head;F4CUCD;Currency
FGINHE;Invoice - head;F4CRTP;Exchange rate type
FGINHE;Invoice - head;F4ARAT;Exchange rate
FGINHE;Invoice - head;F4IVCU;Invoice amount - foreign currency
FGINHE;Invoice - head;F4IVDT;Invoice date
FGINHE;Invoice - head;F4APCD;Authorized user
FGINHE;Invoice - head;F4BJNO;Job number
FGINHE;Invoice - head;F4RGDT;Entry date
FGINHE;Invoice - head;F4RGTM;Entry time
FGINHE;Invoice - head;F4LMDT;Change date
FGINHE;Invoice - head;F4CHNO;Change number
FGINHE;Invoice - head;F4CHID;Changed by
FGINHE;Invoice - head;F4LMTS;Timestamp
FGINLI;Invoice - lines;F5CONO;Company
FGINLI;Invoice - lines;F5DIVI;Division
FGINLI;Invoice - lines;F5SUNO;Supplier
FGINLI;Invoice - lines;F5SINO;Supplier invoice number
FGINLI;Invoice - lines;F5INYR;Invoice year
FGINLI;Invoice - lines;F5PUNO;Purchase order number
FGINLI;Invoice - lines;F5PNLI;Purchase order line
FGINLI;Invoice - lines;F5PNLS;Purchase order line subnumber
FGINLI;Invoice - lines;F5REPN;Receiving number
FGINLI;Invoice - lines;F5RELP;Receipt type
FGINLI;Invoice - lines;F5INLP;Invoice line type
FGINLI;Invoice - lines;F5INS1;Status - invoice quantity
FGINLI;Invoice - lines;F5INS2;Status - invoice line price
FGINLI;Invoice - lines;F5INS3;Status - invoice charges quantity
FGINLI;Invoice - lines;F5INS4;Status - invoice charges price
FGINLI;Invoice - lines;F5INS5;Status - account entries
FGINLI;Invoice - lines;F5IVQT;Invoiced quantity - basic U/M
FGINLI;Invoice - lines;F5IVQA;Invoiced quantity - alternate U/M
FGINLI;Invoice - lines;F5IVOC;Invoiced price - PO price U/M, currency
FGINLI;Invoice - lines;F5IVNA;Invoiced net amount - currency
FGINLI;Invoice - lines;F5IVDI;Invoiced discount
FGINLI;Invoice - lines;F5PUUN;Purchase order U/M
FGINLI;Invoice - lines;F5PPUN;Purchase price U/M
FGINLI;Invoice - lines;F5PUCD;Purchase price quantity
FGINLI;Invoice - lines;F5IVCW;Invoiced catch weight
FGINLI;Invoice - lines;F5ADDG;Additional cost - currency amount
FGINLI;Invoice - lines;F5IVLC;Invoiced line charges - currency
FGINLI;Invoice - lines;F5SERA;Received exchange rate
FGINLI;Invoice - lines;F5ECLC;Labor code - trade statistics (TST)
FGINLI;Invoice - lines;F5VRCD;Business type - trade statistics (TST)
FGINLI;Invoice - lines;F5VTCD;VAT code
FGINLI;Invoice - lines;F5SERS;Service code
FGINLI;Invoice - lines;F5ACDT;Accounting date
FGINLI;Invoice - lines;F5DNNR;Debit note number
FGINLI;Invoice - lines;F5DNQT;Debit note quantity - basic U/M
FGINLI;Invoice - lines;F5DNQA;Debit note quantity - alternative U/M
FGINLI;Invoice - lines;F5DNPR;Debit note price - PO price U/M, cur
FGINLI;Invoice - lines;F5DNCM;Debit note amount - currency
FGINLI;Invoice - lines;F5DNRQ;Debit note reason - quantity
FGINLI;Invoice - lines;F5DNRP;Debit note reason - price
FGINLI;Invoice - lines;F5IMST;Invoice matching status
FGINLI;Invoice - lines;F5IMDT;Invoice matching date
FGINLI;Invoice - lines;F5RPQT;Reported quantity
FGINLI;Invoice - lines;F5RPQA;Reported quantity
FGINLI;Invoice - lines;F5RCAC;Received cost amount - local currency
FGINLI;Invoice - lines;F5ICAC;Invoiced cost amount - local currency
FGINLI;Invoice - lines;F5TXID;Text identity
FGINLI;Invoice - lines;F5RGDT;Entry date
FGINLI;Invoice - lines;F5RGTM;Entry time
FGINLI;Invoice - lines;F5LMDT;Change date
FGINLI;Invoice - lines;F5CHNO;Change number
FGINLI;Invoice - lines;F5CHID;Changed by
FGINLI;Invoice - lines;F5ATNR;Attribute number
FGINLI;Invoice - lines;F5ATNB;Attribute number lot
FGINLI;Invoice - lines;F5FIAS;Fixed asset
FGINLI;Invoice - lines;F5HDPR;Main product
FGINLI;Invoice - lines;F5OPTX;X-option
FGINLI;Invoice - lines;F5OPTY;Y-option
FGINLI;Invoice - lines;F5OPTZ;Z-option
FGINLI;Invoice - lines;F5DNCW;Debit note quantity - catch weight U/M
FGINLI;Invoice - lines;F5LMTS;Timestamp
FGLEDG;General ledger;EGCDAP;Default approval code
FGLEDG;General ledger;EGRERF;Reconciliation reference
FGLEDG;General ledger;EGRRCB;Reconciliation number
FGLEDG;General ledger;EGUSAP;Default approval user
FGLEDG;General ledger;EGCONO;Company
FGLEDG;General ledger;EGDIVI;Division
FGLEDG;General ledger;EGYEA4;Year
FGLEDG;General ledger;EGJRNO;Journal number
FGLEDG;General ledger;EGJSNO;Journal sequence number
FGLEDG;General ledger;EGTRCD;Transaction code
FGLEDG;General ledger;EGVSER;Voucher number series
FGLEDG;General ledger;EGVONO;Voucher number
FGLEDG;General ledger;EGFEID;FAM function
FGLEDG;General ledger;EGFNCN;FAM function
FGLEDG;General ledger;EGTDSC;Transaction description
FGLEDG;General ledger;EGVDSC;Voucher name
FGLEDG;General ledger;EGEICD;External/internal transaction
FGLEDG;General ledger;EGACDT;Accounting date
FGLEDG;General ledger;EGOCDT;Transaction date
FGLEDG;General ledger;EGREDE;Internal reconciliation date
FGLEDG;General ledger;EGRECO;Internal reconciliation code
FGLEDG;General ledger;EGERDT;External reconciliation date
FGLEDG;General ledger;EGVATD;VAT date
FGLEDG;General ledger;EGTOCD;Check mark
FGLEDG;General ledger;EGAIT1;Accounting dimension 1
FGLEDG;General ledger;EGAIT2;Accounting dimension 2
FGLEDG;General ledger;EGAIT3;Accounting dimension 3
FGLEDG;General ledger;EGAIT4;Accounting dimension 4
FGLEDG;General ledger;EGAIT5;Accounting dimension 5
FGLEDG;General ledger;EGAIT6;Accounting dimension 6
FGLEDG;General ledger;EGAIT7;Accounting dimension 7
FGLEDG;General ledger;EGVTXT;Voucher text
FGLEDG;General ledger;EGACQT;Quantity
FGLEDG;General ledger;EGDCQT;Decimal places for quantities
FGLEDG;General ledger;EGUNIT;Unit of measure
FGLEDG;General ledger;EGACAM;Recorded amount
FGLEDG;General ledger;EGDCAM;Decimal places for amount
FGLEDG;General ledger;EGDBCR;Debit/credit code
FGLEDG;General ledger;EGCUCD;Currency
FGLEDG;General ledger;EGCRTP;Exchange rate type
FGLEDG;General ledger;EGARAT;Exchange rate
FGLEDG;General ledger;EGCUAM;Foreign currency amount
FGLEDG;General ledger;EGTGCD;Transferred to group consolidation
FGLEDG;General ledger;EGTHCC;Third currency
FGLEDG;General ledger;EGTCRT;Third currency rate type
FGLEDG;General ledger;EGTCAR;Third exchange rate
FGLEDG;General ledger;EGTCAM;Third currency amount
FGLEDG;General ledger;EGAT04;VAT account type
FGLEDG;General ledger;EGVTCD;VAT code
FGLEDG;General ledger;EGVTP1;VAT rate 1
FGLEDG;General ledger;EGCVT1;Calculated VAT amount 1
FGLEDG;General ledger;EGVTP2;VAT rate 2
FGLEDG;General ledger;EGCVT2;Calculated VAT amount 2
FGLEDG;General ledger;EGCVT3;Calculated VAT amount 3
FGLEDG;General ledger;EGCVT4;Calculated VAT amount 4
FGLEDG;General ledger;EGBSCD;Base country
FGLEDG;General ledger;EGFTCO;From/to country
FGLEDG;General ledger;EGVATR;VAT reported
FGLEDG;General ledger;EGVRNE;VAT registration no existed
FGLEDG;General ledger;EGSERS;Service code
FGLEDG;General ledger;EGARCD;Filing code
FGLEDG;General ledger;EGGFL1;1 position for miscellaneous use in GL
FGLEDG;General ledger;EGGFL2;1 position for miscellaneous use in GL
FGLEDG;General ledger;EGGFL3;1 position for miscellaneous use in GL
FGLEDG;General ledger;EGGFL4;1 position for miscellaneous use in GL
FGLEDG;General ledger;EGGFL5;1 position for miscellaneous use in GL
FGLEDG;General ledger;EGTXID;Text identity
FGLEDG;General ledger;EGRGDT;Entry date
FGLEDG;General ledger;EGRGTM;Entry time
FGLEDG;General ledger;EGLMDT;Change date
FGLEDG;General ledger;EGCHNO;Change number
FGLEDG;General ledger;EGCHID;Changed by
FGLEDG;General ledger;EGAPCD;Authorized user
FGLEDG;General ledger;EGAPRV;Approved for payment
FGLEDG;General ledger;EGECAR;State
FGLEDG;General ledger;EGVRNO;VAT registration number
FGLEDG;General ledger;EGLMTS;Timestamp
FGLEDG;General ledger;EGVSNO;Voucher sequence number
FGLEDG;General ledger;EGVTPQ;Quebec sales tax rate
FGLEDG;General ledger;EGVTD1;Nondeductible VAT 1
FGLEDG;General ledger;EGCRAU;Cross authorizer
FGLEDG;General ledger;EGCRAY;Approved for payment by cross authorizer
FGLEDG;General ledger;EGMIGI;Internal migration status
FGLEDG;General ledger;EGVOTP;Voucher type
FGRECL;Goods Receipt Lines;F2SUIR;Supplier invoice request
FGRECL;Goods Receipt Lines;F2CONO;Company
FGRECL;Goods Receipt Lines;F2DIVI;Division
FGRECL;Goods Receipt Lines;F2PUNO;Purchase order number
FGRECL;Goods Receipt Lines;F2PNLI;Purchase order line
FGRECL;Goods Receipt Lines;F2PNLS;Purchase order line subnumber
FGRECL;Goods Receipt Lines;F2REPN;Receiving number
FGRECL;Goods Receipt Lines;F2RELP;Receipt type
FGRECL;Goods Receipt Lines;F2FACI;Facility
FGRECL;Goods Receipt Lines;F2WHLO;Warehouse
FGRECL;Goods Receipt Lines;F2SUDO;Delivery note number
FGRECL;Goods Receipt Lines;F2SUNO;Supplier
FGRECL;Goods Receipt Lines;F2SORN;Supplier order number
FGRECL;Goods Receipt Lines;F2TRDT;Transaction date
FGRECL;Goods Receipt Lines;F2ITNO;Item number
FGRECL;Goods Receipt Lines;F2IMST;Invoice matching status
FGRECL;Goods Receipt Lines;F2IMDT;Invoice matching date
FGRECL;Goods Receipt Lines;F2SCOC;Received cost - pur price U/M, currency
FGRECL;Goods Receipt Lines;F2SCOP;Received cost - basic U/M, local curr
FGRECL;Goods Receipt Lines;F2SCDC;Received total discount
FGRECL;Goods Receipt Lines;F2PUCD;Purchase price quantity
FGRECL;Goods Receipt Lines;F2CUCD;Currency
FGRECL;Goods Receipt Lines;F2SERA;Received exchange rate
FGRECL;Goods Receipt Lines;F2CRTP;Exchange rate type
FGRECL;Goods Receipt Lines;F2RPQT;Reported quantity
FGRECL;Goods Receipt Lines;F2RPQA;Reported quantity
FGRECL;Goods Receipt Lines;F2CAWE;Catch weight
FGRECL;Goods Receipt Lines;F2IVQT;Invoiced quantity - basic U/M
FGRECL;Goods Receipt Lines;F2IVQA;Invoiced quantity - alternate U/M
FGRECL;Goods Receipt Lines;F2IVCW;Invoiced catch weight
FGRECL;Goods Receipt Lines;F2RCAC;Received cost amount - local currency
FGRECL;Goods Receipt Lines;F2ICAC;Invoiced cost amount - local currency
FGRECL;Goods Receipt Lines;F2IASR;Internal accounting status - receipt
FGRECL;Goods Receipt Lines;F2IASD;Internal account status - dlt of receipt
FGRECL;Goods Receipt Lines;F2ANBR;Accounting number
FGRECL;Goods Receipt Lines;F2SENO;Sequence number
FGRECL;Goods Receipt Lines;F2HSIN;Allocated to supplier invoice
FGRECL;Goods Receipt Lines;F2SBAN;Self-billing agreement number
FGRECL;Goods Receipt Lines;F2FGTP;Status self-billing
FGRECL;Goods Receipt Lines;F2ORTY;Order type
FGRECL;Goods Receipt Lines;F2PIDT;Invoice date
FGRECL;Goods Receipt Lines;F2BUYE;Buyer
FGRECL;Goods Receipt Lines;F2RGDT;Entry date
FGRECL;Goods Receipt Lines;F2RGTM;Entry time
FGRECL;Goods Receipt Lines;F2LMDT;Change date
FGRECL;Goods Receipt Lines;F2CHNO;Change number
FGRECL;Goods Receipt Lines;F2CHID;Changed by
FGRECL;Goods Receipt Lines;F2FIAS;Fixed asset
FGRECL;Goods Receipt Lines;F2LMTS;Timestamp
FGRECL;Goods Receipt Lines;F2BANO;Lot number
FGRECL;Goods Receipt Lines;F2TRTM;Transaction time
FGRECL;Goods Receipt Lines;F2CLAN;Claim number
FGRECL;Goods Receipt Lines;F2CLLN;Claim order line
FGRECL;Goods Receipt Lines;F2SCOA;Received cost - cost U/M, local currency
FGRECL;Goods Receipt Lines;F2BLSB;Block self-billing for settlement
FGRPCL;Goods receipt - Line charges;F3CONO;Company
FGRPCL;Goods receipt - Line charges;F3DIVI;Division
FGRPCL;Goods receipt - Line charges;F3PUNO;Purchase order number
FGRPCL;Goods receipt - Line charges;F3PNLI;Purchase order line
FGRPCL;Goods receipt - Line charges;F3PNLS;Purchase order line subnumber
FGRPCL;Goods receipt - Line charges;F3REPN;Receiving number
FGRPCL;Goods receipt - Line charges;F3RELP;Receipt type
FGRPCL;Goods receipt - Line charges;F3CDSE;Sequence number - costing element
FGRPCL;Goods receipt - Line charges;F3CDSS;Sequence sub number - costing element
FGRPCL;Goods receipt - Line charges;F3CEID;Costing element
FGRPCL;Goods receipt - Line charges;F3EXTY;Charge type
FGRPCL;Goods receipt - Line charges;F3SCOC;Received cost - pur price U/M, currency
FGRPCL;Goods receipt - Line charges;F3SCOP;Received cost - basic U/M, local curr
FGRPCL;Goods receipt - Line charges;F3IVQT;Invoiced quantity - basic U/M
FGRPCL;Goods receipt - Line charges;F3IVQA;Invoiced quantity - alternate U/M
FGRPCL;Goods receipt - Line charges;F3RCAC;Received cost amount - local currency
FGRPCL;Goods receipt - Line charges;F3ICAC;Invoiced cost amount - local currency
FGRPCL;Goods receipt - Line charges;F3ANBR;Accounting number
FGRPCL;Goods receipt - Line charges;F3SENO;Sequence number
FGRPCL;Goods receipt - Line charges;F3RGDT;Entry date
FGRPCL;Goods receipt - Line charges;F3RGTM;Entry time
FGRPCL;Goods receipt - Line charges;F3LMDT;Change date
FGRPCL;Goods receipt - Line charges;F3CHNO;Change number
FGRPCL;Goods receipt - Line charges;F3CHID;Changed by
FGRPCL;Goods receipt - Line charges;F3LMTS;Timestamp
FGRPCL;Goods receipt - Line charges;F3CUCD;Currency
FGRPCL;Goods receipt - Line charges;F3SERA;Received exchange rate
FGRPCL;Goods receipt - Line charges;F3CRTP;Exchange rate type
FGRPCL;Goods receipt - Line charges;F3NICH;Non-inventory charge
FGRPCL;Goods receipt - Line charges;F3SCOA;Received cost - cost U/M, local currency
FMINHD;Customer invoice - display manual;EXCONO;Company
FMINHD;Customer invoice - display manual;EXDIVI;Division
FMINHD;Customer invoice - display manual;EXTSTM;Timestamp
FMINHD;Customer invoice - display manual;EXJBNO;Job number
FMINHD;Customer invoice - display manual;EXJBDT;Job date
FMINHD;Customer invoice - display manual;EXJBTM;Job time
FMINHD;Customer invoice - display manual;EXCINO;Invoice number
FMINHD;Customer invoice - display manual;EXINYR;Invoice year
FMINHD;Customer invoice - display manual;EXCUNO;Customer
FMINHD;Customer invoice - display manual;EXCUNM;Name
FMINHD;Customer invoice - display manual;EXCUA1;Address line 1
FMINHD;Customer invoice - display manual;EXCUA2;Address line 2
FMINHD;Customer invoice - display manual;EXCUA3;Address line 3
FMINHD;Customer invoice - display manual;EXCUA4;Address line 4
FMINHD;Customer invoice - display manual;EXPYNO;Payer
FMINHD;Customer invoice - display manual;EXPYNM;Name
FMINHD;Customer invoice - display manual;EXPYA1;Address line 1
FMINHD;Customer invoice - display manual;EXPYA2;Address line 2
FMINHD;Customer invoice - display manual;EXPYA3;Address line 3
FMINHD;Customer invoice - display manual;EXPYA4;Address line 4
FMINHD;Customer invoice - display manual;EXYREF;Your reference 1
FMINHD;Customer invoice - display manual;EXOREF;Our reference
FMINHD;Customer invoice - display manual;EXACDT;Accounting date
FMINHD;Customer invoice - display manual;EXIVDT;Invoice date
FMINHD;Customer invoice - display manual;EXTEPY;Payment terms
FMINHD;Customer invoice - display manual;EXPYCD;Payment method - accounts receivable
FMINHD;Customer invoice - display manual;EXDUDT;Due date
FMINHD;Customer invoice - display manual;EXZDCD;Zero days code
FMINHD;Customer invoice - display manual;EXTECD;Cash discount term
FMINHD;Customer invoice - display manual;EXLNCD;Language
FMINHD;Customer invoice - display manual;EXITAM;Foreign currency amount
FMINHD;Customer invoice - display manual;EXVTCD;VAT code
FMINHD;Customer invoice - display manual;EXVTAM;VAT
FMINHD;Customer invoice - display manual;EXROAM;Foreign currency amount
FMINHD;Customer invoice - display manual;EXCUCD;Currency
FMINHD;Customer invoice - display manual;EXCRTP;Exchange rate type
FMINHD;Customer invoice - display manual;EXARAT;Exchange rate
FMINHD;Customer invoice - display manual;EXFECN;Future rate agreement number
FMINHD;Customer invoice - display manual;EXCSCD;Country
FMINHD;Customer invoice - display manual;EXECAR;State
FMINHD;Customer invoice - display manual;EXPYDI;Payment instruction
FMINHD;Customer invoice - display manual;EXSMCD;Salesperson
FMINHD;Customer invoice - display manual;EXSERC;Service code
FMINHD;Customer invoice - display manual;EXBTX1;Text line 1
FMINHD;Customer invoice - display manual;EXBTX2;Text line  2
FMINHD;Customer invoice - display manual;EXBTX3;Text line  3
FMINHD;Customer invoice - display manual;EXATX1;Text line 1
FMINHD;Customer invoice - display manual;EXATX2;Text line  2
FMINHD;Customer invoice - display manual;EXGEOC;Geographical code
FMINHD;Customer invoice - display manual;EXTAXC;Tax code customer/address
FMINHD;Customer invoice - display manual;EXPONO;Postal code
FMINHD;Customer invoice - display manual;EXTOWN;City
FMINHD;Customer invoice - display manual;EXCSC2;Country
FMINHD;Customer invoice - display manual;EXTOW2;City
FMINHD;Customer invoice - display manual;EXPON2;Postal code
FMINHD;Customer invoice - display manual;EXECA2;State
FMINHD;Customer invoice - display manual;EXTXID;Text identity
FMINHD;Customer invoice - display manual;EXRGDT;Entry date
FMINHD;Customer invoice - display manual;EXRGTM;Entry time
FMINHD;Customer invoice - display manual;EXLMDT;Change date
FMINHD;Customer invoice - display manual;EXCHID;Changed by
FMINHD;Customer invoice - display manual;EXCHNO;Change number
FMINHD;Customer invoice - display manual;EXBCIN;Base invoice number
FMINHD;Customer invoice - display manual;EXBINY;Base invoice year
FMINHD;Customer invoice - display manual;EXBIDT;Base invoice date
FMINHD;Customer invoice - display manual;EXIVTP;Information type
FMINHD;Customer invoice - display manual;EXFNCN;FAM function
FMINHD;Customer invoice - display manual;EXADID;Address number
FMINHD;Customer invoice - display manual;EXVRNO;VAT registration number
FMINHD;Customer invoice - display manual;EXVTRD;VAT rate date
FMINHD;Customer invoice - display manual;EXFACI;Facility
FMINHD;Customer invoice - display manual;EXLMTS;Timestamp
FMINHD;Customer invoice - display manual;EXFRCO;County ID
FMINHD;Customer invoice - display manual;EXFRC2;County ID
FMINHD;Customer invoice - display manual;EXINST;Status - invoice
FMINHD;Customer invoice - display manual;EXFEID;FAM function
FMINHD;Customer invoice - display manual;EXCPPL;Copy
FMINHD;Customer invoice - display manual;EXRLAY;Report layout
FMINHD;Customer invoice - display manual;EXFRSC;Finance reason code
FMINHD;Customer invoice - display manual;EXPAIN;Parallel invoice number
FMINHD;Customer invoice - display manual;EXSUNO;Supplier
FMINHD;Customer invoice - display manual;EXSINO;Supplier invoice number
FMINHD;Customer invoice - display manual;EXSIYR;Supplier invoice year
FMINHD;Customer invoice - display manual;EXWHLO;Warehouse
FMINHD;Customer invoice - display manual;EXTEDL;Delivery terms
FMINHD;Customer invoice - display manual;EXBSCD;Base country
FMINHD;Customer invoice - display manual;EXVRIN;VAT registration number internal
FMINTL;Manual invoicing, Text lines;EYTXID;Text identity
FMINTL;Manual invoicing, Text lines;EYCONO;Company
FMINTL;Manual invoicing, Text lines;EYDIVI;Division
FMINTL;Manual invoicing, Text lines;EYTSTM;Timestamp
FMINTL;Manual invoicing, Text lines;EYJBNO;Job number
FMINTL;Manual invoicing, Text lines;EYJBDT;Job date
FMINTL;Manual invoicing, Text lines;EYJBTM;Job time
FMINTL;Manual invoicing, Text lines;EYCUNO;Customer
FMINTL;Manual invoicing, Text lines;EYPYNO;Payer
FMINTL;Manual invoicing, Text lines;EYCINO;Invoice number
FMINTL;Manual invoicing, Text lines;EYINYR;Invoice year
FMINTL;Manual invoicing, Text lines;EYILNO;Line number
FMINTL;Manual invoicing, Text lines;EYLTYP;Line type
FMINTL;Manual invoicing, Text lines;EYLTXT;Line text
FMINTL;Manual invoicing, Text lines;EYDLID;Alpha field 20 positions
FMINTL;Manual invoicing, Text lines;EYACQT;Quantity
FMINTL;Manual invoicing, Text lines;EYUNIT;Unit of measure
FMINTL;Manual invoicing, Text lines;EYPIPR;Unit price
FMINTL;Manual invoicing, Text lines;EYCUAM;Foreign currency amount
FMINTL;Manual invoicing, Text lines;EYDBCR;Debit/credit code
FMINTL;Manual invoicing, Text lines;EYVTCD;VAT code
FMINTL;Manual invoicing, Text lines;EYBCIN;Base invoice number
FMINTL;Manual invoicing, Text lines;EYIVAM;Invoice amount - local currency
FMINTL;Manual invoicing, Text lines;EYPYAM;Payment amount - local currency
FMINTL;Manual invoicing, Text lines;EYOPAM;Open amount
FMINTL;Manual invoicing, Text lines;EYCKNO;Check number
FMINTL;Manual invoicing, Text lines;EYTAXC;Tax code customer/address
FMINTL;Manual invoicing, Text lines;EYRGDT;Entry date
FMINTL;Manual invoicing, Text lines;EYRGTM;Entry time
FMINTL;Manual invoicing, Text lines;EYBINY;Base invoice year
FMINTL;Manual invoicing, Text lines;EYBLIN;Base invoice line
FMINTL;Manual invoicing, Text lines;EYEINV;Corrective invoice exists
FMINTL;Manual invoicing, Text lines;EYPREC;Previous invoice
FMINTL;Manual invoicing, Text lines;EYPREY;Previous invoice year
FMINTL;Manual invoicing, Text lines;EYEIN2;Previous corrective invoice exists
FMINTL;Manual invoicing, Text lines;EYCSNO;Customs statistical number
FMINTL;Manual invoicing, Text lines;EYPRNR;Property number
FMINTL;Manual invoicing, Text lines;EYIVSQ;Sequence number
FMINTL;Manual invoicing, Text lines;EYITDS;Name
FPLEDG;Accounts Payable;EPBKIS;VAT bank account identity
FPLEDG;Accounts Payable;EPCONO;Company
FPLEDG;Accounts Payable;EPDIVI;Division
FPLEDG;Accounts Payable;EPYEA4;Year
FPLEDG;Accounts Payable;EPJRNO;Journal number
FPLEDG;Accounts Payable;EPJSNO;Journal sequence number
FPLEDG;Accounts Payable;EPTRCD;Transaction code
FPLEDG;Accounts Payable;EPSPYN;Payee
FPLEDG;Accounts Payable;EPSUNO;Supplier
FPLEDG;Accounts Payable;EPSINO;Supplier invoice number
FPLEDG;Accounts Payable;EPINYR;Invoice year
FPLEDG;Accounts Payable;EPVSER;Voucher number series
FPLEDG;Accounts Payable;EPVONO;Voucher number
FPLEDG;Accounts Payable;EPIVTP;Information type
FPLEDG;Accounts Payable;EPTDSC;Transaction description
FPLEDG;Accounts Payable;EPAPCD;Authorized user
FPLEDG;Accounts Payable;EPIVBL;Payment stop
FPLEDG;Accounts Payable;EPBLBY;Stopped by
FPLEDG;Accounts Payable;EPBLDT;Stop date
FPLEDG;Accounts Payable;EPAPRV;Approved for payment
FPLEDG;Accounts Payable;EPSUCL;Supplier group
FPLEDG;Accounts Payable;EPBKID;Bank account identity
FPLEDG;Accounts Payable;EPCUCD;Currency
FPLEDG;Accounts Payable;EPCRTP;Exchange rate type
FPLEDG;Accounts Payable;EPARAT;Exchange rate
FPLEDG;Accounts Payable;EPCUAM;Foreign currency amount
FPLEDG;Accounts Payable;EPDCAM;Decimal places for amount
FPLEDG;Accounts Payable;EPVTAM;VAT
FPLEDG;Accounts Payable;EPIVDT;Invoice date
FPLEDG;Accounts Payable;EPDUDT;Due date
FPLEDG;Accounts Payable;EPACDT;Accounting date
FPLEDG;Accounts Payable;EPTECD;Cash discount term
FPLEDG;Accounts Payable;EPPYTP;Payment type
FPLEDG;Accounts Payable;EPPYME;Payment method - accounts payable
FPLEDG;Accounts Payable;EPTEPY;Payment terms
FPLEDG;Accounts Payable;EPRECO;Internal reconciliation code
FPLEDG;Accounts Payable;EPREDE;Internal reconciliation date
FPLEDG;Accounts Payable;EPSLOP;Accounting option - payt rcvd variances
FPLEDG;Accounts Payable;EPPYST;Status - payment
FPLEDG;Accounts Payable;EPPYRS;Remittance status
FPLEDG;Accounts Payable;EPARCD;Filing code
FPLEDG;Accounts Payable;EPENME;Entry method
FPLEDG;Accounts Payable;EPTXID;Text identity
FPLEDG;Accounts Payable;EPTDCD;Trade code
FPLEDG;Accounts Payable;EPRGDT;Entry date
FPLEDG;Accounts Payable;EPRGTM;Entry time
FPLEDG;Accounts Payable;EPLMDT;Change date
FPLEDG;Accounts Payable;EPCHNO;Change number
FPLEDG;Accounts Payable;EPCHID;Changed by
FPLEDG;Accounts Payable;EPDEDA;Delivery date
FPLEDG;Accounts Payable;EPLMTS;Timestamp
FPLEDG;Accounts Payable;EPIVCL;Invoice class
FPLEDG;Accounts Payable;EPTXIN;Tax included
FPLEDG;Accounts Payable;EPGEOC;Geographical code
FPLEDX;Purchase ledger, extra information file;EPCONO;Company
FPLEDX;Purchase ledger, extra information file;EPDIVI;Division
FPLEDX;Purchase ledger, extra information file;EPYEA4;Year
FPLEDX;Purchase ledger, extra information file;EPJRNO;Journal number
FPLEDX;Purchase ledger, extra information file;EPJSNO;Journal sequence number
FPLEDX;Purchase ledger, extra information file;EPPEXN;GL information number
FPLEDX;Purchase ledger, extra information file;EPPEXI;GL additional information
FPLEDX;Purchase ledger, extra information file;EPPEXS;GL information sequence number
FPLEDX;Purchase ledger, extra information file;EPTXID;Text identity
FPLEDX;Purchase ledger, extra information file;EPRGDT;Entry date
FPLEDX;Purchase ledger, extra information file;EPRGTM;Entry time
FPLEDX;Purchase ledger, extra information file;EPLMDT;Change date
FPLEDX;Purchase ledger, extra information file;EPCHNO;Change number
FPLEDX;Purchase ledger, extra information file;EPCHID;Changed by
FPLEDX;Purchase ledger, extra information file;EPLMTS;Timestamp
FPSUGD;Payment proposal - Chg/Dsp;P3BKIS;VAT bank account identity
FPSUGD;Payment proposal - Chg/Dsp;P3VAPL;VAT payment in local currency
FPSUGD;Payment proposal - Chg/Dsp;P3CONO;Company
FPSUGD;Payment proposal - Chg/Dsp;P3DIVI;Division
FPSUGD;Payment proposal - Chg/Dsp;P3PRPN;Payment proposal
FPSUGD;Payment proposal - Chg/Dsp;P3PYON;Payment order
FPSUGD;Payment proposal - Chg/Dsp;P3SPYN;Payee
FPSUGD;Payment proposal - Chg/Dsp;P3SUNO;Supplier
FPSUGD;Payment proposal - Chg/Dsp;P3SCNO;Supplier's customer number
FPSUGD;Payment proposal - Chg/Dsp;P3ODIV;Original division
FPSUGD;Payment proposal - Chg/Dsp;P3SINO;Supplier invoice number
FPSUGD;Payment proposal - Chg/Dsp;P3INYR;Invoice year
FPSUGD;Payment proposal - Chg/Dsp;P3PDNB;Payment document number
FPSUGD;Payment proposal - Chg/Dsp;P3BKID;Bank account identity
FPSUGD;Payment proposal - Chg/Dsp;P3BLCD;Customer stop
FPSUGD;Payment proposal - Chg/Dsp;P3IVDT;Invoice date
FPSUGD;Payment proposal - Chg/Dsp;P3DUDT;Due date
FPSUGD;Payment proposal - Chg/Dsp;P3RVDT;Follow-up date
FPSUGD;Payment proposal - Chg/Dsp;P3ADCR;Additional credit days
FPSUGD;Payment proposal - Chg/Dsp;P3BDAD;Adjustment days payment day
FPSUGD;Payment proposal - Chg/Dsp;P3PYDT;Payment date
FPSUGD;Payment proposal - Chg/Dsp;P3IVCU;Invoice amount - foreign currency
FPSUGD;Payment proposal - Chg/Dsp;P3IVAM;Invoice amount - local currency
FPSUGD;Payment proposal - Chg/Dsp;P3CUCD;Currency
FPSUGD;Payment proposal - Chg/Dsp;P3ARAT;Exchange rate
FPSUGD;Payment proposal - Chg/Dsp;P3ORAT;Recorded exchange rate
FPSUGD;Payment proposal - Chg/Dsp;P3PRCU;Reference field amount
FPSUGD;Payment proposal - Chg/Dsp;P3PRAM;Reference field amount
FPSUGD;Payment proposal - Chg/Dsp;P3RECU;Amount due - foreign currency
FPSUGD;Payment proposal - Chg/Dsp;P3REAM;Amount due - local currency
FPSUGD;Payment proposal - Chg/Dsp;P3CDDT;Cash discount date
FPSUGD;Payment proposal - Chg/Dsp;P3CDPC;Cash discount percentage
FPSUGD;Payment proposal - Chg/Dsp;P3CDCU;Cash discount - foreign currency
FPSUGD;Payment proposal - Chg/Dsp;P3CDAM;Cash discount - local currency
FPSUGD;Payment proposal - Chg/Dsp;P3TECD;Cash discount term
FPSUGD;Payment proposal - Chg/Dsp;P3PYTP;Payment type
FPSUGD;Payment proposal - Chg/Dsp;P3PYCU;Payment amount - foreign currency
FPSUGD;Payment proposal - Chg/Dsp;P3PYAM;Payment amount - local currency
FPSUGD;Payment proposal - Chg/Dsp;P3FECN;Future rate agreement number
FPSUGD;Payment proposal - Chg/Dsp;P3AIT1;Accounting dimension 1
FPSUGD;Payment proposal - Chg/Dsp;P3AIT2;Accounting dimension 2
FPSUGD;Payment proposal - Chg/Dsp;P3AIT3;Accounting dimension 3
FPSUGD;Payment proposal - Chg/Dsp;P3AIT4;Accounting dimension 4
FPSUGD;Payment proposal - Chg/Dsp;P3AIT5;Accounting dimension 5
FPSUGD;Payment proposal - Chg/Dsp;P3AIT6;Accounting dimension 6
FPSUGD;Payment proposal - Chg/Dsp;P3AIT7;Accounting dimension 7
FPSUGD;Payment proposal - Chg/Dsp;P3VTXT;Voucher text
FPSUGD;Payment proposal - Chg/Dsp;P3APCD;Authorized user
FPSUGD;Payment proposal - Chg/Dsp;P3SUCL;Supplier group
FPSUGD;Payment proposal - Chg/Dsp;P3STCF;Status
FPSUGD;Payment proposal - Chg/Dsp;P3QUYE;Quota validity year
FPSUGD;Payment proposal - Chg/Dsp;P3QUMO;Quota validity month
FPSUGD;Payment proposal - Chg/Dsp;P3QUPR;Quota priority
FPSUGD;Payment proposal - Chg/Dsp;P3QUPM;Quota validity payment method
FPSUGD;Payment proposal - Chg/Dsp;P3QUCC;Quota validity currency code
FPSUGD;Payment proposal - Chg/Dsp;P3TX51;Name
FPSUGD;Payment proposal - Chg/Dsp;P3TX52;Name
FPSUGD;Payment proposal - Chg/Dsp;P3TX53;Name
FPSUGD;Payment proposal - Chg/Dsp;P3TX54;Name
FPSUGD;Payment proposal - Chg/Dsp;P3TX55;Name
FPSUGD;Payment proposal - Chg/Dsp;P3TYPP;Type of payment
FPSUGD;Payment proposal - Chg/Dsp;P3SPTY;Recurring payment type
FPSUGD;Payment proposal - Chg/Dsp;P3TDCD;Trade code
FPSUGD;Payment proposal - Chg/Dsp;P3IRE1;Invoice reference field 1
FPSUGD;Payment proposal - Chg/Dsp;P3IRE2;Invoice reference field 2
FPSUGD;Payment proposal - Chg/Dsp;P3IRE3;Invoice reference field 3
FPSUGD;Payment proposal - Chg/Dsp;P3AV03;Product name
FPSUGD;Payment proposal - Chg/Dsp;P3AV04;Product list
FPSUGD;Payment proposal - Chg/Dsp;P3AV05;Country code - description
FPSUGD;Payment proposal - Chg/Dsp;P3AV06;Country code - trade statistics (TST)
FPSUGD;Payment proposal - Chg/Dsp;P3AV15;Country code - description
FPSUGD;Payment proposal - Chg/Dsp;P3AV16;Country code - trade statistics (TST)
FPSUGD;Payment proposal - Chg/Dsp;P3AW07;Country code - description
FPSUGD;Payment proposal - Chg/Dsp;P3AW08;Country code - trade statistics (TST)
FPSUGD;Payment proposal - Chg/Dsp;P3AV08;Transit
FPSUGD;Payment proposal - Chg/Dsp;P3AV09;Interrupt transit
FPSUGD;Payment proposal - Chg/Dsp;P3AV10;Unsold transit goods domestic warehouse
FPSUGD;Payment proposal - Chg/Dsp;P3AV11;Unsold transit goods - foreign warehouse
FPSUGD;Payment proposal - Chg/Dsp;P3AV13;Due date sale
FPSUGD;Payment proposal - Chg/Dsp;P3AV17;Sales price for transit trade
FPSUGD;Payment proposal - Chg/Dsp;P3AW03;Return type
FPSUGD;Payment proposal - Chg/Dsp;P3AW04;Code service ID
FPSUGD;Payment proposal - Chg/Dsp;P3AW10;Detailed description 1-3
FPSUGD;Payment proposal - Chg/Dsp;P3WACA;Withheld tax - foreign currency
FPSUGD;Payment proposal - Chg/Dsp;P3WAAM;Withheld tax - local currency
FPSUGD;Payment proposal - Chg/Dsp;P3RGDT;Entry date
FPSUGD;Payment proposal - Chg/Dsp;P3RGTM;Entry time
FPSUGD;Payment proposal - Chg/Dsp;P3LMDT;Change date
FPSUGD;Payment proposal - Chg/Dsp;P3CHNO;Change number
FPSUGD;Payment proposal - Chg/Dsp;P3CHID;Changed by
FPSUGD;Payment proposal - Chg/Dsp;P3LMTS;Timestamp
FPSUGD;Payment proposal - Chg/Dsp;P3PPYR;Reference number
FPSUGD;Payment proposal - Chg/Dsp;P3PPYN;Payment request number
FPSUGD;Payment proposal - Chg/Dsp;P3PAIN;Parallel invoice number
FPSUGD;Payment proposal - Chg/Dsp;P3VTAM;VAT
FPSUGD;Payment proposal - Chg/Dsp;P3VTAN;Net amount reported
FPSUGD;Payment proposal - Chg/Dsp;P3RNRU;Reference number rule
FREMD1;Reminders - suggestions;DBAIT2;Page break
FREMD1;Reminders - suggestions;DBCDRC;Page break
FREMD1;Reminders - suggestions;DBCSCD;Page break
FREMD1;Reminders - suggestions;DBCUCL;Page break
FREMD1;Reminders - suggestions;DBPONO;Page break
FREMD1;Reminders - suggestions;DBSDST;Page break
FREMD1;Reminders - suggestions;DBSMCD;Page break
FREMD1;Reminders - suggestions;DOAIT2;Sorting order
FREMD1;Reminders - suggestions;DOCDRC;Sorting order
FREMD1;Reminders - suggestions;DOCSCD;Sorting order
FREMD1;Reminders - suggestions;DOCUCL;Sorting order
FREMD1;Reminders - suggestions;DOPONO;Sorting order
FREMD1;Reminders - suggestions;DOSDST;Sorting order
FREMD1;Reminders - suggestions;DOSMCD;Sorting order
FREMD1;Reminders - suggestions;DSAIT2;Print totals
FREMD1;Reminders - suggestions;DSCDRC;Print totals
FREMD1;Reminders - suggestions;DSCSCD;Print totals
FREMD1;Reminders - suggestions;DSCUCL;Print totals
FREMD1;Reminders - suggestions;DSPONO;Print totals
FREMD1;Reminders - suggestions;DSSDST;Print totals
FREMD1;Reminders - suggestions;DSSMCD;Print totals
FREMD1;Reminders - suggestions;D1CONO;Company
FREMD1;Reminders - suggestions;D1DIVI;Division
FREMD1;Reminders - suggestions;D1JBNO;Job number
FREMD1;Reminders - suggestions;D1JBDT;Job date
FREMD1;Reminders - suggestions;D1JBTM;Job time
FREMD1;Reminders - suggestions;D1RMDS;Name
FREMD1;Reminders - suggestions;D1CBID;Created by
FREMD1;Reminders - suggestions;D1RMST;Status - payment reminder
FREMD1;Reminders - suggestions;D1IINI;Number of invoices
FREMD1;Reminders - suggestions;D1TODT;Accounting date
FREMD1;Reminders - suggestions;D1LITX;Report text
FREMD1;Reminders - suggestions;D1PYCD;Payment method - accounts receivable
FREMD1;Reminders - suggestions;D1BDIV;Page break
FREMD1;Reminders - suggestions;D1BRMQ;Page break
FREMD1;Reminders - suggestions;D1IVDT;Invoice date
FREMD1;Reminders - suggestions;D1GRME;Grouping method
FREMD1;Reminders - suggestions;D1ORNS;Print order number on reminder
FREMD1;Reminders - suggestions;D1SIVD;Sort on invoice date
FREMD1;Reminders - suggestions;D1PTXP;Print external/internal text
FREMD1;Reminders - suggestions;D1LPDR;Last payment date
FREMD1;Reminders - suggestions;D1PRCR;Latest prescribed date for payment
FREMD1;Reminders - suggestions;D1RGDT;Entry date
FREMD1;Reminders - suggestions;D1RGTM;Entry time
FREMD1;Reminders - suggestions;D1LMDT;Change date
FREMD1;Reminders - suggestions;D1CHNO;Change number
FREMD1;Reminders - suggestions;D1CHID;Changed by
FREMD2;Reminders - suggestions (customer);D2CONO;Company
FREMD2;Reminders - suggestions (customer);D2DIVI;Division
FREMD2;Reminders - suggestions (customer);D2JBNO;Job number
FREMD2;Reminders - suggestions (customer);D2JBDT;Job date
FREMD2;Reminders - suggestions (customer);D2JBTM;Job time
FREMD2;Reminders - suggestions (customer);D2PYNO;Payer
FREMD2;Reminders - suggestions (customer);D2RMQT;Number of payment reminders
FREMD2;Reminders - suggestions (customer);D2IDIV;Division
FREMD2;Reminders - suggestions (customer);D2CUNO;Customer
FREMD2;Reminders - suggestions (customer);D2TXT1;Text line  1
FREMD2;Reminders - suggestions (customer);D2TXT2;Text line  2
FREMD2;Reminders - suggestions (customer);D2TXT3;Text line  3
FREMD2;Reminders - suggestions (customer);D2TXT4;Text line  4
FREMD2;Reminders - suggestions (customer);D2TXT5;Text line  5
FREMD2;Reminders - suggestions (customer);D2TXT6;Text line  6
FREMD2;Reminders - suggestions (customer);D2TXT7;Text line  7
FREMD2;Reminders - suggestions (customer);D2TXT8;Text line  8
FREMD2;Reminders - suggestions (customer);D2TXT9;Text line  9
FREMD2;Reminders - suggestions (customer);D2ETX1;Text line  1
FREMD2;Reminders - suggestions (customer);D2ETX2;Text line  2
FREMD2;Reminders - suggestions (customer);D2TXP1;Text line  1
FREMD2;Reminders - suggestions (customer);D2TXP2;Text line  2
FREMD2;Reminders - suggestions (customer);D2TXP3;Text line  3
FREMD2;Reminders - suggestions (customer);D2TXP4;Text line  4
FREMD2;Reminders - suggestions (customer);D2TXP5;Text line  5
FREMD2;Reminders - suggestions (customer);D2TXP6;Text line  6
FREMD2;Reminders - suggestions (customer);D2TXP7;Text line  7
FREMD2;Reminders - suggestions (customer);D2TXP8;Text line  8
FREMD2;Reminders - suggestions (customer);D2TXP9;Text line  9
FREMD2;Reminders - suggestions (customer);D2EPT1;Text line  1
FREMD2;Reminders - suggestions (customer);D2EPT2;Text line  2
FREMD2;Reminders - suggestions (customer);D2RMBL;Payment reminder stop
FREMD2;Reminders - suggestions (customer);D2CAPI;Calculate interest
FREMD2;Reminders - suggestions (customer);D2PRPI;Print interest on reminder from level
FREMD2;Reminders - suggestions (customer);D2RDTX;Reminder date text
FREMD2;Reminders - suggestions (customer);D2RMHE;Payment reminder heading
FREMD2;Reminders - suggestions (customer);D2RMNO;Payment reminder number
FREMD2;Reminders - suggestions (customer);D2CINO;Invoice number
FREMD2;Reminders - suggestions (customer);D2PAIN;Parallel invoice number
FREMD3;Reminders - suggestions (invoices);D3CONO;Company
FREMD3;Reminders - suggestions (invoices);D3DIVI;Division
FREMD3;Reminders - suggestions (invoices);D3TSTM;Timestamp
FREMD3;Reminders - suggestions (invoices);D3JBNO;Job number
FREMD3;Reminders - suggestions (invoices);D3JBDT;Job date
FREMD3;Reminders - suggestions (invoices);D3JBTM;Job time
FREMD3;Reminders - suggestions (invoices);D3PYNO;Payer
FREMD3;Reminders - suggestions (invoices);D3IDIV;Division
FREMD3;Reminders - suggestions (invoices);D3CUNO;Customer
FREMD3;Reminders - suggestions (invoices);D3CINO;Invoice number
FREMD3;Reminders - suggestions (invoices);D3INYR;Invoice year
FREMD3;Reminders - suggestions (invoices);D3YEA4;Year
FREMD3;Reminders - suggestions (invoices);D3JRNO;Journal number
FREMD3;Reminders - suggestions (invoices);D3JSNO;Journal sequence number
FREMD3;Reminders - suggestions (invoices);D3CUAM;Foreign currency amount
FREMD3;Reminders - suggestions (invoices);D3ACAM;Recorded amount
FREMD3;Reminders - suggestions (invoices);D3RECA;Amount due - foreign currency
FREMD3;Reminders - suggestions (invoices);D3RELC;Outstanding
FREMD3;Reminders - suggestions (invoices);D3CUCD;Currency
FREMD3;Reminders - suggestions (invoices);D3IVDT;Invoice date
FREMD3;Reminders - suggestions (invoices);D3DUDT;Due date
FREMD3;Reminders - suggestions (invoices);D3RVDT;Follow-up date
FREMD3;Reminders - suggestions (invoices);D3RMQT;Number of payment reminders
FREMD3;Reminders - suggestions (invoices);D3CLCD;Collection
FREMD3;Reminders - suggestions (invoices);D3INCA;Foreign currency amount
FREMD3;Reminders - suggestions (invoices);D3INLC;Recorded amount
FREMD3;Reminders - suggestions (invoices);D3NCD2;Number of calendar days
FREMD3;Reminders - suggestions (invoices);D3RMBL;Payment reminder stop
FREMD3;Reminders - suggestions (invoices);D3COME;Comment
FREMD3;Reminders - suggestions (invoices);D3LTX1;Line text 1
FREMD3;Reminders - suggestions (invoices);D3LTX2;Line text 2
FREMD3;Reminders - suggestions (invoices);D3LTX3;Line text 3
FREMD3;Reminders - suggestions (invoices);D3AIT2;Accounting dimension 2
FREMD3;Reminders - suggestions (invoices);D3SMCD;Salesperson
FREMD3;Reminders - suggestions (invoices);D3CUCL;Customer group
FREMD3;Reminders - suggestions (invoices);D3SDST;District
FREMD3;Reminders - suggestions (invoices);D3PONO;Postal code
FREMD3;Reminders - suggestions (invoices);D3CSCD;Country
FREMD3;Reminders - suggestions (invoices);D3CDRC;Credit department reference
FSCASH;Cash discount terms sales ledger;ESCONO;Company
FSCASH;Cash discount terms sales ledger;ESDIVI;Division
FSCASH;Cash discount terms sales ledger;ESTSTM;Timestamp
FSCASH;Cash discount terms sales ledger;ESYEA4;Year
FSCASH;Cash discount terms sales ledger;ESJRNO;Journal number
FSCASH;Cash discount terms sales ledger;ESJSNO;Journal sequence number
FSCASH;Cash discount terms sales ledger;ESVSER;Voucher number series
FSCASH;Cash discount terms sales ledger;ESVONO;Voucher number
FSCASH;Cash discount terms sales ledger;ESCINO;Invoice number
FSCASH;Cash discount terms sales ledger;ESTECD;Cash discount term
FSCASH;Cash discount terms sales ledger;ESCDAM;Cash discount - local currency
FSCASH;Cash discount terms sales ledger;ESCDP1;Cash discount percentage
FSCASH;Cash discount terms sales ledger;ESCDT1;Cash discount date 1
FSCASH;Cash discount terms sales ledger;ESCDP2;Cash discount percentage
FSCASH;Cash discount terms sales ledger;ESCDT2;Cash discount date 2
FSCASH;Cash discount terms sales ledger;ESCDP3;Cash discount percentage
FSCASH;Cash discount terms sales ledger;ESCDT3;Cash discount date 3
FSCASH;Cash discount terms sales ledger;ESJBNO;Job number
FSCASH;Cash discount terms sales ledger;ESJBDT;Job date
FSCASH;Cash discount terms sales ledger;ESJBTM;Job time
FSCASH;Cash discount terms sales ledger;ESBCHN;Batch number
FSCASH;Cash discount terms sales ledger;ESTRNO;Transaction number
FSCASH;Cash discount terms sales ledger;ESSPLT;Split code
FSLBAL;Accounts Receivable;BSCONO;Company
FSLBAL;Accounts Receivable;BSDIVI;Division
FSLBAL;Accounts Receivable;BSPYNO;Payer
FSLBAL;Accounts Receivable;BSCUNO;Customer
FSLBAL;Accounts Receivable;BSCUCD;Currency
FSLBAL;Accounts Receivable;BSACYP;Accounting period
FSLBAL;Accounts Receivable;BSINAM;Invoice amount
FSLBAL;Accounts Receivable;BSINAC;Reference field amount
FSLBAL;Accounts Receivable;BSPYAM;Payment amount - local currency
FSLBAL;Accounts Receivable;BSPYAC;Reference field amount
FSLBAL;Accounts Receivable;BSTUOV;Sales
FSLBAL;Accounts Receivable;BSTUOC;Reference field amount
FSLBAL;Accounts Receivable;BSOUAM;Outstanding amount
FSLBAL;Accounts Receivable;BSOUAC;Reference field amount
FSLBAL;Accounts Receivable;BSTDIN;Not used
FSLBAL;Accounts Receivable;BSTDIC;Reference field amount
FSLBAL;Accounts Receivable;BSOOAM;Open order amount
FSLBAL;Accounts Receivable;BSOOAC;Reference field amount
FSLBAL;Accounts Receivable;BSDSAM;DSO value
FSLBAL;Accounts Receivable;BSDSOC;DSO code
FSLBAL;Accounts Receivable;BSBLOA;Amount stopped
FSLBAL;Accounts Receivable;BSBLOC;Reference field amount
FSLBAL;Accounts Receivable;BSADEA;Accumulated depreciation amount
FSLBAL;Accounts Receivable;BSACTO;Action
FSLBAL;Accounts Receivable;BSUNPM;Unpaid amount
FSLBAL;Accounts Receivable;BSUNPN;Number of refused payment documents
FSLBAL;Accounts Receivable;BSO15L;Reference field amount
FSLBAL;Accounts Receivable;BSO15C;Reference field amount
FSLBAL;Accounts Receivable;BSO16L;Reference field amount
FSLBAL;Accounts Receivable;BSO16C;Reference field amount
FSLBAL;Accounts Receivable;BSO18L;Reference field amount
FSLBAL;Accounts Receivable;BSO18C;Reference field amount
FSLBAL;Accounts Receivable;BSO19L;Reference field amount
FSLBAL;Accounts Receivable;BSO19C;Reference field amount
FSLBAL;Accounts Receivable;BSO20L;Reference field amount
FSLBAL;Accounts Receivable;BSO20C;Reference field amount
FSLBAL;Accounts Receivable;BSACAD;Recorded amount
FSLBAL;Accounts Receivable;BSACAC;Recorded amount
FSLBAL;Accounts Receivable;BSCUAD;Foreign currency amount
FSLBAL;Accounts Receivable;BSCUAC;Foreign currency amount
FSLBAL;Accounts Receivable;BSPDNR;Payment document received not remitted
FSLBAL;Accounts Receivable;BSPDRC;Payment document - received not remitted
FSLBAL;Accounts Receivable;BSPDDR;Payment document - remitted
FSLBAL;Accounts Receivable;BSPDDC;Payment document - remitted
FSLBAL;Accounts Receivable;BSPDNC;Payment document - risk not canceled
FSLBAL;Accounts Receivable;BSPDRN;Payment document - risk not canceled
FSLBAL;Accounts Receivable;BSRGDT;Entry date
FSLBAL;Accounts Receivable;BSRGTM;Entry time
FSLBAL;Accounts Receivable;BSLMDT;Change date
FSLBAL;Accounts Receivable;BSCHNO;Change number
FSLBAL;Accounts Receivable;BSCHID;Changed by
FSLBAL;Accounts Receivable;BSLMTS;Timestamp
FSLBAL;Accounts Receivable;BSOWOR;Outstanding without risk
FSLBAL;Accounts Receivable;BSTCOW;Reference field amount
FSLEDG;Accounts Receivable;ESCONO;Company
FSLEDG;Accounts Receivable;ESDIVI;Division
FSLEDG;Accounts Receivable;ESYEA4;Year
FSLEDG;Accounts Receivable;ESJRNO;Journal number
FSLEDG;Accounts Receivable;ESJSNO;Journal sequence number
FSLEDG;Accounts Receivable;ESTRCD;Transaction code
FSLEDG;Accounts Receivable;ESPYNO;Payer
FSLEDG;Accounts Receivable;ESCUNO;Customer
FSLEDG;Accounts Receivable;ESCINO;Invoice number
FSLEDG;Accounts Receivable;ESINYR;Invoice year
FSLEDG;Accounts Receivable;ESVSER;Voucher number series
FSLEDG;Accounts Receivable;ESVONO;Voucher number
FSLEDG;Accounts Receivable;ESIVTP;Information type
FSLEDG;Accounts Receivable;ESTDSC;Transaction description
FSLEDG;Accounts Receivable;ESSMCD;Salesperson
FSLEDG;Accounts Receivable;ESCUCL;Customer group
FSLEDG;Accounts Receivable;ESCUCD;Currency
FSLEDG;Accounts Receivable;ESCRTP;Exchange rate type
FSLEDG;Accounts Receivable;ESARAT;Exchange rate
FSLEDG;Accounts Receivable;ESCUAM;Foreign currency amount
FSLEDG;Accounts Receivable;ESDCAM;Decimal places for amount
FSLEDG;Accounts Receivable;ESVTAM;VAT
FSLEDG;Accounts Receivable;ESIVDT;Invoice date
FSLEDG;Accounts Receivable;ESRVDT;Follow-up date
FSLEDG;Accounts Receivable;ESDUDT;Due date
FSLEDG;Accounts Receivable;ESACDT;Accounting date
FSLEDG;Accounts Receivable;ESBKID;Bank account identity
FSLEDG;Accounts Receivable;ESTECD;Cash discount term
FSLEDG;Accounts Receivable;ESPYTP;Payment type
FSLEDG;Accounts Receivable;ESPYCD;Payment method - accounts receivable
FSLEDG;Accounts Receivable;ESTEPY;Payment terms
FSLEDG;Accounts Receivable;ESRECO;Internal reconciliation code
FSLEDG;Accounts Receivable;ESREDE;Internal reconciliation date
FSLEDG;Accounts Receivable;ESSLOP;Accounting option - payt rcvd variances
FSLEDG;Accounts Receivable;ESCRST;Receipt status
FSLEDG;Accounts Receivable;ESPYRS;Remittance status
FSLEDG;Accounts Receivable;ESACBL;Advice code
FSLEDG;Accounts Receivable;ESRMST;Status - payment reminder
FSLEDG;Accounts Receivable;ESLRDT;Date of last payment reminder
FSLEDG;Accounts Receivable;ESRMBL;Payment reminder stop
FSLEDG;Accounts Receivable;ESBLBY;Stopped by
FSLEDG;Accounts Receivable;ESBLDT;Stop date
FSLEDG;Accounts Receivable;ESRMQT;Number of payment reminders
FSLEDG;Accounts Receivable;ESIIST;Interest invoice block
FSLEDG;Accounts Receivable;ESIICD;Interest invoice stop
FSLEDG;Accounts Receivable;ESDTP5;Payment date
FSLEDG;Accounts Receivable;ESIIAM;Cumulative interest amount
FSLEDG;Accounts Receivable;ESCLST;Debt collection status
FSLEDG;Accounts Receivable;ESCLCD;Collection
FSLEDG;Accounts Receivable;ESARCD;Filing code
FSLEDG;Accounts Receivable;ESSAGS;Status - group invoice
FSLEDG;Accounts Receivable;ESGRPD;Grouping of invoices date
FSLEDG;Accounts Receivable;ESTXID;Text identity
FSLEDG;Accounts Receivable;ESDFPT;Draft printed
FSLEDG;Accounts Receivable;ESDFPD;Draft printed date
FSLEDG;Accounts Receivable;ESRGDT;Entry date
FSLEDG;Accounts Receivable;ESRGTM;Entry time
FSLEDG;Accounts Receivable;ESLMDT;Change date
FSLEDG;Accounts Receivable;ESCHNO;Change number
FSLEDG;Accounts Receivable;ESCHID;Changed by
FSLEDG;Accounts Receivable;ESLMTS;Timestamp
FSLEDG;Accounts Receivable;ESRESP;Responsible
FSLEDG;Accounts Receivable;ESADAT;Action date
FSLEDG;Accounts Receivable;ESDNRE;Debit note reason
FSLEDG;Accounts Receivable;ESAPRV;Approved for payment
FSLEDG;Accounts Receivable;ESIVCL;Invoice class
FSLEDG;Accounts Receivable;ESDEDA;Delivery date
FSLEDG;Accounts Receivable;ESMIGI;Internal migration status
FSLEDX;Accounts Receivable;ESCONO;Company
FSLEDX;Accounts Receivable;ESDIVI;Division
FSLEDX;Accounts Receivable;ESYEA4;Year
FSLEDX;Accounts Receivable;ESJRNO;Journal number
FSLEDX;Accounts Receivable;ESJSNO;Journal sequence number
FSLEDX;Accounts Receivable;ESSEXN;GL information number
FSLEDX;Accounts Receivable;ESSEXI;GL additional information
FSLEDX;Accounts Receivable;ESSEXS;GL information sequence number
FSLEDX;Accounts Receivable;ESTXID;Text identity
FSLEDX;Accounts Receivable;ESRGDT;Entry date
FSLEDX;Accounts Receivable;ESRGTM;Entry time
FSLEDX;Accounts Receivable;ESLMDT;Change date
FSLEDX;Accounts Receivable;ESCHNO;Change number
FSLEDX;Accounts Receivable;ESCHID;Changed by
FSLEDX;Accounts Receivable;ESLMTS;Timestamp
FSLEDX;Accounts Receivable;ESMIGI;Internal migration status
FTXEXT;VAT exemption text and VAT lookup table;STCONO;Company
FTXEXT;VAT exemption text and VAT lookup table;STDIVI;Division
FTXEXT;VAT exemption text and VAT lookup table;STTYPE;Transaction type
FTXEXT;VAT exemption text and VAT lookup table;STPRIO;Priority
FTXEXT;VAT exemption text and VAT lookup table;STOBV1;Start value 1
FTXEXT;VAT exemption text and VAT lookup table;STOBV2;Start value 2
FTXEXT;VAT exemption text and VAT lookup table;STOBV3;Start value 3
FTXEXT;VAT exemption text and VAT lookup table;STOBV4;Start value 4
FTXEXT;VAT exemption text and VAT lookup table;STFRDT;From date
FTXEXT;VAT exemption text and VAT lookup table;STTODT;To date
FTXEXT;VAT exemption text and VAT lookup table;STTXID;Text identity
FTXEXT;VAT exemption text and VAT lookup table;STRVTC;VAT code
FTXEXT;VAT exemption text and VAT lookup table;STRGDT;Entry date
FTXEXT;VAT exemption text and VAT lookup table;STRGTM;Entry time
FTXEXT;VAT exemption text and VAT lookup table;STLMDT;Change date
FTXEXT;VAT exemption text and VAT lookup table;STCHNO;Change number
FTXEXT;VAT exemption text and VAT lookup table;STCHID;Changed by
FTXEXT;VAT exemption text and VAT lookup table;STMXAA;Maximum amount
FTXEXT;VAT exemption text and VAT lookup table;STCUCD;Currency
FTXEXT;VAT exemption text and VAT lookup table;STTECN;Tax exemption contract number
FTXEXT;VAT exemption text and VAT lookup table;STAGRD;Agreement date
FTXEXT;VAT exemption text and VAT lookup table;STCRTP;Exchange rate type
FTXEXT;VAT exemption text and VAT lookup table;STCRON;Chronological number
FTXEXT;VAT exemption text and VAT lookup table;STRENY;Replace VAT code Yes/No
FTXEXT;VAT exemption text and VAT lookup table;STCLEL;Closed exemption agreement
FTXEXT;VAT exemption text and VAT lookup table;STTX40;Description
FTXEXT;VAT exemption text and VAT lookup table;STEXCT;Tax exemption contract number
MACHED;MO statistics;AHCONO;Company
MACHED;MO statistics;AHFACI;Facility
MACHED;MO statistics;AHPRNO;Product
MACHED;MO statistics;AHMFNO;Manufacturing order number
MACHED;MO statistics;AHWHLO;Warehouse
MACHED;MO statistics;AHSTRT;Product structure type
MACHED;MO statistics;AHORTY;Order type
MACHED;MO statistics;AHRESP;Responsible
MACHED;MO statistics;AHDWNO;Drawing number
MACHED;MO statistics;AHITCL;Product group
MACHED;MO statistics;AHITGR;Item group
MACHED;MO statistics;AHECVE;Revision number
MACHED;MO statistics;AHRORN;Reference order number
MACHED;MO statistics;AHRORL;Reference order line
MACHED;MO statistics;AHRORC;Reference order category
MACHED;MO statistics;AHFSTD;Original start date
MACHED;MO statistics;AHSTDT;Start date
MACHED;MO statistics;AHRSDT;Actual start date
MACHED;MO statistics;AHFFID;Original finish date
MACHED;MO statistics;AHFIDT;Finish date
MACHED;MO statistics;AHREFD;Actual finish date
MACHED;MO statistics;AHLEAB;Planned lead time
MACHED;MO statistics;AHLEAC;Actual lead time
MACHED;MO statistics;AHOROQ;Original ordered quantity
MACHED;MO statistics;AHORQT;Ordered quantity - basic U/M
MACHED;MO statistics;AHMAQT;Manufactured quantity
MACHED;MO statistics;AHSCQ1;Planned scrap quantity
MACHED;MO statistics;AHSCQ2;Actual scrap quantity
MACHED;MO statistics;AHSCPC;Scrap percentage
MACHED;MO statistics;AHSET1;Planned machine setup time
MACHED;MO statistics;AHUSET;Used machine setup time
MACHED;MO statistics;AHSET2;Planned labor setup time
MACHED;MO statistics;AHUMAS;Used labor setup time
MACHED;MO statistics;AHRUN1;Planned machine run time
MACHED;MO statistics;AHUPIT;Used machine run time
MACHED;MO statistics;AHRUN2;Planned labor run time
MACHED;MO statistics;AHUMAT;Used labor run time
MACHED;MO statistics;AHSCOM;Structure complexity
MACHED;MO statistics;AHCFI2;User-defined field 2 - item
MACHED;MO statistics;AHLEAL;Lead time this level
MACHED;MO statistics;AHUNMU;Order multiple
MACHED;MO statistics;AHPCV1;Planned cost total 1
MACHED;MO statistics;AHPCV2;Planned cost total 2
MACHED;MO statistics;AHPCV3;Planned cost total 3
MACHED;MO statistics;AHPCV4;Planned cost total 4
MACHED;MO statistics;AHPCV5;Planned cost total 5
MACHED;MO statistics;AHPCV6;Planned cost total 6
MACHED;MO statistics;AHACV1;Actual cost total 1
MACHED;MO statistics;AHACV2;Actual cost total 2
MACHED;MO statistics;AHACV3;Actual cost total 3
MACHED;MO statistics;AHACV4;Actual cost total 4
MACHED;MO statistics;AHACV5;Actual cost total 5
MACHED;MO statistics;AHACV6;Actual cost total 6
MACHED;MO statistics;AHNURP;Number of times replanned
MACHED;MO statistics;AHPINS;Aggregated statistics created
MACHED;MO statistics;AHRGDT;Entry date
MACHED;MO statistics;AHRGTM;Entry time
MACHED;MO statistics;AHLMDT;Change date
MACHED;MO statistics;AHCHNO;Change number
MACHED;MO statistics;AHCHID;Changed by
MACHED;MO statistics;AHRORX;Line suffix
MACHED;MO statistics;AHLMTS;Timestamp
MACWCT;Work center statistics;AWCONO;Company
MACWCT;Work center statistics;AWFACI;Facility
MACWCT;Work center statistics;AWPLGR;Work center
MACWCT;Work center statistics;AWCYP6;Period
MACWCT;Work center statistics;AWDEPT;Department
MACWCT;Work center statistics;AWREAR;Planning area
MACWCT;Work center statistics;AWCAPP;Capacity per period and work center
MACWCT;Work center statistics;AWSET1;Planned machine setup time
MACWCT;Work center statistics;AWUSET;Used machine setup time
MACWCT;Work center statistics;AWSET2;Planned labor setup time
MACWCT;Work center statistics;AWUMAS;Used labor setup time
MACWCT;Work center statistics;AWNOSE;Number of setup time transactions
MACWCT;Work center statistics;AWRUN1;Planned machine run time
MACWCT;Work center statistics;AWUPIT;Used machine run time
MACWCT;Work center statistics;AWRUN2;Planned labor run time
MACWCT;Work center statistics;AWUMAT;Used labor run time
MACWCT;Work center statistics;AWNORU;Number of run time transactions
MACWCT;Work center statistics;AWNOMO;Number of finished MOs
MACWCT;Work center statistics;AWDIH1;Disturbance time
MACWCT;Work center statistics;AWDIR1;Number of disturbances
MACWCT;Work center statistics;AWSTHR;Stop time reported
MACWCT;Work center statistics;AWNOSR;Number of stop reports
MACWCT;Work center statistics;AWMHUS;Maintenance time used
MACWCT;Work center statistics;AWMAR1;Number of maintenance reports
MACWCT;Work center statistics;AWOROQ;Original ordered quantity
MACWCT;Work center statistics;AWORQT;Ordered quantity - basic U/M
MACWCT;Work center statistics;AWMAQT;Manufactured quantity
MACWCT;Work center statistics;AWSCQ1;Planned scrap quantity
MACWCT;Work center statistics;AWSCQ2;Actual scrap quantity
MACWCT;Work center statistics;AWORQ1;Average ordered quantity
MACWCT;Work center statistics;AWOUHR;Average output per running hour
MACWCT;Work center statistics;AWUTPC;Utilization percentage
MACWCT;Work center statistics;AWSET7;Setup time percent
MACWCT;Work center statistics;AWRUN5;Production time percentage
MACWCT;Work center statistics;AWSTPP;Stop time percent
MACWCT;Work center statistics;AWDIH3;Disturbance time percent
MACWCT;Work center statistics;AWSCPC;Scrap percentage
MACWCT;Work center statistics;AWNOSC;Number of scrap transactions
MACWCT;Work center statistics;AWEFFI;Efficiency
MACWCT;Work center statistics;AWSET8;Total planned external setup time
MACWCT;Work center statistics;AWRGDT;Entry date
MACWCT;Work center statistics;AWRGTM;Entry time
MACWCT;Work center statistics;AWLMDT;Change date
MACWCT;Work center statistics;AWCHNO;Change number
MACWCT;Work center statistics;AWCHID;Changed by
MACWCT;Work center statistics;AWLMTS;Timestamp
MCBOMS;Saved costing fields material;KUCONO;Company
MCBOMS;Saved costing fields material;KUFACI;Facility
MCBOMS;Saved costing fields material;KUITNO;Item number
MCBOMS;Saved costing fields material;KUSTRT;Product structure type
MCBOMS;Saved costing fields material;KUVASE;Configuration identity
MCBOMS;Saved costing fields material;KUCROC;Costing category
MCBOMS;Saved costing fields material;KURORN;Reference order number
MCBOMS;Saved costing fields material;KURORL;Reference order line
MCBOMS;Saved costing fields material;KUECVS;Simulation round
MCBOMS;Saved costing fields material;KUPCTP;Costing type
MCBOMS;Saved costing fields material;KUPCDT;Costing date
MCBOMS;Saved costing fields material;KUMSEQ;Sequence number
MCBOMS;Saved costing fields material;KURORX;Line suffix
MCBOMS;Saved costing fields material;KUOPNO;Operation number
MCBOMS;Saved costing fields material;KUMTNO;Component number
MCBOMS;Saved costing fields material;KUCNQT;Quantity
MCBOMS;Saved costing fields material;KUFXCD;Quantity relation
MCBOMS;Saved costing fields material;KUDCCD;Number of decimal places
MCBOMS;Saved costing fields material;KUOVTP;Phantom item
MCBOMS;Saved costing fields material;KUBYPR;By/co-product code
MCBOMS;Saved costing fields material;KUPEUN;Product engineering U/M
MCBOMS;Saved costing fields material;KUASPC;Cumulative scrap percentage
MCBOMS;Saved costing fields material;KUASWQ;Cumulative setup scrap
MCBOMS;Saved costing fields material;KUWAPC;Normal waste percentage
MCBOMS;Saved costing fields material;KUVAPC;Option percentage
MCBOMS;Saved costing fields material;KUSTSQ;Structure sequence number
MCBOMS;Saved costing fields material;KUWHLO;Warehouse
MCBOMS;Saved costing fields material;KUSIQT;Standard issued quantity
MCBOMS;Saved costing fields material;KURGDT;Entry date
MCBOMS;Saved costing fields material;KURGTM;Entry time
MCBOMS;Saved costing fields material;KULMDT;Change date
MCBOMS;Saved costing fields material;KUCHNO;Change number
MCBOMS;Saved costing fields material;KUCHID;Changed by
MCBOMS;Saved costing fields material;KULMTS;Timestamp
MCBOMS;Saved costing fields material;KUCSQT;Cost quantity
MCCOMA;Costing component aggregated;KPCONO;Company
MCCOMA;Costing component aggregated;KPFACI;Facility
MCCOMA;Costing component aggregated;KPITNO;Item number
MCCOMA;Costing component aggregated;KPSTRT;Product structure type
MCCOMA;Costing component aggregated;KPVASE;Configuration identity
MCCOMA;Costing component aggregated;KPCROC;Costing category
MCCOMA;Costing component aggregated;KPRORN;Reference order number
MCCOMA;Costing component aggregated;KPRORL;Reference order line
MCCOMA;Costing component aggregated;KPECVS;Simulation round
MCCOMA;Costing component aggregated;KPSMFN;Simulated manufacturing order number
MCCOMA;Costing component aggregated;KPPCTP;Costing type
MCCOMA;Costing component aggregated;KPPCDT;Costing date
MCCOMA;Costing component aggregated;KPRORX;Line suffix
MCCOMA;Costing component aggregated;KPCA01;Value component A01
MCCOMA;Costing component aggregated;KPCA02;Value component A02
MCCOMA;Costing component aggregated;KPCA03;Value component A03
MCCOMA;Costing component aggregated;KPCA04;Value component A04
MCCOMA;Costing component aggregated;KPCA05;Value component A05
MCCOMA;Costing component aggregated;KPCB01;Value component B01
MCCOMA;Costing component aggregated;KPCB02;Value component B02
MCCOMA;Costing component aggregated;KPCB03;Value component B03
MCCOMA;Costing component aggregated;KPCB04;Value component B04
MCCOMA;Costing component aggregated;KPCB05;Value component B05
MCCOMA;Costing component aggregated;KPCB06;Value component B06
MCCOMA;Costing component aggregated;KPCB07;Value component B07
MCCOMA;Costing component aggregated;KPCB08;Value component B08
MCCOMA;Costing component aggregated;KPCB09;Value component B09
MCCOMA;Costing component aggregated;KPCB10;Value component B10
MCCOMA;Costing component aggregated;KPCB11;Value component B11
MCCOMA;Costing component aggregated;KPCB12;Value component B12
MCCOMA;Costing component aggregated;KPCB13;Value component B13
MCCOMA;Costing component aggregated;KPCB14;Value component B14
MCCOMA;Costing component aggregated;KPCC01;Value component C01
MCCOMA;Costing component aggregated;KPCC02;Value component C02
MCCOMA;Costing component aggregated;KPCD01;Value component D01
MCCOMA;Costing component aggregated;KPCD02;Value component D02
MCCOMA;Costing component aggregated;KPCE01;Value component E01
MCCOMA;Costing component aggregated;KPCE02;Value component E02
MCCOMA;Costing component aggregated;KPCE03;Value component E03
MCCOMA;Costing component aggregated;KPCE04;Value component E04
MCCOMA;Costing component aggregated;KPCE05;Value component E05
MCCOMA;Costing component aggregated;KPCE06;Value component E06
MCCOMA;Costing component aggregated;KPCE07;Value component E07
MCCOMA;Costing component aggregated;KPCE08;Value component E08
MCCOMA;Costing component aggregated;KPCE09;Value component E09
MCCOMA;Costing component aggregated;KPCE10;Value component E10
MCCOMA;Costing component aggregated;KPSSU1;Scrap total 1
MCCOMA;Costing component aggregated;KPSSU2;Scrap total 2
MCCOMA;Costing component aggregated;KPSSU3;Scrap total 3
MCCOMA;Costing component aggregated;KPTMAH;Total labor hours
MCCOMA;Costing component aggregated;KPTSET;Total setup time
MCCOMA;Costing component aggregated;KPTMCH;Total machine hours total
MCCOMA;Costing component aggregated;KPTACL;Cost this level
MCCOMA;Costing component aggregated;KPEOQT;Order quantity
MCCOMA;Costing component aggregated;KPTXID;Text identity
MCCOMA;Costing component aggregated;KPRGDT;Entry date
MCCOMA;Costing component aggregated;KPRGTM;Entry time
MCCOMA;Costing component aggregated;KPLMDT;Change date
MCCOMA;Costing component aggregated;KPCHNO;Change number
MCCOMA;Costing component aggregated;KPCHID;Changed by
MCCOMA;Costing component aggregated;KPLMTS;Timestamp
MCCOML;Costing component this level;KQCONO;Company
MCCOML;Costing component this level;KQFACI;Facility
MCCOML;Costing component this level;KQITNO;Item number
MCCOML;Costing component this level;KQSTRT;Product structure type
MCCOML;Costing component this level;KQVASE;Configuration identity
MCCOML;Costing component this level;KQCROC;Costing category
MCCOML;Costing component this level;KQRORN;Reference order number
MCCOML;Costing component this level;KQRORL;Reference order line
MCCOML;Costing component this level;KQECVS;Simulation round
MCCOML;Costing component this level;KQSMFN;Simulated manufacturing order number
MCCOML;Costing component this level;KQPCTP;Costing type
MCCOML;Costing component this level;KQPCDT;Costing date
MCCOML;Costing component this level;KQRORX;Line suffix
MCCOML;Costing component this level;KQCA01;Value component A01
MCCOML;Costing component this level;KQCA02;Value component A02
MCCOML;Costing component this level;KQCA03;Value component A03
MCCOML;Costing component this level;KQCA04;Value component A04
MCCOML;Costing component this level;KQCA05;Value component A05
MCCOML;Costing component this level;KQCB01;Value component B01
MCCOML;Costing component this level;KQCB02;Value component B02
MCCOML;Costing component this level;KQCB03;Value component B03
MCCOML;Costing component this level;KQCB04;Value component B04
MCCOML;Costing component this level;KQCB05;Value component B05
MCCOML;Costing component this level;KQCB06;Value component B06
MCCOML;Costing component this level;KQCB07;Value component B07
MCCOML;Costing component this level;KQCB08;Value component B08
MCCOML;Costing component this level;KQCB09;Value component B09
MCCOML;Costing component this level;KQCB10;Value component B10
MCCOML;Costing component this level;KQCB11;Value component B11
MCCOML;Costing component this level;KQCB12;Value component B12
MCCOML;Costing component this level;KQCB13;Value component B13
MCCOML;Costing component this level;KQCB14;Value component B14
MCCOML;Costing component this level;KQCC01;Value component C01
MCCOML;Costing component this level;KQCC02;Value component C02
MCCOML;Costing component this level;KQCD01;Value component D01
MCCOML;Costing component this level;KQCD02;Value component D02
MCCOML;Costing component this level;KQCE01;Value component E01
MCCOML;Costing component this level;KQCE02;Value component E02
MCCOML;Costing component this level;KQCE03;Value component E03
MCCOML;Costing component this level;KQCE04;Value component E04
MCCOML;Costing component this level;KQCE05;Value component E05
MCCOML;Costing component this level;KQCE06;Value component E06
MCCOML;Costing component this level;KQCE07;Value component E07
MCCOML;Costing component this level;KQCE08;Value component E08
MCCOML;Costing component this level;KQCE09;Value component E09
MCCOML;Costing component this level;KQCE10;Value component E10
MCCOML;Costing component this level;KQSSU1;Scrap total 1
MCCOML;Costing component this level;KQSSU2;Scrap total 2
MCCOML;Costing component this level;KQSSU3;Scrap total 3
MCCOML;Costing component this level;KQTXID;Text identity
MCCOML;Costing component this level;KQRGDT;Entry date
MCCOML;Costing component this level;KQRGTM;Entry time
MCCOML;Costing component this level;KQLMDT;Change date
MCCOML;Costing component this level;KQCHNO;Change number
MCCOML;Costing component this level;KQCHID;Changed by
MCCOML;Costing component this level;KQLMTS;Timestamp
MCCOMP;Costing components;KCCONO;Company
MCCOMP;Costing components;KCCCOM;Costing component
MCCOMP;Costing components;KCTX40;Description
MCCOMP;Costing components;KCTX15;Name
MCCOMP;Costing components;KCCODR;Cost driver
MCCOMP;Costing components;KCPC01;Cost distribution key 1
MCCOMP;Costing components;KCPC02;Cost distribution key 2
MCCOMP;Costing components;KCPC03;Cost distribution key 3
MCCOMP;Costing components;KCPDCC;Number of price decimal places
MCCOMP;Costing components;KCSCRF;Scrap reference
MCCOMP;Costing components;KCACRF;User-defined accounting control object
MCCOMP;Costing components;KCBUCO;Budget connection
MCCOMP;Costing components;KCOUNI;Ordering cost
MCCOMP;Costing components;KCMCCO;MRP/CRP connection
MCCOMP;Costing components;KCPEBA;Overhead base
MCCOMP;Costing components;KCPEAO;Overhead rule
MCCOMP;Costing components;KCWARN;Warnings
MCCOMP;Costing components;KCNECO;Negative component
MCCOMP;Costing components;KCRDRI;Resource driver
MCCOMP;Costing components;KCFIVA;Fixed/variable value
MCCOMP;Costing components;KCTXID;Text identity
MCCOMP;Costing components;KCRGDT;Entry date
MCCOMP;Costing components;KCRGTM;Entry time
MCCOMP;Costing components;KCLMDT;Change date
MCCOMP;Costing components;KCCHNO;Change number
MCCOMP;Costing components;KCCHID;Changed by
MCCOMP;Costing components;KCLMTS;Timestamp
MCCOPU;Purchase costing file;KRCONO;Company
MCCOPU;Purchase costing file;KRFACI;Facility
MCCOPU;Purchase costing file;KRITNO;Item number
MCCOPU;Purchase costing file;KRPRCS;Service process
MCCOPU;Purchase costing file;KRSUFI;Service
MCCOPU;Purchase costing file;KRPCTP;Costing type
MCCOPU;Purchase costing file;KRPCDT;Costing date
MCCOPU;Purchase costing file;KRNEPR;Net price
MCCOPU;Purchase costing file;KRMATC;Material cost
MCCOPU;Purchase costing file;KRCMRE;Costing component reference
MCCOPU;Purchase costing file;KRCA04;Value component A04
MCCOPU;Purchase costing file;KRCA05;Value component A05
MCCOPU;Purchase costing file;KRCD02;Value component D02
MCCOPU;Purchase costing file;KREOQT;Order quantity
MCCOPU;Purchase costing file;KRCUCD;Currency
MCCOPU;Purchase costing file;KRRGDT;Entry date
MCCOPU;Purchase costing file;KRRGTM;Entry time
MCCOPU;Purchase costing file;KRLMDT;Change date
MCCOPU;Purchase costing file;KRCHNO;Change number
MCCOPU;Purchase costing file;KRCHID;Changed by
MCCOPU;Purchase costing file;KRLMTS;Timestamp
MCCOPU;Purchase costing file;KRWSCA;Costing model
MCCOPU;Purchase costing file;KRSUNO;Supplier
MCCOPU;Purchase costing file;KRPUMO;Priority order for costing base
MCCWAR;Calculation warnings;KYCONO;Company
MCCWAR;Calculation warnings;KYFACI;Facility
MCCWAR;Calculation warnings;KYCOSR;Warning responsible
MCCWAR;Calculation warnings;KYITNO;Item number
MCCWAR;Calculation warnings;KYSTRT;Product structure type
MCCWAR;Calculation warnings;KYVASE;Configuration identity
MCCWAR;Calculation warnings;KYCROC;Costing category
MCCWAR;Calculation warnings;KYRORN;Reference order number
MCCWAR;Calculation warnings;KYRORL;Reference order line
MCCWAR;Calculation warnings;KYECVS;Simulation round
MCCWAR;Calculation warnings;KYPCTP;Costing type
MCCWAR;Calculation warnings;KYPCDT;Costing date
MCCWAR;Calculation warnings;KYWATY;Warning type
MCCWAR;Calculation warnings;KYCCOM;Costing component
MCCWAR;Calculation warnings;KYSTSQ;Structure sequence number
MCCWAR;Calculation warnings;KYSMFN;Simulated manufacturing order number
MCCWAR;Calculation warnings;KYRORX;Line suffix
MCCWAR;Calculation warnings;KYOPNO;Operation number
MCCWAR;Calculation warnings;KYMSEQ;Sequence number
MCCWAR;Calculation warnings;KYCARE;Costing responsible
MCCWAR;Calculation warnings;KYWAST;Status - costing warning
MCCWAR;Calculation warnings;KYCFIN;Configuration number
MCCWAR;Calculation warnings;KYTXID;Text identity
MCCWAR;Calculation warnings;KYRGDT;Entry date
MCCWAR;Calculation warnings;KYRGTM;Entry time
MCCWAR;Calculation warnings;KYLMDT;Change date
MCCWAR;Calculation warnings;KYCHNO;Change number
MCCWAR;Calculation warnings;KYCHID;Changed by
MCCWAR;Calculation warnings;KYLMTS;Timestamp
MCHEAD;Product costing - head;KOCONO;Company
MCHEAD;Product costing - head;KOFACI;Facility
MCHEAD;Product costing - head;KOITNO;Item number
MCHEAD;Product costing - head;KOSTRT;Product structure type
MCHEAD;Product costing - head;KOVASE;Configuration identity
MCHEAD;Product costing - head;KOCROC;Costing category
MCHEAD;Product costing - head;KORORN;Reference order number
MCHEAD;Product costing - head;KORORL;Reference order line
MCHEAD;Product costing - head;KOECVS;Simulation round
MCHEAD;Product costing - head;KOSMFN;Simulated manufacturing order number
MCHEAD;Product costing - head;KOPCTP;Costing type
MCHEAD;Product costing - head;KOPCDT;Costing date
MCHEAD;Product costing - head;KORORX;Line suffix
MCHEAD;Product costing - head;KOCSU1;Costing sum 1
MCHEAD;Product costing - head;KOCSU2;Costing sum 2
MCHEAD;Product costing - head;KOCSU3;Costing sum 3
MCHEAD;Product costing - head;KOCSU4;Costing sum 4
MCHEAD;Product costing - head;KOCSU5;Costing sum 5
MCHEAD;Product costing - head;KOCSU6;Costing sum 6
MCHEAD;Product costing - head;KOCSU7;Costing sum 7
MCHEAD;Product costing - head;KOCSU8;Costing sum 8
MCHEAD;Product costing - head;KOCSU9;Costing sum 9
MCHEAD;Product costing - head;KOASU1;Costing sum 1
MCHEAD;Product costing - head;KOASU2;Costing sum 2
MCHEAD;Product costing - head;KOASU3;Costing sum 3
MCHEAD;Product costing - head;KOASU4;Costing sum 4
MCHEAD;Product costing - head;KOASU5;Costing sum 5
MCHEAD;Product costing - head;KOASU6;Costing sum 6
MCHEAD;Product costing - head;KOASU7;Costing sum 7
MCHEAD;Product costing - head;KOASU8;Costing sum 8
MCHEAD;Product costing - head;KOASU9;Costing sum 9
MCHEAD;Product costing - head;KOSSU1;Scrap total 1
MCHEAD;Product costing - head;KOSSU2;Scrap total 2
MCHEAD;Product costing - head;KOSSU3;Scrap total 3
MCHEAD;Product costing - head;KOCOSN;Costing name
MCHEAD;Product costing - head;KOEOQT;Order quantity
MCHEAD;Product costing - head;KOPRCM;Costing model - product costing
MCHEAD;Product costing - head;KOSTRD;Structure date
MCHEAD;Product costing - head;KOMAUM;Manually updated mark
MCHEAD;Product costing - head;KOMAUP;Manually updated
MCHEAD;Product costing - head;KOBRAS;Data saved
MCHEAD;Product costing - head;KONUMA;Number of components
MCHEAD;Product costing - head;KONUOP;Number of operations
MCHEAD;Product costing - head;KONUSC;Number of subcontract operations
MCHEAD;Product costing - head;KOAVST;Average on-hand balance
MCHEAD;Product costing - head;KOYEQT;Annual demand
MCHEAD;Product costing - head;KOLEAL;Lead time this level
MCHEAD;Product costing - head;KOSCOM;Structure complexity
MCHEAD;Product costing - head;KOCFI2;User-defined field 2 - item
MCHEAD;Product costing - head;KOCOSH;Costing percentage
MCHEAD;Product costing - head;KOTXID;Text identity
MCHEAD;Product costing - head;KORGDT;Entry date
MCHEAD;Product costing - head;KORGTM;Entry time
MCHEAD;Product costing - head;KOLMDT;Change date
MCHEAD;Product costing - head;KOCHNO;Change number
MCHEAD;Product costing - head;KOCHID;Changed by
MCHEAD;Product costing - head;KOLMTS;Timestamp
MCHEAD;Product costing - head;KOUUID;Universally unique identifier
MCHEAD;Product costing - head;KOMIGI;Internal migration status
MCHEAS;Saved costing fields head;KTCONO;Company
MCHEAS;Saved costing fields head;KTFACI;Facility
MCHEAS;Saved costing fields head;KTITNO;Item number
MCHEAS;Saved costing fields head;KTSTRT;Product structure type
MCHEAS;Saved costing fields head;KTVASE;Configuration identity
MCHEAS;Saved costing fields head;KTCROC;Costing category
MCHEAS;Saved costing fields head;KTRORN;Reference order number
MCHEAS;Saved costing fields head;KTRORL;Reference order line
MCHEAS;Saved costing fields head;KTECVS;Simulation round
MCHEAS;Saved costing fields head;KTPCTP;Costing type
MCHEAS;Saved costing fields head;KTPCDT;Costing date
MCHEAS;Saved costing fields head;KTRORX;Line suffix
MCHEAS;Saved costing fields head;KTEOQT;Order quantity
MCHEAS;Saved costing fields head;KTBAQT;Yield quantity
MCHEAS;Saved costing fields head;KTAVST;Average on-hand balance
MCHEAS;Saved costing fields head;KTYEQT;Annual demand
MCHEAS;Saved costing fields head;KTLEAL;Lead time this level
MCHEAS;Saved costing fields head;KTCFI2;User-defined field 2 - item
MCHEAS;Saved costing fields head;KTSCOM;Structure complexity
MCHEAS;Saved costing fields head;KTCOSH;Costing percentage
MCHEAS;Saved costing fields head;KTRGDT;Entry date
MCHEAS;Saved costing fields head;KTRGTM;Entry time
MCHEAS;Saved costing fields head;KTLMDT;Change date
MCHEAS;Saved costing fields head;KTCHNO;Change number
MCHEAS;Saved costing fields head;KTCHID;Changed by
MCHEAS;Saved costing fields head;KTLMTS;Timestamp
MCPSPE;Pegged load requirement;VKCONO;Company
MCPSPE;Pegged load requirement;VKFACI;Facility
MCPSPE;Pegged load requirement;VKPLGR;Work center
MCPSPE;Pegged load requirement;VKCYW7;Year/week/day
MCPSPE;Pegged load requirement;VKORCA;Order category
MCPSPE;Pegged load requirement;VKRIDN;Order number
MCPSPE;Pegged load requirement;VKRIDL;Order line
MCPSPE;Pegged load requirement;VKRIDX;Line suffix
MCPSPE;Pegged load requirement;VKRORC;Reference order category
MCPSPE;Pegged load requirement;VKRORN;Reference order number
MCPSPE;Pegged load requirement;VKRORL;Reference order line
MCPSPE;Pegged load requirement;VKMELO;Man time load
MCPSPE;Pegged load requirement;VKMCLO;Machine time load
MCPSPE;Pegged load requirement;VKLCAT;Load category
MCPSPE;Pegged load requirement;VKLCFL;Load continuance flag
MCPSPE;Pegged load requirement;VKPRNO;Product
MCPSPE;Pegged load requirement;VKTRQT;Transaction quantity - basic U/M
MCPSPE;Pegged load requirement;VKSTAT;Status
MCPSPE;Pegged load requirement;VKSTSQ;Structure sequence number
MCPSPE;Pegged load requirement;VKORQT;Ordered quantity - basic U/M
MCPSPE;Pegged load requirement;VKMOHD;Hold MO
MCPSPE;Pegged load requirement;VKMOHL;Display hold MO
MCPSPE;Pegged load requirement;VKLMTS;Timestamp
MCPSPE;Pegged load requirement;VKRORX;Line suffix
MCROUS;Saved costing fields operations;KVCONO;Company
MCROUS;Saved costing fields operations;KVFACI;Facility
MCROUS;Saved costing fields operations;KVITNO;Item number
MCROUS;Saved costing fields operations;KVSTRT;Product structure type
MCROUS;Saved costing fields operations;KVVASE;Configuration identity
MCROUS;Saved costing fields operations;KVCROC;Costing category
MCROUS;Saved costing fields operations;KVRORN;Reference order number
MCROUS;Saved costing fields operations;KVRORL;Reference order line
MCROUS;Saved costing fields operations;KVECVS;Simulation round
MCROUS;Saved costing fields operations;KVPCTP;Costing type
MCROUS;Saved costing fields operations;KVPCDT;Costing date
MCROUS;Saved costing fields operations;KVOPNO;Operation number
MCROUS;Saved costing fields operations;KVRORX;Line suffix
MCROUS;Saved costing fields operations;KVFDAT;From date
MCROUS;Saved costing fields operations;KVMSEQ;Sequence number
MCROUS;Saved costing fields operations;KVPLGR;Work center
MCROUS;Saved costing fields operations;KVOPDS;Operation description
MCROUS;Saved costing fields operations;KVFXTI;Fixed time
MCROUS;Saved costing fields operations;KVSETI;Setup time
MCROUS;Saved costing fields operations;KVOSET;External setup time
MCROUS;Saved costing fields operations;KVPITI;Run time
MCROUS;Saved costing fields operations;KVCTCD;Price and time quantity
MCROUS;Saved costing fields operations;KVPIPR;Unit price
MCROUS;Saved costing fields operations;KVSEPR;Setup price
MCROUS;Saved costing fields operations;KVSENP;Planned number of workers - setup
MCROUS;Saved costing fields operations;KVPRNP;Planned number of workers - run time
MCROUS;Saved costing fields operations;KVPRNM;Planned number of machines
MCROUS;Saved costing fields operations;KVTOOL;Tool number
MCROUS;Saved costing fields operations;KVSUNO;Supplier
MCROUS;Saved costing fields operations;KVMFPR;Multiplication factor - manufacturing
MCROUS;Saved costing fields operations;KVOPCM;Operation cost multiplier
MCROUS;Saved costing fields operations;KVOPV3;Operation volume
MCROUS;Saved costing fields operations;KVINWE;Initial weight
MCROUS;Saved costing fields operations;KVWCRF;Time reference
MCROUS;Saved costing fields operations;KVSCPC;Scrap percentage
MCROUS;Saved costing fields operations;KVASPC;Cumulative scrap percentage
MCROUS;Saved costing fields operations;KVASWQ;Cumulative setup scrap
MCROUS;Saved costing fields operations;KVVAPC;Option percentage
MCROUS;Saved costing fields operations;KVSTSQ;Structure sequence number
MCROUS;Saved costing fields operations;KVSPIT;Standard machine run time used
MCROUS;Saved costing fields operations;KVSMAT;Standard labor run time used
MCROUS;Saved costing fields operations;KVRGDT;Entry date
MCROUS;Saved costing fields operations;KVRGTM;Entry time
MCROUS;Saved costing fields operations;KVLMDT;Change date
MCROUS;Saved costing fields operations;KVCHNO;Change number
MCROUS;Saved costing fields operations;KVCHID;Changed by
MCROUS;Saved costing fields operations;KVLMTS;Timestamp
MDOPLP;Distribution planning prop;DOCONO;Company
MDOPLP;Distribution planning prop;DOPLPN;Planned order
MDOPLP;Distribution planning prop;DOPLPS;Subnumber - planned order
MDOPLP;Distribution planning prop;DOFACI;Facility
MDOPLP;Distribution planning prop;DOTWHL;To warehouse
MDOPLP;Distribution planning prop;DOITNO;Item number
MDOPLP;Distribution planning prop;DOFWHL;From warehouse
MDOPLP;Distribution planning prop;DOGETY;Generation reference
MDOPLP;Distribution planning prop;DOACTP;Action message (AM)
MDOPLP;Distribution planning prop;DONUAU;Number of automatic updates
MDOPLP;Distribution planning prop;DORELD;Release date
MDOPLP;Distribution planning prop;DODLDT;Planned delivery date
MDOPLP;Distribution planning prop;DOTIHM;Time hours & minutes
MDOPLP;Distribution planning prop;DOPPQT;Planned quantity
MDOPLP;Distribution planning prop;DOUNMS;Basic unit of measure
MDOPLP;Distribution planning prop;DORESP;Responsible
MDOPLP;Distribution planning prop;DOPSTS;Status - planned MO
MDOPLP;Distribution planning prop;DOMODL;Delivery method
MDOPLP;Distribution planning prop;DOTEDL;Delivery terms
MDOPLP;Distribution planning prop;DOPRIP;Priority
MDOPLP;Distribution planning prop;DOFWNO;Forwarding agent
MDOPLP;Distribution planning prop;DOTRDY;Transportation time
MDOPLP;Distribution planning prop;DOTRTE;Transportation hours
MDOPLP;Distribution planning prop;DOTRDT;Transaction date
MDOPLP;Distribution planning prop;DOTRTM;Transaction time
MDOPLP;Distribution planning prop;DOTRSL;Lowest status - stock transaction
MDOPLP;Distribution planning prop;DOORTY;Order type
MDOPLP;Distribution planning prop;DOPTXT;Note
MDOPLP;Distribution planning prop;DORORC;Reference order category
MDOPLP;Distribution planning prop;DORORN;Reference order number
MDOPLP;Distribution planning prop;DORORL;Reference order line
MDOPLP;Distribution planning prop;DOCFIN;Configuration number
MDOPLP;Distribution planning prop;DOHDPR;Main product
MDOPLP;Distribution planning prop;DOECVS;Simulation round
MDOPLP;Distribution planning prop;DOATNR;Attribute number
MDOPLP;Distribution planning prop;DOORQA;Ordered quantity - alternate U/M
MDOPLP;Distribution planning prop;DOSUBN;Sub-network mark
MDOPLP;Distribution planning prop;DOSUBD;Subnetwork due date
MDOPLP;Distribution planning prop;DOCNNR;Detailed order requirement (DOR) number
MDOPLP;Distribution planning prop;DOPRAP;SWB processed
MDOPLP;Distribution planning prop;DOALQT;Allocated quantity - basic U/M
MDOPLP;Distribution planning prop;DOTXID;Text identity
MDOPLP;Distribution planning prop;DORGDT;Entry date
MDOPLP;Distribution planning prop;DORGTM;Entry time
MDOPLP;Distribution planning prop;DOLMDT;Change date
MDOPLP;Distribution planning prop;DOCHNO;Change number
MDOPLP;Distribution planning prop;DOCHID;Changed by
MDOPLP;Distribution planning prop;DORORX;Line suffix
MDOPLP;Distribution planning prop;DOLMTS;Timestamp
MDOPLP;Distribution planning prop;DOUPCK;Unpack
MDOPLP;Distribution planning prop;DOADRR;Address file
MDOPLP;Distribution planning prop;DOADRT;Address type
MDOPLP;Distribution planning prop;DOADID;Address number
MDOPLP;Distribution planning prop;DOPROJ;Project number
MDOPLP;Distribution planning prop;DOELNO;Project element
MFTRNS;Package details;OSCONO;Company
MFTRNS;Package details;OSDLIX;Delivery number
MFTRNS;Package details;OSPANR;Package number
MFTRNS;Package details;OSWHLO;Warehouse
MFTRNS;Package details;OSRORC;Reference order category
MFTRNS;Package details;OSRIDN;Order number
MFTRNS;Package details;OSRIDL;Order line
MFTRNS;Package details;OSBANO;Lot number
MFTRNS;Package details;OSCAMU;Container
MFTRNS;Package details;OSRIDX;Line suffix
MFTRNS;Package details;OSINOU;Direction
MFTRNS;Package details;OSITNO;Item number
MFTRNS;Package details;OSDLQT;Delivered quantity - basic U/M
MFTRNS;Package details;OSRCQT;Received quantity
MFTRNS;Package details;OSOEND;Flagged as completed
MFTRNS;Package details;OSVOL3;Volume
MFTRNS;Package details;OSNEWE;Net weight
MFTRNS;Package details;OSGRWE;Gross weight
MFTRNS;Package details;OSD1QT;Standard quantity
MFTRNS;Package details;OSDLSP;Delivery specification
MFTRNS;Package details;OSCUOR;Customer's order number
MFTRNS;Package details;OSDTID;Data identity
MFTRNS;Package details;OSTXID;Text identity
MFTRNS;Package details;OSFCU1;Capacity - free capacity unit
MFTRNS;Package details;OSDLQA;Delivered quantity - alternate U/M
MFTRNS;Package details;OSRCQM;Received quantity - alternate U/M
MFTRNS;Package details;OSCMMC;Freight commodity code
MFTRNS;Package details;OSRGDT;Entry date
MFTRNS;Package details;OSRGTM;Entry time
MFTRNS;Package details;OSLMDT;Change date
MFTRNS;Package details;OSCHNO;Change number
MFTRNS;Package details;OSCHID;Changed by
MFTRNS;Package details;OSLMTS;Timestamp
MFTRNS;Package details;OSRIDT;Receiving date
MFTRNS;Package details;OSSTAT;Status
MFTRNS;Package details;OSMIGI;Internal migration status
MGDADR;Stock transaction, Delivery address fil;MACONO;Company
MGDADR;Stock transaction, Delivery address fil;MATRNR;Order number
MGDADR;Stock transaction, Delivery address fil;MAADK1;Address key 1
MGDADR;Stock transaction, Delivery address fil;MASUNO;Supplier
MGDADR;Stock transaction, Delivery address fil;MAADID;Address number
MGDADR;Stock transaction, Delivery address fil;MACONM;Company name
MGDADR;Stock transaction, Delivery address fil;MAADR1;Address line 1
MGDADR;Stock transaction, Delivery address fil;MAADR2;Address line 2
MGDADR;Stock transaction, Delivery address fil;MAADR3;Address line 3
MGDADR;Stock transaction, Delivery address fil;MAADR4;Address line 4
MGDADR;Stock transaction, Delivery address fil;MAPONO;Postal code
MGDADR;Stock transaction, Delivery address fil;MACSCD;Country
MGDADR;Stock transaction, Delivery address fil;MAADVI;Ship-via address
MGDADR;Stock transaction, Delivery address fil;MAOREF;Our reference
MGDADR;Stock transaction, Delivery address fil;MAYREF;Your reference 1
MGDADR;Stock transaction, Delivery address fil;MATXID;Text identity
MGDADR;Stock transaction, Delivery address fil;MATOWN;City
MGDADR;Stock transaction, Delivery address fil;MAECAR;State
MGDADR;Stock transaction, Delivery address fil;MARGDT;Entry date
MGDADR;Stock transaction, Delivery address fil;MARGTM;Entry time
MGDADR;Stock transaction, Delivery address fil;MALMDT;Change date
MGDADR;Stock transaction, Delivery address fil;MACHNO;Change number
MGDADR;Stock transaction, Delivery address fil;MACHID;Changed by
MGDADR;Stock transaction, Delivery address fil;MAFRCO;County ID
MGDADR;Stock transaction, Delivery address fil;MASPLE;Standard point location code
MGDADR;Stock transaction, Delivery address fil;MARASN;Rail station
MGHEAD;DO/RO Header File;MGCONO;Company
MGHEAD;DO/RO Header File;MGTRNR;Order number
MGHEAD;DO/RO Header File;MGTRTP;Order type
MGHEAD;DO/RO Header File;MGFACI;Facility
MGHEAD;DO/RO Header File;MGRORC;Reference order category
MGHEAD;DO/RO Header File;MGRORN;Reference order number
MGHEAD;DO/RO Header File;MGRORL;Reference order line
MGHEAD;DO/RO Header File;MGRESP;Responsible
MGHEAD;DO/RO Header File;MGTERE;Technical supervisor
MGHEAD;DO/RO Header File;MGAURE;Authorized
MGHEAD;DO/RO Header File;MGATHS;Authorized
MGHEAD;DO/RO Header File;MGTRSL;Lowest status - stock transaction
MGHEAD;DO/RO Header File;MGTRSH;Highest status - stock transaction
MGHEAD;DO/RO Header File;MGPRIO;Priority
MGHEAD;DO/RO Header File;MGTRDT;Transaction date
MGHEAD;DO/RO Header File;MGTRTM;Transaction time
MGHEAD;DO/RO Header File;MGRIDT;Receiving date
MGHEAD;DO/RO Header File;MGRITM;Time of receiving
MGHEAD;DO/RO Header File;MGTWSL;Location
MGHEAD;DO/RO Header File;MGGSR1;Job reference 1
MGHEAD;DO/RO Header File;MGGSR2;Job reference 2
MGHEAD;DO/RO Header File;MGGSR3;Mark/reg no
MGHEAD;DO/RO Header File;MGTOFP;Process type
MGHEAD;DO/RO Header File;MGOPNO;Operation number
MGHEAD;DO/RO Header File;MGTRDY;Transportation time
MGHEAD;DO/RO Header File;MGTRTE;Transportation hours
MGHEAD;DO/RO Header File;MGTWLO;To warehouse
MGHEAD;DO/RO Header File;MGREMK;Remark
MGHEAD;DO/RO Header File;MGDEPT;Department
MGHEAD;DO/RO Header File;MGWHLO;Warehouse
MGHEAD;DO/RO Header File;MGHAZI;Danger indicator
MGHEAD;DO/RO Header File;MGGRWE;Gross weight
MGHEAD;DO/RO Header File;MGNTAM;Net order value
MGHEAD;DO/RO Header File;MGNUGL;Order line number
MGHEAD;DO/RO Header File;MGACRE;Accounting records exist
MGHEAD;DO/RO Header File;MGDTRD;Allow different order dates on lines
MGHEAD;DO/RO Header File;MGMWHE;Multiple warehouses permitted
MGHEAD;DO/RO Header File;MGREVN;Revision number
MGHEAD;DO/RO Header File;MGFWNO;Forwarding agent
MGHEAD;DO/RO Header File;MGMODL;Delivery method
MGHEAD;DO/RO Header File;MGTEDL;Delivery terms
MGHEAD;DO/RO Header File;MGENII;Noninventory items exist
MGHEAD;DO/RO Header File;MGTXID;Text identity
MGHEAD;DO/RO Header File;MGPROJ;Project number
MGHEAD;DO/RO Header File;MGELNO;Project element
MGHEAD;DO/RO Header File;MGNHAI;Next item number
MGHEAD;DO/RO Header File;MGNHSN;Next serial number
MGHEAD;DO/RO Header File;MGPLPN;Planned order
MGHEAD;DO/RO Header File;MGPLPS;Subnumber - planned order
MGHEAD;DO/RO Header File;MGIRCV;Recipient
MGHEAD;DO/RO Header File;MGECLC;Labor code - trade statistics (TST)
MGHEAD;DO/RO Header File;MGCPRI;Customs procedure - import
MGHEAD;DO/RO Header File;MGCPRE;Customs procedure - export
MGHEAD;DO/RO Header File;MGHAFE;Harbor or airport
MGHEAD;DO/RO Header File;MGRGDT;Entry date
MGHEAD;DO/RO Header File;MGRGTM;Entry time
MGHEAD;DO/RO Header File;MGLMDT;Change date
MGHEAD;DO/RO Header File;MGCHNO;Change number
MGHEAD;DO/RO Header File;MGCHID;Changed by
MGHEAD;DO/RO Header File;MGRORX;Line suffix
MGHEAD;DO/RO Header File;MGLMTS;Timestamp
MGHEAD;DO/RO Header File;MGSCED;Delivery regrouping
MGHEAD;DO/RO Header File;MGOINV;Original internal invoice number
MGHEAD;DO/RO Header File;MGOIDN;Original order number
MGHEAD;DO/RO Header File;MGOIDL;Original line number
MGHEAD;DO/RO Header File;MGOIDX;Original line suffix
MGHEAD;DO/RO Header File;MGOIDO;Original delivery number
MGHEAD;DO/RO Header File;MGADRR;Address file
MGHEAD;DO/RO Header File;MGADRT;Address type
MGHEAD;DO/RO Header File;MGADID;Address number
MGITTR;Goods in transit;MGCONO;Company
MGITTR;Goods in transit;MGUUID;Universally unique identifier
MGITTR;Goods in transit;MGDIVI;Division
MGITTR;Goods in transit;MGWHLO;Warehouse
MGITTR;Goods in transit;MGITNO;Item number
MGITTR;Goods in transit;MGMRGD;Entry date in the MITTRA table
MGITTR;Goods in transit;MGMRGT;Entry time in the MITTRA table
MGITTR;Goods in transit;MGTMSX;Time suffix
MGITTR;Goods in transit;MGTRDT;Transaction date
MGITTR;Goods in transit;MGGRDT;Reconciliation date
MGITTR;Goods in transit;MGTRPR;Inventory accounting price
MGITTR;Goods in transit;MGCSQT;Cost quantity
MGITTR;Goods in transit;MGCAWE;Catch weight
MGITTR;Goods in transit;MGMFCO;Acquisition cost
MGITTR;Goods in transit;MGANBR;Accounting number
MGITTR;Goods in transit;MGCADT;Accounting date
MGITTR;Goods in transit;MGINOU;Direction
MGITTR;Goods in transit;MGDLIX;Delivery number
MGITTR;Goods in transit;MGORCA;Order category
MGITTR;Goods in transit;MGRIDN;Order number
MGITTR;Goods in transit;MGRIDL;Order line
MGITTR;Goods in transit;MGRIDX;Line suffix
MGITTR;Goods in transit;MGSUNO;Supplier
MGITTR;Goods in transit;MGSUDO;Delivery note number
MGITTR;Goods in transit;MGDNDT;Delivery note date
MGITTR;Goods in transit;MGPACN;Package number
MGITTR;Goods in transit;MGAGNB;Agreement number
MGITTR;Goods in transit;MGBANO;Lot number
MGITTR;Goods in transit;MGREPN;Receiving number
MGITTR;Goods in transit;MGRGDT;Entry date
MGITTR;Goods in transit;MGRGTM;Entry time
MGITTR;Goods in transit;MGLMDT;Change date
MGITTR;Goods in transit;MGCHNO;Change number
MGITTR;Goods in transit;MGCHID;Changed by
MGITTR;Goods in transit;MGLMTS;Timestamp
MGITTR;Goods in transit;MGRRES;Revenue recognition status
MGITTR;Goods in transit;MGVSER;Voucher number series
MGITTR;Goods in transit;MGVONO;Voucher number
MGITTR;Goods in transit;MGYEA4;Year
MGITTR;Goods in transit;MGPANB;Periodic accounting number
MGLINE;DO/RO Line File;MRCONO;Company
MGLINE;DO/RO Line File;MRTRNR;Order number
MGLINE;DO/RO Line File;MRPONR;Order line number
MGLINE;DO/RO Line File;MRPOSX;Line suffix
MGLINE;DO/RO Line File;MRTRSH;Highest status - stock transaction
MGLINE;DO/RO Line File;MRWHLO;Warehouse
MGLINE;DO/RO Line File;MRITNO;Item number
MGLINE;DO/RO Line File;MRITDS;Name
MGLINE;DO/RO Line File;MRGRWE;Gross weight
MGLINE;DO/RO Line File;MRBOIN;Backorder indicator
MGLINE;DO/RO Line File;MRRTRD;Requested transaction date
MGLINE;DO/RO Line File;MRTRDT;Transaction date
MGLINE;DO/RO Line File;MRCTRD;Current transaction date
MGLINE;DO/RO Line File;MRRPDT;Reporting date
MGLINE;DO/RO Line File;MRAMDT;Shipment date
MGLINE;DO/RO Line File;MRRCDT;Receipt date
MGLINE;DO/RO Line File;MRWHSL;Location
MGLINE;DO/RO Line File;MRBANO;Lot number
MGLINE;DO/RO Line File;MRCAMU;Container
MGLINE;DO/RO Line File;MRHLDR;Holder
MGLINE;DO/RO Line File;MRREPN;Receiving number
MGLINE;DO/RO Line File;MRSTAS;Status - balance ID
MGLINE;DO/RO Line File;MRBREF;Lot reference 1
MGLINE;DO/RO Line File;MRBRE2;Lot reference 2
MGLINE;DO/RO Line File;MRBREM;Remark
MGLINE;DO/RO Line File;MRTWSL;To location
MGLINE;DO/RO Line File;MRTRQT;Transaction quantity - basic U/M
MGLINE;DO/RO Line File;MRALQT;Allocated quantity - basic U/M
MGLINE;DO/RO Line File;MRDPQT;Dispatched quantity
MGLINE;DO/RO Line File;MRQTRL;Relocated quantity
MGLINE;DO/RO Line File;MRQTIT;Quantity in transit
MGLINE;DO/RO Line File;MRRPQT;Reported quantity
MGLINE;DO/RO Line File;MRACQT;Quantity
MGLINE;DO/RO Line File;MROEND;Flagged as completed
MGLINE;DO/RO Line File;MRALUN;Alternate U/M
MGLINE;DO/RO Line File;MRPOCY;Normal potency
MGLINE;DO/RO Line File;MRNUPR;Number of partial reportings
MGLINE;DO/RO Line File;MRNUPI;Number of picking list index
MGLINE;DO/RO Line File;MROVGT;Order type - issuing repairables
MGLINE;DO/RO Line File;MRJDCD;Joint delivery
MGLINE;DO/RO Line File;MRSTCD;Inventory accounting
MGLINE;DO/RO Line File;MRNOAA;Overriding allocation method
MGLINE;DO/RO Line File;MRTRPR;Inventory accounting price
MGLINE;DO/RO Line File;MRPUCD;Purchase price quantity
MGLINE;DO/RO Line File;MRPTCD;Purchase price text
MGLINE;DO/RO Line File;MRCUCD;Currency
MGLINE;DO/RO Line File;MRREPI;Replaced item number
MGLINE;DO/RO Line File;MRALID;Alias identity
MGLINE;DO/RO Line File;MRPRDT;Priority date
MGLINE;DO/RO Line File;MRREFE;Reference
MGLINE;DO/RO Line File;MRNUCR;Number of change records
MGLINE;DO/RO Line File;MRREVN;Revision number
MGLINE;DO/RO Line File;MRRORC;Reference order category
MGLINE;DO/RO Line File;MRRORN;Reference order number
MGLINE;DO/RO Line File;MRRORL;Reference order line
MGLINE;DO/RO Line File;MRRESP;Responsible
MGLINE;DO/RO Line File;MRDEPT;Department
MGLINE;DO/RO Line File;MRAVDT;Availability date
MGLINE;DO/RO Line File;MRPROJ;Project number
MGLINE;DO/RO Line File;MRELNO;Project element
MGLINE;DO/RO Line File;MRRSCD;Transaction reason
MGLINE;DO/RO Line File;MRCFGL;Position
MGLINE;DO/RO Line File;MRPLPN;Planned order
MGLINE;DO/RO Line File;MRPLPS;Subnumber - planned order
MGLINE;DO/RO Line File;MRCPRE;Customs procedure - export
MGLINE;DO/RO Line File;MRCPRI;Customs procedure - import
MGLINE;DO/RO Line File;MRHAFE;Harbor or airport
MGLINE;DO/RO Line File;MRTIHM;Time hours & minutes
MGLINE;DO/RO Line File;MRCFIN;Configuration number
MGLINE;DO/RO Line File;MRCAWE;Catch weight
MGLINE;DO/RO Line File;MRHDPR;Main product
MGLINE;DO/RO Line File;MRECVS;Simulation round
MGLINE;DO/RO Line File;MRATNR;Attribute number
MGLINE;DO/RO Line File;MRTRQA;Transaction quantity in alt U/M
MGLINE;DO/RO Line File;MRALQA;Allocated quantity - alternate U/M
MGLINE;DO/RO Line File;MRDPQA;Dispatched quantity - alternate U/M
MGLINE;DO/RO Line File;MRRPQA;Reported quantity
MGLINE;DO/RO Line File;MRSUBN;Sub-network mark
MGLINE;DO/RO Line File;MRSUBD;Subnetwork due date
MGLINE;DO/RO Line File;MRCNNR;Detailed order requirement (DOR) number
MGLINE;DO/RO Line File;MRTXID;Text identity
MGLINE;DO/RO Line File;MRRGDT;Entry date
MGLINE;DO/RO Line File;MRRGTM;Entry time
MGLINE;DO/RO Line File;MRLMDT;Change date
MGLINE;DO/RO Line File;MRCHNO;Change number
MGLINE;DO/RO Line File;MRCHID;Changed by
MGLINE;DO/RO Line File;MRRORX;Line suffix
MGLINE;DO/RO Line File;MRLMTS;Timestamp
MGLINE;DO/RO Line File;MRCODO;Commercially linked DO
MGLINE;DO/RO Line File;MRUPCK;Unpack
MGLINE;DO/RO Line File;MRGETY;Generation reference
MGLINE;DO/RO Line File;MRPRIO;Priority
MGLINE;DO/RO Line File;MRRASN;Rail station
MGLINE;DO/RO Line File;MROPTX;Option
MGLINE;DO/RO Line File;MROPTY;Option
MGLINE;DO/RO Line File;MROPTZ;Option
MGLINE;DO/RO Line File;MRCOLO;Color
MGLINE;DO/RO Line File;MRSIZE;Size
MGLINE;DO/RO Line File;MRCHCS;Characteristics
MGLINE;DO/RO Line File;MRFAC2;Facility
MGLINE;DO/RO Line File;MRACC1;Accounting object 1
MGLINE;DO/RO Line File;MRACC2;Accounting object 2
MGLINE;DO/RO Line File;MRACC3;Accounting object 3
MGLINE;DO/RO Line File;MRACC4;Accounting object 4
MGLINE;DO/RO Line File;MRACC5;Accounting object 5
MGLINE;DO/RO Line File;MRACC6;Accounting object 6
MGLINE;DO/RO Line File;MRACC7;Accounting object 7
MGLLOG;Transaction line change logg;MLCONO;Company
MGLLOG;Transaction line change logg;MLTRNR;Order number
MGLLOG;Transaction line change logg;MLPONR;Order line number
MGLLOG;Transaction line change logg;MLPOSX;Line suffix
MGLLOG;Transaction line change logg;MLREVN;Revision number
MGLLOG;Transaction line change logg;MLLMDT;Change date
MGLLOG;Transaction line change logg;MLCHNO;Change number
MGLLOG;Transaction line change logg;MLWHLO;Warehouse
MGLLOG;Transaction line change logg;MLITNO;Item number
MGLLOG;Transaction line change logg;MLTWSL;To location
MGLLOG;Transaction line change logg;MLPRIO;Priority
MGLLOG;Transaction line change logg;MLTRQT;Transaction quantity - basic U/M
MGLLOG;Transaction line change logg;MLTRDT;Transaction date
MGLLOG;Transaction line change logg;MLTIHM;Time hours & minutes
MGLLOG;Transaction line change logg;MLRPQT;Reported quantity
MGLLOG;Transaction line change logg;MLRPDT;Reporting date
MGLLOG;Transaction line change logg;MLRPTM;Reporting time
MGLLOG;Transaction line change logg;MLCHID;Changed by
MGTYPE;GST order type;YXBMON;Block manually entered order number
MGTYPE;GST order type;YXCONO;Company
MGTYPE;GST order type;YXTRTP;Order type
MGTYPE;GST order type;YXTX40;Description
MGTYPE;GST order type;YXTTYP;Stock transaction type
MGTYPE;GST order type;YXTTID;Transaction identity
MGTYPE;GST order type;YXTTSI;Transaction sign
MGTYPE;GST order type;YXPUQT;Field selection
MGTYPE;GST order type;YXMAQT;Field selection
MGTYPE;GST order type;YXSCQT;Field selection
MGTYPE;GST order type;YXSOQT;Field selection
MGTYPE;GST order type;YXUSQT;Field selection
MGTYPE;GST order type;YXSTDP;Field selection
MGTYPE;GST order type;YXSTDN;Field selection
MGTYPE;GST order type;YXMOVP;Field selection
MGTYPE;GST order type;YXMOVN;Field selection
MGTYPE;GST order type;YXRECP;Field selection
MGTYPE;GST order type;YXRECN;Field selection
MGTYPE;GST order type;YXFSQ1;Field selection
MGTYPE;GST order type;YXFSQ2;Field selection
MGTYPE;GST order type;YXFSQ3;Field selection
MGTYPE;GST order type;YXOVGT;Order type - issuing repairables
MGTYPE;GST order type;YXTRLP;Print transaction log
MGTYPE;GST order type;YXSTAT;Status
MGTYPE;GST order type;YXSINT;Line number interval
MGTYPE;GST order type;YXQTTP;Sorting order
MGTYPE;GST order type;YXMWHE;Multiple warehouses permitted
MGTYPE;GST order type;YXSUPQ;Propose quantity for BoM
MGTYPE;GST order type;YXSHAL;Availability check at line entry
MGTYPE;GST order type;YXSFUP;Update subfile
MGTYPE;GST order type;YXTRSC;Allow balance status other than 2
MGTYPE;GST order type;YXAGWU;Update cumulative weight
MGTYPE;GST order type;YXTROC;Check method- reference orders
MGTYPE;GST order type;YXRPRT;Representative transaction
MGTYPE;GST order type;YXISNI;Allow issues of non-stock items
MGTYPE;GST order type;YXAASS;Allow allocation below safety stock
MGTYPE;GST order type;YXTSDV;Facility owner
MGTYPE;GST order type;YXPACA;Return document control
MGTYPE;GST order type;YXSRIC;Order number check at stock return
MGTYPE;GST order type;YXAUDE;Automatic deletion
MGTYPE;GST order type;YXITCR;Check dangerous items
MGTYPE;GST order type;YXRFTT;Reference text type
MGTYPE;GST order type;YXNBID;Number series
MGTYPE;GST order type;YXDTRD;Allow different order dates on lines
MGTYPE;GST order type;YXRGRR;Reduce gross reservation
MGTYPE;GST order type;YXRITS;Reference to replaced item number
MGTYPE;GST order type;YXEFMA;Configuration management
MGTYPE;GST order type;YXALIU;Order line for alias number permitted
MGTYPE;GST order type;YXMQOH;Message when on-hand becomes zero
MGTYPE;GST order type;YXMAUT;Appl message for items with issue msg
MGTYPE;GST order type;YXUPCL;Update log when order lines are changed
MGTYPE;GST order type;YXPRIO;Priority
MGTYPE;GST order type;YXALUU;Permit use of alternate U/M
MGTYPE;GST order type;YXOHCC;New order per product for BoM requisitn
MGTYPE;GST order type;YXARVA;Accumulate requisition order value
MGTYPE;GST order type;YXPOOP;Line number open at entry of order line
MGTYPE;GST order type;YXAZQT;Accept zero quantity at order line entry
MGTYPE;GST order type;YXNIPR;Noninventory via purchase requisition
MGTYPE;GST order type;YXPOTD;Default purchase order type
MGTYPE;GST order type;YXCFRC;Confirm change of requisition resp
MGTYPE;GST order type;YXSXUS;Line suffix is used
MGTYPE;GST order type;YXULPL;Copy order priority if order initiated
MGTYPE;GST order type;YXATHC;Authorization level
MGTYPE;GST order type;YXCOHT;Copy order header text
MGTYPE;GST order type;YXPAVR;View
MGTYPE;GST order type;YXPSEQ;Panel sequence
MGTYPE;GST order type;YXCOAC;Credit order account entry
MGTYPE;GST order type;YXDPOL;Dispatch policy
MGTYPE;GST order type;YXPTRG;Reschedule from when preall was changed
MGTYPE;GST order type;YXPTQC;Update preallocation when qty is changed
MGTYPE;GST order type;YXPCKA;Packaging action
MGTYPE;GST order type;YXTSPA;Two-step put-away
MGTYPE;GST order type;YXRGDT;Entry date
MGTYPE;GST order type;YXRGTM;Entry time
MGTYPE;GST order type;YXLMDT;Change date
MGTYPE;GST order type;YXCHNO;Change number
MGTYPE;GST order type;YXCHID;Changed by
MGTYPE;GST order type;YXCODO;Commercially linked DO
MGTYPE;GST order type;YXVRCD;Business type - trade statistics (TST)
MGTYPE;GST order type;YXECLC;Labor code - trade statistics (TST)
MGTYPE;GST order type;YXPMTD;Priority method
MGTYPE;GST order type;YXLMTS;Timestamp
MGTYPE;GST order type;YXDTFB;DO test frequency basis
MGTYPE;GST order type;YXUPPF;Update planning facility
MGTYPE;GST order type;YXCSSB;Consignment stock sell-back
MHDIPO;Dispatch policy;EDDIAC;Delivery integration activation
MHDIPO;Dispatch policy;EDNTNS;Non sales transit document - no.ser ID
MHDIPO;Dispatch policy;EDNTVA;Non sales transit document variant
MHDIPO;Dispatch policy;EDTRFA;Outbound tracking activation
MHDIPO;Dispatch policy;EDCONO;Company
MHDIPO;Dispatch policy;EDWHLO;Warehouse
MHDIPO;Dispatch policy;EDDPOL;Dispatch policy
MHDIPO;Dispatch policy;EDTRLV;Auto level
MHDIPO;Dispatch policy;EDTX40;Description
MHDIPO;Dispatch policy;EDTX15;Name
MHDIPO;Dispatch policy;EDDNID;Delivery number series
MHDIPO;Dispatch policy;EDDNSP;One order per delivery number
MHDIPO;Dispatch policy;EDRLFA;Released for allocation
MHDIPO;Dispatch policy;EDRLTD;Released for picking
MHDIPO;Dispatch policy;EDTRPP;Planning days for picking release
MHDIPO;Dispatch policy;EDTRPH;Planning hours for picking release
MHDIPO;Dispatch policy;EDCLFD;Credit check at picking release
MHDIPO;Dispatch policy;EDCPTM;Calculate estimated picking time
MHDIPO;Dispatch policy;EDMDPC;Picking resource planning
MHDIPO;Dispatch policy;EDPRTA;Auto print of picking lists
MHDIPO;Dispatch policy;EDDEVC;Printer control
MHDIPO;Dispatch policy;EDDOVA;Document variant
MHDIPO;Dispatch policy;EDPLSS;Sorting order - picking list
MHDIPO;Dispatch policy;EDPRWV;Print gross weight and volume
MHDIPO;Dispatch policy;EDALIP;Print alias number
MHDIPO;Dispatch policy;EDTSIN;Shipment consolidation point
MHDIPO;Dispatch policy;EDAPRP;Partial reporting allowed
MHDIPO;Dispatch policy;EDOVIS;Overissue allowed
MHDIPO;Dispatch policy;EDCMOP;Flag as completed permitted
MHDIPO;Dispatch policy;EDCINA;Create cost accounting transactions
MHDIPO;Dispatch policy;EDAUFM;Automatic completion flag
MHDIPO;Dispatch policy;EDDOLV;Auto DO receipts
MHDIPO;Dispatch policy;EDDORD;Create stock trans for DO recpt variance
MHDIPO;Dispatch policy;EDSHLV;Packing reporting
MHDIPO;Dispatch policy;EDPKAA;Automatic execution of packaging actions
MHDIPO;Dispatch policy;EDACIT;Packing of different items in same pkg
MHDIPO;Dispatch policy;EDPNDN;Package numbering method
MHDIPO;Dispatch policy;EDWHMR;Log internal movements
MHDIPO;Dispatch policy;EDTRTM;Transaction time
MHDIPO;Dispatch policy;EDALCM;Allocation check
MHDIPO;Dispatch policy;EDBLCK;Closing point
MHDIPO;Dispatch policy;EDRLFB;Next delivery released for allocation
MHDIPO;Dispatch policy;EDRLTB;Next delivery released for picking
MHDIPO;Dispatch policy;EDAUCO;Auto connect to shipment
MHDIPO;Dispatch policy;EDDOCR;Point to connect delivery documents
MHDIPO;Dispatch policy;EDDLCN;Delivery receipt confirmation
MHDIPO;Dispatch policy;EDSEEQ;Picking sequence
MHDIPO;Dispatch policy;EDOT42;Print fixed customer text
MHDIPO;Dispatch policy;EDOT45;Print fixed item text
MHDIPO;Dispatch policy;EDOT46;Print fixed document text
MHDIPO;Dispatch policy;EDRRFP;Reset released for picking
MHDIPO;Dispatch policy;EDLSDY;Extra days for delivery stop
MHDIPO;Dispatch policy;EDUEFC;User defined program, freight charges
MHDIPO;Dispatch policy;EDAULP;Automatic print of transport label
MHDIPO;Dispatch policy;EDPISS;Picking status
MHDIPO;Dispatch policy;EDCDGM;Extended cross-docking check type
MHDIPO;Dispatch policy;EDCDCP;Copy packaging for extended cross-dock
MHDIPO;Dispatch policy;EDTXID;Text identity
MHDIPO;Dispatch policy;EDDEDL;Download delivery
MHDIPO;Dispatch policy;EDMOPA;Move in partial mode
MHDIPO;Dispatch policy;EDSVCO;Ship-via control
MHDIPO;Dispatch policy;EDCOCM;Freight commodity code control
MHDIPO;Dispatch policy;EDRTSF;Retrieve transportation service from
MHDIPO;Dispatch policy;EDISPI;Initiate simple packing at issue
MHDIPO;Dispatch policy;EDPACR;Auto creation of package
MHDIPO;Dispatch policy;EDPACT;Packaging
MHDIPO;Dispatch policy;EDRPVR;Use reporting version
MHDIPO;Dispatch policy;EDRGDT;Entry date
MHDIPO;Dispatch policy;EDRGTM;Entry time
MHDIPO;Dispatch policy;EDLMDT;Change date
MHDIPO;Dispatch policy;EDCHNO;Change number
MHDIPO;Dispatch policy;EDCHID;Changed by
MHDIPO;Dispatch policy;EDPIRL;Pick reporting level
MHDIPO;Dispatch policy;EDPCSP;Picking capacity split
MHDIPO;Dispatch policy;EDSOFL;Soft allocation transfer level
MHDIPO;Dispatch policy;EDPBRE;Package-based receipt
MHDIPO;Dispatch policy;EDABPA;Allocation-based packing activated
MHDIPO;Dispatch policy;EDCDNS;Chronological dely note - no. series ID
MHDIPO;Dispatch policy;EDRSCD;Transaction reason
MHDIPO;Dispatch policy;EDSCED;Delivery regrouping
MHDIPO;Dispatch policy;EDDCF1;Delivery consolidation - field 1
MHDIPO;Dispatch policy;EDDCF2;Delivery consolidation - field 2
MHDIPO;Dispatch policy;EDATID;Attribute identity
MHDIPO;Dispatch policy;EDCRTZ;Cartonization
MHDIPO;Dispatch policy;EDLMTS;Timestamp
MHDIPO;Dispatch policy;EDRTSQ;Retrieve picking sequence
MHDIPO;Dispatch policy;EDINVD;Create physical inventory during picking
MHDIPO;Dispatch policy;EDSFTP;Packing - soft allocation
MHDIPO;Dispatch policy;EDDATP;Day type
MHDIPO;Dispatch policy;EDDODC;Create inbound delivery
MHDIPO;Dispatch policy;EDDOSL;DO receipt - stock location status
MHDIPO;Dispatch policy;EDLTRO;Lead time from route
MHDIPO;Dispatch policy;EDFRAC;Accessorial preselection
MHDIPO;Dispatch policy;EDDVCP;Delivery value checkpoint
MHDIPO;Dispatch policy;EDDVCM;Delivery value check method
MHDIPO;Dispatch policy;EDFRCC;Checkpoint for freight cost control
MHDIPO;Dispatch policy;EDPDLX;Propagate delivery changes
MHDIPO;Dispatch policy;EDAOVR;Allow distribution over receipt
MHDIPO;Dispatch policy;EDAOVT;Over receipt difference percentage
MHDIPO;Dispatch policy;EDPDTY;Pick-up delivery type
MHDIPO;Dispatch policy;EDDLCP;Synchronization with proof of delivery
MHDIPO;Dispatch policy;EDFUBA;Full balance ID control
MHDIPO;Dispatch policy;EDGVPR;Delivery approval activation
MHDISH;Deliveries;OQTRFA;Outbound tracking activation
MHDISH;Deliveries;OQCONO;Company
MHDISH;Deliveries;OQDLIX;Delivery number
MHDISH;Deliveries;OQINOU;Direction
MHDISH;Deliveries;OQDPOL;Dispatch policy
MHDISH;Deliveries;OQWHLO;Warehouse
MHDISH;Deliveries;OQCONA;Consignee
MHDISH;Deliveries;OQCOAA;Consignee address number
MHDISH;Deliveries;OQCOAF;Final consignee address number
MHDISH;Deliveries;OQCONB;Consignor
MHDISH;Deliveries;OQCOBB;Consignor address number
MHDISH;Deliveries;OQSDES;Place of loading
MHDISH;Deliveries;OQDSDT;Departure date
MHDISH;Deliveries;OQDSHM;Departure time
MHDISH;Deliveries;OQTRDT;Transaction date
MHDISH;Deliveries;OQTRTM;Transaction time
MHDISH;Deliveries;OQSROT;Requested route
MHDISH;Deliveries;OQSROD;Requested route departure
MHDISH;Deliveries;OQROUT;Route
MHDISH;Deliveries;OQRODN;Route departure
MHDISH;Deliveries;OQMODL;Delivery method
MHDISH;Deliveries;OQMODF;Final delivery method
MHDISH;Deliveries;OQTEDL;Delivery terms
MHDISH;Deliveries;OQTEDF;Final delivery terms
MHDISH;Deliveries;OQRORC;Reference order category
MHDISH;Deliveries;OQTTYP;Stock transaction type
MHDISH;Deliveries;OQRIDN;Order number
MHDISH;Deliveries;OQEDES;Place
MHDISH;Deliveries;OQPUTP;Delivery note reference qualifier
MHDISH;Deliveries;OQPUSN;Delivery note reference
MHDISH;Deliveries;OQBLOP;Blocked delivery number
MHDISH;Deliveries;OQRLFA;Released for allocation
MHDISH;Deliveries;OQRLTD;Released for picking
MHDISH;Deliveries;OQPGRS;Delivery status
MHDISH;Deliveries;OQPIST;Packing status
MHDISH;Deliveries;OQPCKA;Packaging action
MHDISH;Deliveries;OQPLSX;Picking list suffix
MHDISH;Deliveries;OQNEWE;Net weight
MHDISH;Deliveries;OQGRWE;Estimated weight of assigned goods
MHDISH;Deliveries;OQVOL3;Estimated volume of assigned goods
MHDISH;Deliveries;OQFCU1;Estimated free unit of assigned goods
MHDISH;Deliveries;OQGWTE;Estimated gross weight packed goods
MHDISH;Deliveries;OQVLME;Estimated volume
MHDISH;Deliveries;OQFRCE;Estimated free unit packed goods
MHDISH;Deliveries;OQFRC2;Capacity - free capacity unit
MHDISH;Deliveries;OQFRC3;Capacity - free capacity unit
MHDISH;Deliveries;OQPFCP;Packed - free capacity
MHDISH;Deliveries;OQFRC5;Capacity - free capacity unit
MHDISH;Deliveries;OQFRC6;Capacity - free capacity unit
MHDISH;Deliveries;OQNEW2;Net weight
MHDISH;Deliveries;OQGRW2;Packed gross weight
MHDISH;Deliveries;OQVM32;Packed volume
MHDISH;Deliveries;OQCONN;Shipment
MHDISH;Deliveries;OQE0PA;Partner
MHDISH;Deliveries;OQTIZO;Time zone
MHDISH;Deliveries;OQADVI;Ship-via address
MHDISH;Deliveries;OQDTDT;Requested departure date
MHDISH;Deliveries;OQDTHM;Requested departure time
MHDISH;Deliveries;OQTSIN;Shipment consolidation point
MHDISH;Deliveries;OQDOCR;Point to connect delivery documents
MHDISH;Deliveries;OQDOCE;Delivery documents connected
MHDISH;Deliveries;OQSHLV;Packing reporting
MHDISH;Deliveries;OQAUCO;Auto connect to shipment
MHDISH;Deliveries;OQRCDT;Receipt date
MHDISH;Deliveries;OQRCTM;Receipt time
MHDISH;Deliveries;OQDEWD;Delivery day number
MHDISH;Deliveries;OQSEEQ;Picking sequence
MHDISH;Deliveries;OQIVSS;Invoicing status
MHDISH;Deliveries;OQHAFE;Harbor or airport
MHDISH;Deliveries;OQPRIO;Priority
MHDISH;Deliveries;OQCUCL;Customer group
MHDISH;Deliveries;OQCSCD;Country
MHDISH;Deliveries;OQECAR;State
MHDISH;Deliveries;OQPONO;Postal code
MHDISH;Deliveries;OQULZO;Unloading zone
MHDISH;Deliveries;OQOLIX;Original delivery number
MHDISH;Deliveries;OQMULS;Place sequence number for unloading
MHDISH;Deliveries;OQSULS;Unloading sequence within place
MHDISH;Deliveries;OQDTID;Data identity
MHDISH;Deliveries;OQTXID;Text identity
MHDISH;Deliveries;OQPRTX;Text identity
MHDISH;Deliveries;OQPOTX;Text identity
MHDISH;Deliveries;OQLODO;Loading platform
MHDISH;Deliveries;OQSASN;Dispatch advice sent
MHDISH;Deliveries;OQETRN;External tracking number
MHDISH;Deliveries;OQFWNS;Requested forwarding agent
MHDISH;Deliveries;OQFWNO;Forwarding agent
MHDISH;Deliveries;OQAGKY;Aggregation key
MHDISH;Deliveries;OQIRST;Integration status
MHDISH;Deliveries;OQMSGN;Message number
MHDISH;Deliveries;OQTSID;Transportation service ID
MHDISH;Deliveries;OQRVNO;Reporting version number
MHDISH;Deliveries;OQAGNB;Agreement number
MHDISH;Deliveries;OQRCST;Freight reconciliation status
MHDISH;Deliveries;OQRGDT;Entry date
MHDISH;Deliveries;OQRGTM;Entry time
MHDISH;Deliveries;OQLMDT;Change date
MHDISH;Deliveries;OQCHNO;Change number
MHDISH;Deliveries;OQCHID;Changed by
MHDISH;Deliveries;OQSCED;Delivery regrouping
MHDISH;Deliveries;OQSCES;Regrouping status
MHDISH;Deliveries;OQDCF1;Delivery consolidation - field 1
MHDISH;Deliveries;OQDCF2;Delivery consolidation - field 2
MHDISH;Deliveries;OQDCC1;Delivery consolidation - field 1 content
MHDISH;Deliveries;OQDCC2;Delivery consolidation - field 2 content
MHDISH;Deliveries;OQCDNU;Chronological delivery note number
MHDISH;Deliveries;OQCDDE;Chronological dely note no creation date
MHDISH;Deliveries;OQCDHM;Chronological dely note no creation time
MHDISH;Deliveries;OQCRTZ;Cartonization
MHDISH;Deliveries;OQLMTS;Timestamp
MHDISH;Deliveries;OQLOBL;Load building
MHDISH;Deliveries;OQRLDT;Requested delivery date
MHDISH;Deliveries;OQRLTM;Requested delivery time
MHDISH;Deliveries;OQDEDA;Delivery date
MHDISH;Deliveries;OQDLTM;Time of delivery
MHDISH;Deliveries;OQRQPD;Requested pick-up date
MHDISH;Deliveries;OQRQPT;Requested pick-up time
MHDISH;Deliveries;OQPIDT;Pick-up date
MHDISH;Deliveries;OQPITH;Pick-up time
MHDISH;Deliveries;OQADRR;Address file
MHDISH;Deliveries;OQADRT;Address type
MHDISH;Deliveries;OQFRCO;County ID
MHDISH;Deliveries;OQSPLE;Standard point location code
MHDISH;Deliveries;OQRASN;Rail station
MHDISH;Deliveries;OQDLCN;Delivery receipt confirmation
MHDISH;Deliveries;OQDRCD;Detention reason code
MHDISH;Deliveries;OQDFDT;Actual departure date
MHDISH;Deliveries;OQDFHM;Actual departure time
MHDISH;Deliveries;OQPWDT;Forwarder's planned arrival date
MHDISH;Deliveries;OQPWHM;Forwarder's planned arrival time
MHDISH;Deliveries;OQAWDT;Forwarder's actual arrival date
MHDISH;Deliveries;OQAWHM;Forwarder's actual arrival time
MHDISH;Deliveries;OQDETD;Detention time - days
MHDISH;Deliveries;OQDEHT;Detention time - hours
MHDISH;Deliveries;OQDEMT;Detention time - minutes
MHDISH;Deliveries;OQCOBF;Final consignor address number
MHDISH;Deliveries;OQDVCA;Delivery value check amount
MHDISH;Deliveries;OQDVDA;Delivery value variance
MHDISH;Deliveries;OQDVCU;Currency of payer used in dely val chk
MHDISH;Deliveries;OQDVCP;Delivery value checkpoint
MHDISH;Deliveries;OQIRPS;Issue reporting status
MHDISH;Deliveries;OQDSTC;Delivery stop code
MHDISH;Deliveries;OQTIIC;Transportation delivery stop
MHDISH;Deliveries;OQPSTT;Planning status
MHDISH;Deliveries;OQRSCD;Transaction reason
MHDISH;Deliveries;OQDIDD;Delivery document identification
MHDISH;Deliveries;OQFUBA;Full balance ID control
MHDISH;Deliveries;OQGVPR;Delivery approval activation
MHDISH;Deliveries;OQGVST;Approval status
MHDISL;Delivery lines;URCONO;Company
MHDISL;Delivery lines;URDLIX;Delivery number
MHDISL;Delivery lines;URRORC;Reference order category
MHDISL;Delivery lines;URRIDN;Order number
MHDISL;Delivery lines;URRIDL;Order line
MHDISL;Delivery lines;URRIDX;Line suffix
MHDISL;Delivery lines;URITNO;Item number
MHDISL;Delivery lines;URFACI;Facility
MHDISL;Delivery lines;URPRNO;Product
MHDISL;Delivery lines;URPOPN;Alias number
MHDISL;Delivery lines;URALWT;Alias category
MHDISL;Delivery lines;URALWQ;Alias qualifier
MHDISL;Delivery lines;URTRQT;Transaction quantity - basic U/M
MHDISL;Delivery lines;URPLQT;Picking list quantity - basic U/M
MHDISL;Delivery lines;URPHLD;Pick hold
MHDISL;Delivery lines;URSTCD;Inventory accounting
MHDISL;Delivery lines;URJDCD;Joint delivery
MHDISL;Delivery lines;URBLOP;Blocked delivery number
MHDISL;Delivery lines;URTRQA;Transaction quantity in alt U/M
MHDISL;Delivery lines;URPLQA;Picking list quantity - alternate U/M
MHDISL;Delivery lines;URALUN;Alternate U/M
MHDISL;Delivery lines;URGRWE;Gross weight
MHDISL;Delivery lines;URNEWE;Net weight
MHDISL;Delivery lines;URVOL3;Volume
MHDISL;Delivery lines;URFCU1;Capacity - free capacity unit
MHDISL;Delivery lines;URNOWA;Excluded from wave
MHDISL;Delivery lines;URLSHL;Stop ship hold
MHDISL;Delivery lines;URRGDT;Entry date
MHDISL;Delivery lines;URRGTM;Entry time
MHDISL;Delivery lines;URLMDT;Change date
MHDISL;Delivery lines;URCHNO;Change number
MHDISL;Delivery lines;URCHID;Changed by
MHDISL;Delivery lines;URLMTS;Timestamp
MHDISL;Delivery lines;URSCNB;Supply chain number
MHDISL;Delivery lines;URSCES;Regrouping status
MHDISL;Delivery lines;URMIGI;Internal migration status
MHPICD;Pick list detail;H6CONO;Company
MHPICD;Pick list detail;H6E0PA;Partner
MHPICD;Pick list detail;H6WHLO;Warehouse
MHPICD;Pick list detail;H6WHSL;Location
MHPICD;Pick list detail;H6BANO;Lot number
MHPICD;Pick list detail;H6CAMU;Container
MHPICD;Pick list detail;H6TTYP;Stock transaction type
MHPICD;Pick list detail;H6RIDN;Order number
MHPICD;Pick list detail;H6RIDL;Order line
MHPICD;Pick list detail;H6RIDO;Order operation
MHPICD;Pick list detail;H6DLIX;Delivery number
MHPICD;Pick list detail;H6PLSX;Picking list suffix
MHPICD;Pick list detail;H6RIDX;Line suffix
MHPICD;Pick list detail;H6DIVI;Division
MHPICD;Pick list detail;H6FACI;Facility
MHPICD;Pick list detail;H6ITNO;Item number
MHPICD;Pick list detail;H6REPN;Receiving number
MHPICD;Pick list detail;H6STAT;Status
MHPICD;Pick list detail;H6SLTP;Stock zone
MHPICD;Pick list detail;H6PISE;Warehouse equipment
MHPICD;Pick list detail;H6MAAL;Allocation origin
MHPICD;Pick list detail;H6ALQT;Allocated quantity - basic U/M
MHPICD;Pick list detail;H6SORT;Sort value
MHPICD;Pick list detail;H6TRFL;Transportation flow
MHPICD;Pick list detail;H6RFTX;Reference text
MHPICD;Pick list detail;H6PGNM;Program name
MHPICD;Pick list detail;H6PLPR;Picking list round
MHPICD;Pick list detail;H6PAQT;Packed quantity
MHPICD;Pick list detail;H6CAWE;Catch weight
MHPICD;Pick list detail;H6FLOC;From picking location
MHPICD;Pick list detail;H6DEV;Printer
MHPICD;Pick list detail;H6POPN;Alias number
MHPICD;Pick list detail;H6ALWT;Alias category
MHPICD;Pick list detail;H6ALWQ;Alias qualifier
MHPICD;Pick list detail;H6ITDS;Name
MHPICD;Pick list detail;H6TEPA;Packaging terms
MHPICD;Pick list detail;H6TEL5;Terms text
MHPICD;Pick list detail;H6TEL6;Terms text
MHPICD;Pick list detail;H6PACT;Packaging
MHPICD;Pick list detail;H6PANM;Name
MHPICD;Pick list detail;H6PACK;Packaging type
MHPICD;Pick list detail;H6RSCD;Transaction reason
MHPICD;Pick list detail;H6TX15;Name
MHPICD;Pick list detail;H6JDCD;Joint delivery
MHPICD;Pick list detail;H6STYN;Style number
MHPICD;Pick list detail;H6SEAS;Standard seasonal influence
MHPICD;Pick list detail;H6PLRI;Wave number
MHPICD;Pick list detail;H6CNNR;Detailed order requirement (DOR) number
MHPICD;Pick list detail;H6LSQN;Level sequence number
MHPICD;Pick list detail;H6SSEQ;Structure sequence number
MHPICD;Pick list detail;H6TXID;Text identity
MHPICD;Pick list detail;H6PRTX;Text identity
MHPICD;Pick list detail;H6POTX;Text identity
MHPICD;Pick list detail;H6USD1;User-defined field
MHPICD;Pick list detail;H6USD2;User-defined field
MHPICD;Pick list detail;H6USD3;User-defined field
MHPICD;Pick list detail;H6USD4;User-defined field
MHPICD;Pick list detail;H6USD5;User-defined field
MHPICD;Pick list detail;H6CMND;Command
MHPICD;Pick list detail;H6DOWN;Download
MHPICD;Pick list detail;H6PLRN;Reporting number - pick line
MHPICD;Pick list detail;H6LCHK;Check code - location
MHPICD;Pick list detail;H6RGDT;Entry date
MHPICD;Pick list detail;H6RGTM;Entry time
MHPICD;Pick list detail;H6LMDT;Change date
MHPICD;Pick list detail;H6CHNO;Change number
MHPICD;Pick list detail;H6CHID;Changed by
MHPICD;Pick list detail;H6LMTS;Timestamp
MHPICH;Picking list header;PICONO;Company
MHPICH;Picking list header;PIDLIX;Delivery number
MHPICH;Picking list header;PIPLSX;Picking list suffix
MHPICH;Picking list header;PIWHLO;Warehouse
MHPICH;Picking list header;PIPISS;Picking status
MHPICH;Picking list header;PISLTP;Stock zone
MHPICH;Picking list header;PIPISE;Warehouse equipment
MHPICH;Picking list header;PIPLTM;Picking time
MHPICH;Picking list header;PISEEQ;Picking sequence
MHPICH;Picking list header;PIESPD;Estimated pick start date
MHPICH;Picking list header;PIESPT;Estimated pick start time
MHPICH;Picking list header;PITEAM;Picking team
MHPICH;Picking list header;PIPICK;Picker
MHPICH;Picking list header;PIPLRI;Wave number
MHPICH;Picking list header;PIWPIC;Workflow picker
MHPICH;Picking list header;PIARLD;Actual print date
MHPICH;Picking list header;PIARLT;Actual print time
MHPICH;Picking list header;PIARLE;Picking start date
MHPICH;Picking list header;PIARLF;Picking start time
MHPICH;Picking list header;PINPLL;Original number of picking list lines
MHPICH;Picking list header;PINPLR;Number of reported picking lines
MHPICH;Picking list header;PINPLP;Number of picked picking lines
MHPICH;Picking list header;PICLOD;Closing date
MHPICH;Picking list header;PICLOT;Closing time
MHPICH;Picking list header;PIDEV;Printer
MHPICH;Picking list header;PIDEVW;Wave printer
MHPICH;Picking list header;PITWLO;To warehouse
MHPICH;Picking list header;PIOLIX;Original delivery number
MHPICH;Picking list header;PIRVNO;Reporting version number
MHPICH;Picking list header;PIRGDT;Entry date
MHPICH;Picking list header;PIRGTM;Entry time
MHPICH;Picking list header;PILMDT;Change date
MHPICH;Picking list header;PICHNO;Change number
MHPICH;Picking list header;PICHID;Changed by
MHPICH;Picking list header;PIDOVA;Document variant
MHPICH;Picking list header;PIPIRL;Pick reporting level
MHPICH;Picking list header;PIMXPP;Maximum packages
MHPICH;Picking list header;PIMXPW;Maximum weight
MHPICH;Picking list header;PIMXPV;Maximum volume
MHPICH;Picking list header;PIMXPT;Maximum pick time
MHPICH;Picking list header;PIMXPL;Maximum pick lines
MHPICH;Picking list header;PICLPP;Calculated packages
MHPICH;Picking list header;PICLPW;Calculated weight
MHPICH;Picking list header;PICLPV;Calculated volume
MHPICH;Picking list header;PICLPT;Calculated picking time
MHPICH;Picking list header;PICLPL;Calculated pick lines
MHPICH;Picking list header;PIPCSP;Picking capacity split
MHPICH;Picking list header;PIPCSI;Picking capacity indicator
MIDTLE;Vendor transport lead time;ITCONO;Company
MIDTLE;Vendor transport lead time;ITSUNO;Supplier
MIDTLE;Vendor transport lead time;ITTEDL;Delivery terms
MIDTLE;Vendor transport lead time;ITWHLO;Warehouse
MIDTLE;Vendor transport lead time;ITMODL;Delivery method
MIDTLE;Vendor transport lead time;ITSDES;Place of loading
MIDTLE;Vendor transport lead time;ITDELT;Goods responsibility
MIDTLE;Vendor transport lead time;ITTLE1;Transportation lead time 1
MIDTLE;Vendor transport lead time;ITTLE2;Transportation lead time 2
MIDTLE;Vendor transport lead time;ITRGDT;Entry date
MIDTLE;Vendor transport lead time;ITRGTM;Entry time
MIDTLE;Vendor transport lead time;ITLMDT;Change date
MIDTLE;Vendor transport lead time;ITCHNO;Change number
MIDTLE;Vendor transport lead time;ITCHID;Changed by
MITAFO;Forecasting;MFCONO;Company
MITAFO;Forecasting;MFWHLO;Warehouse
MITAFO;Forecasting;MFITNO;Item number
MITAFO;Forecasting;MFCYP6;Period
MITAFO;Forecasting;MFBUIT;Forecast family
MITAFO;Forecasting;MFDEMA;Demand
MITAFO;Forecasting;MFBFOR;Base forecast
MITAFO;Forecasting;MFMADJ;Manual adjustment
MITAFO;Forecasting;MFCFOR;Calculated forecast
MITAFO;Forecasting;MFNCFO;Calculated forecast - not approved
MITAFO;Forecasting;MFMFOR;Manual forecast
MITAFO;Forecasting;MFMDQT;Master demand
MITAFO;Forecasting;MFTREM;Forecast period remark
MITAFO;Forecasting;MFPSTA;Stop forecast calculation
MITAFO;Forecasting;MFALFF;Alpha factor
MITAFO;Forecasting;MFMADV;MAD - Mean absolute deviation
MITAFO;Forecasting;MFAVER;Mean error forecast
MITAFO;Forecasting;MFTREQ;Trend quantity
MITAFO;Forecasting;MFTREF;Trend factor
MITAFO;Forecasting;MFALA1;Forecast alarm 1
MITAFO;Forecasting;MFALA2;Forecast alarm 2
MITAFO;Forecasting;MFALA3;Forecast alarm 3
MITAFO;Forecasting;MFALAO;Closed alarm
MITAFO;Forecasting;MFFOAD;Forecast adjustment
MITAFO;Forecasting;MFSEAF;Seasonal index
MITAFO;Forecasting;MFPRCD;Forecast method
MITAFO;Forecasting;MFRGDT;Entry date
MITAFO;Forecasting;MFRGTM;Entry time
MITAFO;Forecasting;MFLMDT;Change date
MITAFO;Forecasting;MFCHNO;Change number
MITAFO;Forecasting;MFCHID;Changed by
MITAFO;Forecasting;MFLMTS;Timestamp
MITALO;Allocation;MQSMEQ;Selection method
MITALO;Allocation;MQCONO;Company
MITALO;Allocation;MQWHLO;Warehouse
MITALO;Allocation;MQITNO;Item number
MITALO;Allocation;MQWHSL;Location
MITALO;Allocation;MQBANO;Lot number
MITALO;Allocation;MQCAMU;Container
MITALO;Allocation;MQTTYP;Stock transaction type
MITALO;Allocation;MQRIDN;Order number
MITALO;Allocation;MQRIDO;Order operation
MITALO;Allocation;MQRIDI;Delivery number
MITALO;Allocation;MQPLSX;Picking list suffix
MITALO;Allocation;MQRIDL;Order line
MITALO;Allocation;MQSOFT;Soft allocation
MITALO;Allocation;MQRIDX;Line suffix
MITALO;Allocation;MQREPN;Receiving number
MITALO;Allocation;MQSTAT;Status
MITALO;Allocation;MQSLTP;Stock zone
MITALO;Allocation;MQPISE;Warehouse equipment
MITALO;Allocation;MQALQT;Allocated quantity - basic U/M
MITALO;Allocation;MQSORT;Sort value
MITALO;Allocation;MQTRFL;Transportation flow
MITALO;Allocation;MQMAAL;Allocation origin
MITALO;Allocation;MQRFTX;Reference text
MITALO;Allocation;MQPGNM;Program name
MITALO;Allocation;MQPLPR;Picking list round
MITALO;Allocation;MQPAQT;Packed quantity
MITALO;Allocation;MQCAWE;Catch weight
MITALO;Allocation;MQFLOC;From picking location
MITALO;Allocation;MQDEV;Printer
MITALO;Allocation;MQSTCD;Inventory accounting
MITALO;Allocation;MQTRQT;Transaction quantity - basic U/M
MITALO;Allocation;MQTWSL;To location
MITALO;Allocation;MQOEND;Flagged as completed
MITALO;Allocation;MQPLRI;Wave number
MITALO;Allocation;MQTRQA;Transaction quantity in alt U/M
MITALO;Allocation;MQALQA;Allocated quantity - alternate U/M
MITALO;Allocation;MQALQN;Allocated quantity - nominal
MITALO;Allocation;MQPAQA;Packed quantity - alternate U/M
MITALO;Allocation;MQCNNR;Detailed order requirement (DOR) number
MITALO;Allocation;MQLSQN;Level sequence number
MITALO;Allocation;MQSSEQ;Structure sequence number
MITALO;Allocation;MQPLRN;Reporting number - pick line
MITALO;Allocation;MQRGDT;Entry date
MITALO;Allocation;MQRGTM;Entry time
MITALO;Allocation;MQLMDT;Change date
MITALO;Allocation;MQCHNO;Change number
MITALO;Allocation;MQCHID;Changed by
MITALO;Allocation;MQLMTS;Timestamp
MITALO;Allocation;MQAUCZ;Cartonization U/M
MITALO;Allocation;MQORRN;Original reporting number - picking line
MITALO;Allocation;MQSUME;Sublot controlled
MITALT;Item define locations;MACONO;Company
MITALT;Item define locations;MAITNO;Item number
MITALT;Item define locations;MARPTY;Replacement type
MITALT;Item define locations;MAALIT;Related item
MITALT;Item define locations;MAINTC;Interchangeability
MITALT;Item define locations;MASTDT;Start date
MITALT;Item define locations;MARATY;Reference type
MITALT;Item define locations;MARAID;Reference identity
MITALT;Item define locations;MAQAFC;Quantity factor
MITALT;Item define locations;MAPUPN;Preferred item
MITALT;Item define locations;MATXID;Text identity
MITALT;Item define locations;MARGDT;Entry date
MITALT;Item define locations;MARGTM;Entry time
MITALT;Item define locations;MALMDT;Change date
MITALT;Item define locations;MACHNO;Change number
MITALT;Item define locations;MACHID;Changed by
MITALT;Item define locations;MALMTS;Timestamp
MITALT;Item define locations;MACPYS;Copy statistics
MITALT;Item define locations;MACNRE;Condition for replacement
MITALT;Item define locations;MACNDN;Condition
MITARE;Stocklocation area;MNSPRP;Print package label
MITARE;Stocklocation area;MNCONO;Company
MITARE;Stocklocation area;MNWHLO;Warehouse
MITARE;Stocklocation area;MNSLTP;Stock zone
MITARE;Stocklocation area;MNARNM;Name
MITARE;Stocklocation area;MNCOVO;Volume calculation
MITARE;Stocklocation area;MNWECD;Weight check
MITARE;Stocklocation area;MNFWLP;Weight check from position
MITARE;Stocklocation area;MNTWLP;Weight check to position
MITARE;Stocklocation area;MNFHOR;Horizontal axis from position
MITARE;Stocklocation area;MNTHOR;Horizontal axis to position
MITARE;Stocklocation area;MNFVER;Vertical axis from position
MITARE;Stocklocation area;MNTVER;Vertical axis to position
MITARE;Stocklocation area;MNPLBR;Picking list break
MITARE;Stocklocation area;MNTEAM;Picking team
MITARE;Stocklocation area;MNLCUC;Container used for storage
MITARE;Stocklocation area;MNSPRD;Print put-away label
MITARE;Stocklocation area;MNTRFU;Sorting
MITARE;Stocklocation area;MNDEV;Printer
MITARE;Stocklocation area;MNFRCA;Filling rate calculation
MITARE;Stocklocation area;MNRESP;Responsible
MITARE;Stocklocation area;MNPASL;Packing area
MITARE;Stocklocation area;MNTSPA;Two-step put-away
MITARE;Stocklocation area;MNRGDT;Entry date
MITARE;Stocklocation area;MNRGTM;Entry time
MITARE;Stocklocation area;MNLMDT;Change date
MITARE;Stocklocation area;MNCHNO;Change number
MITARE;Stocklocation area;MNCHID;Changed by
MITARE;Stocklocation area;MNLMTS;Timestamp
MITARE;Stocklocation area;MNLCCI;Loc chk code validation - ph inv rep
MITARE;Stocklocation area;MNLCCP;Loc chk code validation - put-away conf
MITARE;Stocklocation area;MNLCCR;Loc chk code validat - picking list rep
MITATP;Available to promise;MACONO;Company
MITATP;Available to promise;MAWHLO;Warehouse
MITATP;Available to promise;MAITNO;Item number
MITATP;Available to promise;MAPLDT;Planning date
MITATP;Available to promise;MATIHM;Time hours & minutes
MITATP;Available to promise;MAORCA;Order category
MITATP;Available to promise;MARIDN;Order number
MITATP;Available to promise;MARIDL;Order line
MITATP;Available to promise;MARIDX;Line suffix
MITATP;Available to promise;MANATP;Available-to-promise - noncumulative
MITATP;Available to promise;MAAVTP;Available-to-promise - cumulative
MITATP;Available to promise;MASTAT;Status
MITATP;Available to promise;MAORQT;Ordered quantity - basic U/M
MITATP;Available to promise;MAREQT;Reserved quantity
MITATP;Available to promise;MALMTS;Timestamp
MITAUN;Alternative units;MUCONO;Company
MITAUN;Alternative units;MUITNO;Item number
MITAUN;Alternative units;MUAUTP;Alternate U/M type
MITAUN;Alternative units;MUALUN;Alternate U/M
MITAUN;Alternative units;MUDCCD;Number of decimal places
MITAUN;Alternative units;MUCOFA;Conversion factor
MITAUN;Alternative units;MUDMCF;Conversion form
MITAUN;Alternative units;MUPCOF;Price adjustment factor
MITAUN;Alternative units;MUAUS1;Standard U/M - purchase order
MITAUN;Alternative units;MUAUS2;Standard U/M - customer order sales
MITAUN;Alternative units;MUAUS3;Standard U/M - manufacturing
MITAUN;Alternative units;MUAUS4;Standard U/M - production engineering
MITAUN;Alternative units;MUAUS5;Standard U/M - purchase price
MITAUN;Alternative units;MUAUS6;Standard U/M - statistics
MITAUN;Alternative units;MUAUS9;Default U/M - sales price
MITAUN;Alternative units;MUUNMU;Order multiple
MITAUN;Alternative units;MUFMID;Formula
MITAUN;Alternative units;MURESI;Result identity
MITAUN;Alternative units;MUTXID;Text identity
MITAUN;Alternative units;MURGDT;Entry date
MITAUN;Alternative units;MURGTM;Entry time
MITAUN;Alternative units;MULMDT;Change date
MITAUN;Alternative units;MUCHNO;Change number
MITAUN;Alternative units;MUCHID;Changed by
MITAUN;Alternative units;MULMTS;Timestamp
MITAUN;Alternative units;MUPACT;Packaging
MITAUN;Alternative units;MUAUSC;Standard U/M - catch weight
MITAUN;Alternative units;MUAUSB;Standard U/M - cost
MITAUN;Alternative units;MULGUN;Logistics U/M
MITAUN;Alternative units;MUCWPU;Catch weight price U/M
MITBAL;Item - warehouse;MBTRPL;Outbound tracking policy
MITBAL;Item - warehouse;MBCONO;Company
MITBAL;Item - warehouse;MBWHLO;Warehouse
MITBAL;Item - warehouse;MBITNO;Item number
MITBAL;Item - warehouse;MBSTQT;On-hand balance approved
MITBAL;Item - warehouse;MBQUQT;On-hand balance for inspection
MITBAL;Item - warehouse;MBRJQT;Rejected on-hand balance
MITBAL;Item - warehouse;MBALQT;Allocated quantity - basic U/M
MITBAL;Item - warehouse;MBAVAL;Allocatable on-hand balance
MITBAL;Item - warehouse;MBPLQT;Picking list quantity - basic U/M
MITBAL;Item - warehouse;MBCOMG;Container management
MITBAL;Item - warehouse;MBALMT;Allocation method
MITBAL;Item - warehouse;MBSTMT;Storage method
MITBAL;Item - warehouse;MBSPMT;Issue method
MITBAL;Item - warehouse;MBSTTX;Note
MITBAL;Item - warehouse;MBORQT;Ordered quantity - basic U/M
MITBAL;Item - warehouse;MBREQT;Reserved quantity
MITBAL;Item - warehouse;MBRLQT;Reserved quantity to backorder
MITBAL;Item - warehouse;MBREQP;Reserved quantity - planned orders
MITBAL;Item - warehouse;MBIDDT;Last receipt date
MITBAL;Item - warehouse;MBODDT;Last issue date
MITBAL;Item - warehouse;MBINDT;Latest physical inventory date
MITBAL;Item - warehouse;MBPRDC;Priority date selection
MITBAL;Item - warehouse;MBINCD;Physical inventory cycle
MITBAL;Item - warehouse;MBNUIN;Number of records for physical inventory
MITBAL;Item - warehouse;MBUSYE;Annual usage
MITBAL;Item - warehouse;MBAVST;Average on-hand balance
MITBAL;Item - warehouse;MBDILE;Projected on-hand at end of lead time
MITBAL;Item - warehouse;MBRESP;Responsible
MITBAL;Item - warehouse;MBBUYE;Buyer
MITBAL;Item - warehouse;MBSUNO;Supplier
MITBAL;Item - warehouse;MBWHTY;Warehouse type
MITBAL;Item - warehouse;MBWHSY;Warehouse subtype
MITBAL;Item - warehouse;MBINSC;Statistics storage group
MITBAL;Item - warehouse;MBDIGR;Distribution group
MITBAL;Item - warehouse;MBWHSL;Location
MITBAL;Item - warehouse;MBSLTP;Stock zone
MITBAL;Item - warehouse;MBNUS7;Number of balance IDs
MITBAL;Item - warehouse;MBTOMU;Issue multiple
MITBAL;Item - warehouse;MBWHLT;Location type
MITBAL;Item - warehouse;MBPISE;Warehouse equipment
MITBAL;Item - warehouse;MBPLCD;Planning policy
MITBAL;Item - warehouse;MBMABC;ABC class - manual
MITBAL;Item - warehouse;MBABCD;ABC class - volume
MITBAL;Item - warehouse;MBABCM;ABC method  - volume
MITBAL;Item - warehouse;MBABFC;ABC class - frequency
MITBAL;Item - warehouse;MBABFM;ABC method - frequency
MITBAL;Item - warehouse;MBACOC;ABC class - contribution
MITBAL;Item - warehouse;MBACOM;ABC method - contribution
MITBAL;Item - warehouse;MBPRIF;Priority value
MITBAL;Item - warehouse;MBSODY;Run-out time
MITBAL;Item - warehouse;MBREOP;Reorder point
MITBAL;Item - warehouse;MBOPOM;Reorder point method
MITBAL;Item - warehouse;MBSSQT;Safety stock
MITBAL;Item - warehouse;MBSSMT;Safety stock method
MITBAL;Item - warehouse;MBMSSQ;Manual safety stock
MITBAL;Item - warehouse;MBSSDA;Safety stock unit
MITBAL;Item - warehouse;MBSCGR;Service level
MITBAL;Item - warehouse;MBMXST;Maximum stock
MITBAL;Item - warehouse;MBMXSM;Maximum stock method
MITBAL;Item - warehouse;MBMXPC;Maximum stock percentage
MITBAL;Item - warehouse;MBEOQT;Order quantity
MITBAL;Item - warehouse;MBEOQM;Order policy
MITBAL;Item - warehouse;MBEQDA;Order quantity days
MITBAL;Item - warehouse;MBYEQT;Annual demand
MITBAL;Item - warehouse;MBYEQM;Annual demand method
MITBAL;Item - warehouse;MBLOQT;Minimum order quantity
MITBAL;Item - warehouse;MBMOQT;Maximum order quantity
MITBAL;Item - warehouse;MBPUIT;Acquisition code
MITBAL;Item - warehouse;MBSUWH;Supplying warehouse
MITBAL;Item - warehouse;MBDPID;Period frame
MITBAL;Item - warehouse;MBPRCD;Forecast method
MITBAL;Item - warehouse;MBFCCM;Forecast logic
MITBAL;Item - warehouse;MBLYQT;Fixed annual demand
MITBAL;Item - warehouse;MBLRYE;Fixed acquisition requirement
MITBAL;Item - warehouse;MBPFTM;Planning time fence
MITBAL;Item - warehouse;MBLEA1;Supply lead time
MITBAL;Item - warehouse;MBLEA2;Inspection lead time
MITBAL;Item - warehouse;MBLEA3;Transportation lead time
MITBAL;Item - warehouse;MBLEAT;Lead time
MITBAL;Item - warehouse;MBUNMU;Order multiple
MITBAL;Item - warehouse;MBSVEI;Multiple supply
MITBAL;Item - warehouse;MBLEVL;Lowest level
MITBAL;Item - warehouse;MBLEVD;Lowest level DO
MITBAL;Item - warehouse;MBPLHZ;Planning horizon
MITBAL;Item - warehouse;MBDMFN;Demand time fence
MITBAL;Item - warehouse;MBORTY;Order type
MITBAL;Item - warehouse;MBCONC;Continuous net change
MITBAL;Item - warehouse;MBSATD;Safety time
MITBAL;Item - warehouse;MBALQC;Quantity controlled allocation
MITBAL;Item - warehouse;MBOPLC;Planning method
MITBAL;Item - warehouse;MBMSCH;Master scheduled
MITBAL;Item - warehouse;MBSHCC;Distribution/supplier calendar check
MITBAL;Item - warehouse;MBZCAC;Zero mark
MITBAL;Item - warehouse;MBINSL;Inspection location
MITBAL;Item - warehouse;MBNCCA;Net change calculation active
MITBAL;Item - warehouse;MBFACI;Facility
MITBAL;Item - warehouse;MBDIVI;Division
MITBAL;Item - warehouse;MBDDEX;Time phased safety stock exists
MITBAL;Item - warehouse;MBSTRL;History storage method
MITBAL;Item - warehouse;MBPLIC;Picking list information control
MITBAL;Item - warehouse;MBPPMC;Pending planning method change
MITBAL;Item - warehouse;MBMPCD;Calculation date - material planning
MITBAL;Item - warehouse;MBMPCT;Calculation time - material planning
MITBAL;Item - warehouse;MBDCSS;Time phased safety stock
MITBAL;Item - warehouse;MBRPOP;Responsible - planned purchase order
MITBAL;Item - warehouse;MBBCOS;Standard cost - warehouse
MITBAL;Item - warehouse;MBTXID;Text identity
MITBAL;Item - warehouse;MBDTID;Data identity
MITBAL;Item - warehouse;MBDPLO;Default pack location
MITBAL;Item - warehouse;MBDDLO;Default docking location
MITBAL;Item - warehouse;MBSPLC;Delivery split rule
MITBAL;Item - warehouse;MBALS1;Allocate non-approved balance ID
MITBAL;Item - warehouse;MBPOOT;Point of time table
MITBAL;Item - warehouse;MBSTAT;Status
MITBAL;Item - warehouse;MBVTCP;VAT code - purchase
MITBAL;Item - warehouse;MBVTCS;VAT code - sales
MITBAL;Item - warehouse;MBMNUN;Main unit of calculation
MITBAL;Item - warehouse;MBGRTS;Distribution group technology
MITBAL;Item - warehouse;MBSLDY;Shelf life
MITBAL;Item - warehouse;MBREDY;Reinspection days
MITBAL;Item - warehouse;MBSAEL;Sales time
MITBAL;Item - warehouse;MBCPCD;CTP policy
MITBAL;Item - warehouse;MBLEAQ;Quarantine lead time
MITBAL;Item - warehouse;MBSCHT;Scheduled reclassification allowed
MITBAL;Item - warehouse;MBSALM;Secondary allocation method
MITBAL;Item - warehouse;MBCDYN;Cross-dock
MITBAL;Item - warehouse;MBPAFL;Fill partly empty locations
MITBAL;Item - warehouse;MBMRQT;Minimum remaining quantity
MITBAL;Item - warehouse;MBRGDT;Entry date
MITBAL;Item - warehouse;MBRGTM;Entry time
MITBAL;Item - warehouse;MBLMDT;Change date
MITBAL;Item - warehouse;MBCHNO;Change number
MITBAL;Item - warehouse;MBCHID;Changed by
MITBAL;Item - warehouse;MBAGDY;Aging days
MITBAL;Item - warehouse;MBAGHO;Aging hours
MITBAL;Item - warehouse;MBLMTS;Timestamp
MITBAL;Item - warehouse;MBSCPO;Supply chain policy
MITBAL;Item - warehouse;MBSESO;Seasonal item
MITBAL;Item - warehouse;MBALUN;Alternate U/M
MITBAL;Item - warehouse;MBMRPQ;MRP quantity on hand
MITBAL;Item - warehouse;MBPLNT;Planning template
MITBAL;Item - warehouse;MBPLID;Planning template implementation date
MITBAL;Item - warehouse;MBPLIT;Planning template implementation time
MITBAL;Item - warehouse;MBKTEX;Unpack kit
MITBAL;Item - warehouse;MBSTCW;Catch weight - approved on hand balance
MITBAL;Item - warehouse;MBQUCW;Catch weight for inspection-on hand bal
MITBAL;Item - warehouse;MBRJCW;Catch weight rejected - on hand balance
MITBAL;Item - warehouse;MBBALO;Batch allocation
MITBAL;Item - warehouse;MBDITI;Distribution table
MITBAL;Item - warehouse;MBRNRI;Returnable/non-returnable indicator
MITBAL;Item - warehouse;MBRMSG;Returnable message
MITBAL;Item - warehouse;MBPAFI;All partly empty
MITBAL;Item - warehouse;MBSCRQ;Scan required
MITBAL;Item - warehouse;MBAGDA;Aging date
MITBAL;Item - warehouse;MBIPLA;Inventory planned
MITBAL;Item - warehouse;MBSURT;Surplus stock type
MITBAL;Item - warehouse;MBAGMI;Aging minutes
MITBAL;Item - warehouse;MBBBTM;Best before time
MITBAL;Item - warehouse;MBFSSQ;Frozen safety stock
MITBAL;Item - warehouse;MBINSH;Inventory sharing
MITBAL;Item - warehouse;MBSSRE;Safety stock reason code
MITBAL;Item - warehouse;MBMOCM;MO consolidation method
MITBAL;Item - warehouse;MBTRDT;Transaction date
MITBAL;Item - warehouse;MBISEG;Inventory segment
MITBAL;Item - warehouse;MBREMN;Reinspection minutes
MITBAL;Item - warehouse;MBAVIQ;Average issue quantity
MITBAL;Item - warehouse;MBMISQ;Minimum safety stock
MITBAL;Item - warehouse;MBCSTQ;Consignment OHB
MITBAL;Item - warehouse;MBCQUQ;Consignment OHB inspection
MITBAL;Item - warehouse;MBCRJQ;Consignment OHB rejected
MITBAL;Item - warehouse;MBCSTW;Consignment CW OHB
MITBAL;Item - warehouse;MBCQUW;Consignment CW OHB inspection
MITBAL;Item - warehouse;MBCRJW;Consignment CW OHB rejected
MITBAL;Item - warehouse;MBCSLV;Consignment stock level
MITBAL;Item - warehouse;MBAMCS;Consignment usage rule
MITBAL;Item - warehouse;MBSQCS;Seq - supplier usage
MITBAL;Item - warehouse;MBSQC2;Seq - supplier usage 2
MITBAL;Item - warehouse;MBSQC3;Seq - supplier usage 3
MITBAL;Item - warehouse;MBSQC4;Seq - supplier usage 4
MITBAL;Item - warehouse;MBSQC5;Seq - supplier usage 5
MITBAL;Item - warehouse;MBPOTE;Expiry date table
MITBAL;Item - warehouse;MBPDLN;Product line
MITBAL;Item - warehouse;MBFUBA;Full balance ID control
MITEQU;Warehouse Equipment;NSCONO;Company
MITEQU;Warehouse Equipment;NSPISE;Warehouse equipment
MITEQU;Warehouse Equipment;NSTX40;Description
MITEQU;Warehouse Equipment;NSTX15;Name
MITEQU;Warehouse Equipment;NSITNO;Item number
MITEQU;Warehouse Equipment;NSSERN;Serial number
MITEQU;Warehouse Equipment;NSDTID;Data identity
MITEQU;Warehouse Equipment;NSPIDL;Send picking lists
MITEQU;Warehouse Equipment;NSRGDT;Entry date
MITEQU;Warehouse Equipment;NSRGTM;Entry time
MITEQU;Warehouse Equipment;NSLMDT;Change date
MITEQU;Warehouse Equipment;NSCHNO;Change number
MITEQU;Warehouse Equipment;NSCHID;Changed by
MITEQU;Warehouse Equipment;NSPADF;Packing adjustment factor
MITFAC;Item - facility;M9CONO;Company
MITFAC;Item - facility;M9FACI;Facility
MITFAC;Item - facility;M9ITNO;Item number
MITFAC;Item - facility;M9LEA4;Administrative lead time
MITFAC;Item - facility;M9CSNO;Customs statistical number
MITFAC;Item - facility;M9SPFA;Conversion factor supplementary U/M
MITFAC;Item - facility;M9ORCO;Country of origin
MITFAC;Item - facility;M9APPR;Average cost
MITFAC;Item - facility;M9UCOS;Cost price
MITFAC;Item - facility;M9SOCO;Ordering cost
MITFAC;Item - facility;M9EXPC;Yield percentage
MITFAC;Item - facility;M9BQTY;Batch quantity
MITFAC;Item - facility;M9BQTM;Batch quantity method
MITFAC;Item - facility;M9LLCM;Lowest level - BoM
MITFAC;Item - facility;M9DLET;MO lead time method
MITFAC;Item - facility;M9DLEF;Dynamic lead time fence - MO
MITFAC;Item - facility;M9DIDY;Flow order planning
MITFAC;Item - facility;M9DIDF;Flow order fence
MITFAC;Item - facility;M9PRRA;Production rate
MITFAC;Item - facility;M9TRHC;Throughput rate of capacity/day
MITFAC;Item - facility;M9MARC;MO reservations
MITFAC;Item - facility;M9JITF;Order-less production
MITFAC;Item - facility;M9REWH;Main warehouse
MITFAC;Item - facility;M9OPFQ;Optimal on-hand balance - facility
MITFAC;Item - facility;M9FANO;On-hand balance - facility
MITFAC;Item - facility;M9FANQ;On-hand balance for inspection -facility
MITFAC;Item - facility;M9FANR;Rejected on-hand balance - facility
MITFAC;Item - facility;M9FATM;On-hand balance method - facility
MITFAC;Item - facility;M9WCLN;Production line
MITFAC;Item - facility;M9EDEC;Method for expiry date excess control
MITFAC;Item - facility;M9AUGE;Automatic creation of MO
MITFAC;Item - facility;M9ECCC;Consumption code - trade stat (TST)
MITFAC;Item - facility;M9ECAR;State
MITFAC;Item - facility;M9CPRI;Customs procedure - import
MITFAC;Item - facility;M9CPRE;Customs procedure - export
MITFAC;Item - facility;M9WSCA;Costing model
MITFAC;Item - facility;M9PRCM;Costing model - product costing
MITFAC;Item - facility;M9PLAP;Planning process
MITFAC;Item - facility;M9PLUP;Push process
MITFAC;Item - facility;M9SCMO;Costing model - sales price
MITFAC;Item - facility;M9CPL0;Calculate price for line type 0
MITFAC;Item - facility;M9CPL1;Calculate price for line type 1
MITFAC;Item - facility;M9CPL2;Calculate price for line type 2
MITFAC;Item - facility;M9PPL0;Preliminary price for line type 0
MITFAC;Item - facility;M9PPL1;Preliminary price for line type 1
MITFAC;Item - facility;M9PPL2;Preliminary price for line type 2
MITFAC;Item - facility;M9TXID;Text identity
MITFAC;Item - facility;M9DTID;Data identity
MITFAC;Item - facility;M9CPDC;Costing decimal places
MITFAC;Item - facility;M9COCD;Item cost quantity
MITFAC;Item - facility;M9EVGR;Environment group
MITFAC;Item - facility;M9VAMT;Inventory accounting method
MITFAC;Item - facility;M9LAMA;Minimum accepted contributn margin ratio
MITFAC;Item - facility;M9GRTI;Group technology class
MITFAC;Item - facility;M9MOLL;MO leadtime limit
MITFAC;Item - facility;M9RGDT;Entry date
MITFAC;Item - facility;M9RGTM;Entry time
MITFAC;Item - facility;M9LMDT;Change date
MITFAC;Item - facility;M9CHNO;Change number
MITFAC;Item - facility;M9CHID;Changed by
MITFAC;Item - facility;M9LMTS;Timestamp
MITFAC;Item - facility;M9CRTM;Critical material
MITFAC;Item - facility;M9DICM;Costing model - distribution
MITFAC;Item - facility;M9ACRF;User-defined accounting control object
MITFAC;Item - facility;M9ECVE;Revision number
MITFAC;Item - facility;M9ATTC;Average costing per attribute
MITFAC;Item - facility;M9ATNR;Attribute number
MITFAC;Item - facility;M9STCW;Catch weight - approved on hand balance
MITFAC;Item - facility;M9QUCW;Catch weight for inspection-on hand bal
MITFAC;Item - facility;M9RJCW;Catch weight rejected - on hand balance
MITFAC;Item - facility;M9CAWC;Catch weight cost
MITFAC;Item - facility;M9COFA;Conversion factor
MITFAC;Item - facility;M9ALTS;Alternate structure
MITFAC;Item - facility;M9CSTQ;Consignment OHB
MITFAC;Item - facility;M9CQUQ;Consignment OHB inspection
MITFAC;Item - facility;M9CRJQ;Consignment OHB rejected
MITFAC;Item - facility;M9CSTW;Consignment CW OHB
MITFAC;Item - facility;M9CQUW;Consignment CW OHB inspection
MITFAC;Item - facility;M9CRJW;Consignment CW OHB rejected
MITFAC;Item - facility;M9SQCO;Sequencing code
MITHRY;Item hierarchy definitions;HICONO;Company
MITHRY;Item hierarchy definitions;HIHLVL;Yes/no
MITHRY;Item hierarchy definitions;HIHIE0;Hierachy identity
MITHRY;Item hierarchy definitions;HITX40;Description
MITHRY;Item hierarchy definitions;HITX15;Name
MITHRY;Item hierarchy definitions;HIULVL;Upper level
MITHRY;Item hierarchy definitions;HIULID;Upper level identity
MITHRY;Item hierarchy definitions;HIGRP0;Search group
MITHRY;Item hierarchy definitions;HIALTX;Search criteria
MITHRY;Item hierarchy definitions;HITXID;Text identity
MITHRY;Item hierarchy definitions;HIRGDT;Entry date
MITHRY;Item hierarchy definitions;HIRGTM;Entry time
MITHRY;Item hierarchy definitions;HILMDT;Change date
MITHRY;Item hierarchy definitions;HICHNO;Change number
MITHRY;Item hierarchy definitions;HICHID;Changed by
MITHRY;Item hierarchy definitions;HILMTS;Timestamp
MITLAD;Item descr/language;MDCONO;Company
MITLAD;Item descr/language;MDITNO;Item number
MITLAD;Item descr/language;MDLNCD;Language
MITLAD;Item descr/language;MDITDS;Name
MITLAD;Item descr/language;MDTEDS;Description 1
MITLAD;Item descr/language;MDFUDS;Description 2
MITLAD;Item descr/language;MDTXID;Text identity
MITLAD;Item descr/language;MDRGDT;Entry date
MITLAD;Item descr/language;MDRGTM;Entry time
MITLAD;Item descr/language;MDLMDT;Change date
MITLAD;Item descr/language;MDCHNO;Change number
MITLAD;Item descr/language;MDCHID;Changed by
MITLAD;Item descr/language;MDLMTS;Timestamp
MITLOC;Balance identities;MLCONO;Company
MITLOC;Balance identities;MLWHLO;Warehouse
MITLOC;Balance identities;MLITNO;Item number
MITLOC;Balance identities;MLWHSL;Location
MITLOC;Balance identities;MLBANO;Lot number
MITLOC;Balance identities;MLCAMU;Container
MITLOC;Balance identities;MLREPN;Receiving number
MITLOC;Balance identities;MLFACI;Facility
MITLOC;Balance identities;MLWHLT;Location type
MITLOC;Balance identities;MLSTQT;On-hand balance approved
MITLOC;Balance identities;MLPOCY;Normal potency
MITLOC;Balance identities;MLALQT;Allocated quantity - basic U/M
MITLOC;Balance identities;MLPLQT;Picking list quantity - basic U/M
MITLOC;Balance identities;MLALOC;Allocatable
MITLOC;Balance identities;MLPUAB;Put-away possible
MITLOC;Balance identities;MLSTAS;Status - balance ID
MITLOC;Balance identities;MLPPRI;Picking priority
MITLOC;Balance identities;MLPRDT;Priority date
MITLOC;Balance identities;MLIDDT;Last receipt date
MITLOC;Balance identities;MLODDT;Last issue date
MITLOC;Balance identities;MLINDT;Latest physical inventory date
MITLOC;Balance identities;MLINON;Physical inventory in progress
MITLOC;Balance identities;MLBREF;Lot reference 1
MITLOC;Balance identities;MLBRE2;Lot reference 2
MITLOC;Balance identities;MLBREM;Remark
MITLOC;Balance identities;MLSLTP;Stock zone
MITLOC;Balance identities;MLPACT;Packaging
MITLOC;Balance identities;MLSTES;Sample test
MITLOC;Balance identities;MLTXID;Text identity
MITLOC;Balance identities;MLDTID;Data identity
MITLOC;Balance identities;MLAUDE;Automatic deletion
MITLOC;Balance identities;MLAUDD;Automatic deletion delay
MITLOC;Balance identities;MLRCLS;Planned reclassification date
MITLOC;Balance identities;MLRCLN;Reclassification number
MITLOC;Balance identities;MLATNR;Attribute number
MITLOC;Balance identities;MLCNDT;Follow-up date
MITLOC;Balance identities;MLSEDT;Sales date
MITLOC;Balance identities;MLSTQM;On-hand balance - main U/M
MITLOC;Balance identities;MLRGDT;Entry date
MITLOC;Balance identities;MLRGTM;Entry time
MITLOC;Balance identities;MLLMDT;Change date
MITLOC;Balance identities;MLCHNO;Change number
MITLOC;Balance identities;MLCHID;Changed by
MITLOC;Balance identities;MLLMTS;Timestamp
MITLOC;Balance identities;MLINVC;Physical inventory candidate
MITLOC;Balance identities;MLATV1;Attribute value
MITLOC;Balance identities;MLATV2;Attribute value
MITLOC;Balance identities;MLATV3;Attribute value
MITLOC;Balance identities;MLATV4;Attribute value
MITLOC;Balance identities;MLATV5;Attribute value
MITLOC;Balance identities;MLCANB;Cost attribute number
MITLOC;Balance identities;MLSTNB;Physical inventory number
MITLOC;Balance identities;MLOPAN;Outer package number
MITLOC;Balance identities;MLCAWE;Catch weight
MITLOC;Balance identities;MLINCW;Initial catch weight
MITLOC;Balance identities;MLIQTY;Initial quantity
MITLOC;Balance identities;MLACUW;Cumulative usage weight
MITLOC;Balance identities;MLACUQ;Cumulative usage quantity
MITLOC;Balance identities;MLADJW;Adjusted weight
MITLOC;Balance identities;MLFIFL;Completion flag
MITLOC;Balance identities;MLSEMO;Sequence number
MITLOC;Balance identities;MLQIAD;Quality inspection approval date
MITLOC;Balance identities;MLANNO;LI specification number
MITLOC;Balance identities;MLNALO;Nonallocatable origin
MITLOC;Balance identities;MLTIHM;Time hours & minutes
MITLOC;Balance identities;MLQRID;QI request ID
MITLOC;Balance identities;MLCSOT;Consignment owner type
MITLOC;Balance identities;MLCSOW;Consignment owner
MITMAH;Style;HMCONO;Company
MITMAH;Style;HMITNO;Item number
MITMAH;Style;HMSTYN;Style number
MITMAH;Style;HMSQFZ;Sequence number for sorting
MITMAH;Style;HMFTIZ;Feature
MITMAH;Style;HMSQNZ;Sequence number for sorting
MITMAH;Style;HMOPTZ;Option
MITMAH;Style;HMTZ15;Name
MITMAH;Style;HMSQFX;Sequence number for sorting
MITMAH;Style;HMFTIX;Feature
MITMAH;Style;HMSQNX;Sequence number for sorting
MITMAH;Style;HMOPTX;Option
MITMAH;Style;HMTX15;Name
MITMAH;Style;HMSQFY;Sequence number for sorting
MITMAH;Style;HMFTIY;Feature
MITMAH;Style;HMSQNY;Sequence number for sorting
MITMAH;Style;HMOPTY;Option
MITMAH;Style;HMTY15;Name
MITMAH;Style;HMSECH;Season control
MITMAH;Style;HMRGDT;Entry date
MITMAH;Style;HMRGTM;Entry time
MITMAH;Style;HMLMDT;Change date
MITMAH;Style;HMCHNO;Change number
MITMAH;Style;HMCHID;Changed by
MITMAH;Style;HMPHID;Phantom ID
MITMAH;Style;HMCOLO;Color
MITMAH;Style;HMSFCO;Sequence number for sorting
MITMAH;Style;HMSQCO;Sequence number for sorting
MITMAH;Style;HMAXCO;Axis for color
MITMAH;Style;HMSIZE;Size
MITMAH;Style;HMSFSI;Sequence number for sorting
MITMAH;Style;HMSQSI;Sequence number for sorting
MITMAH;Style;HMAXSI;Axis for size
MITMAH;Style;HMCHCS;Characteristics
MITMAH;Style;HMSFCH;Sequence number for sorting
MITMAH;Style;HMSQCH;Sequence number for sorting
MITMAH;Style;HMAXCH;Axis for characteristics
MITMAH;Style;HMKITI;Kit indicator
MITMAH;Style;HMLMTS;Timestamp
MITMAS;Item Master;MMOWCT;Ownership control
MITMAS;Item Master;MMOWFA;Owning facility
MITMAS;Item Master;MMSRGR;Supplier rebate generating
MITMAS;Item Master;MMTAGR;Tariff code group
MITMAS;Item Master;MMCONO;Company
MITMAS;Item Master;MMITNO;Item number
MITMAS;Item Master;MMSTAT;Status
MITMAS;Item Master;MMITDS;Name
MITMAS;Item Master;MMFUDS;Description 2
MITMAS;Item Master;MMDWNO;Drawing number
MITMAS;Item Master;MMRESP;Responsible
MITMAS;Item Master;MMDCCD;Number of decimal places
MITMAS;Item Master;MMUNMS;Basic unit of measure
MITMAS;Item Master;MMITGR;Item group
MITMAS;Item Master;MMITCL;Product group
MITMAS;Item Master;MMBUAR;Business area
MITMAS;Item Master;MMEVGR;Environment group
MITMAS;Item Master;MMITTY;Item type
MITMAS;Item Master;MMTPCD;Item category
MITMAS;Item Master;MMMABU;Make/buy code
MITMAS;Item Master;MMCHCD;Configuration code
MITMAS;Item Master;MMSTCD;Inventory accounting
MITMAS;Item Master;MMBACD;Lot numbering method
MITMAS;Item Master;MMVOL3;Volume
MITMAS;Item Master;MMNEWE;Net weight
MITMAS;Item Master;MMGRWE;Gross weight
MITMAS;Item Master;MMPPUN;Purchase price U/M
MITMAS;Item Master;MMBYPR;By/co-product code
MITMAS;Item Master;MMWAPC;Normal waste percentage
MITMAS;Item Master;MMQACD;Inspection code
MITMAS;Item Master;MMEPCD;Yield calculation
MITMAS;Item Master;MMPOCY;Normal potency
MITMAS;Item Master;MMACTI;Active or catch weight item
MITMAS;Item Master;MMHIE1;Hierarchy level 1
MITMAS;Item Master;MMHIE2;Hierarchy level 2
MITMAS;Item Master;MMHIE3;Hierarchy level 3
MITMAS;Item Master;MMHIE4;Hierarchy level 4
MITMAS;Item Master;MMHIE5;Hierarchy level 5
MITMAS;Item Master;MMGRP1;Search group 1
MITMAS;Item Master;MMGRP2;Search group 2
MITMAS;Item Master;MMGRP3;Search group 3
MITMAS;Item Master;MMGRP4;Search group 4
MITMAS;Item Master;MMGRP5;Search group 5
MITMAS;Item Master;MMCFI1;User-defined field 1 - item
MITMAS;Item Master;MMCFI2;User-defined field 2 - item
MITMAS;Item Master;MMCFI3;User-defined field 3 - item
MITMAS;Item Master;MMCFI4;User-defined field 4 - item
MITMAS;Item Master;MMCFI5;User-defined field 5 - item
MITMAS;Item Master;MMECCC;Consumption code - trade stat (TST)
MITMAS;Item Master;MMTXID;Text identity
MITMAS;Item Master;MMDTID;Data identity
MITMAS;Item Master;MMECVE;Revision number
MITMAS;Item Master;MMECAC;Engineering change order type
MITMAS;Item Master;MMECMA;ECO managed
MITMAS;Item Master;MMECFL;Active engineering changes
MITMAS;Item Master;MMWSCA;Costing model
MITMAS;Item Master;MMPRGP;Procurement group
MITMAS;Item Master;MMETRF;External instruction
MITMAS;Item Master;MMACRF;User-defined accounting control object
MITMAS;Item Master;MMINDI;Lot control method
MITMAS;Item Master;MMPUUN;Purchase order U/M
MITMAS;Item Master;MMAUTC;Issue message
MITMAS;Item Master;MMALUC;Alternate U/M in use
MITMAS;Item Master;MMPDCC;Number of price decimal places
MITMAS;Item Master;MMIEAA;Item exists as alias identity
MITMAS;Item Master;MMRIDE;Reference identity
MITMAS;Item Master;MMRIDC;Reference identity code
MITMAS;Item Master;MMGRTI;Group technology class
MITMAS;Item Master;MMGRTS;Distribution group technology
MITMAS;Item Master;MMEXPD;Expiration date method
MITMAS;Item Master;MMITRF;Internal instruction
MITMAS;Item Master;MMPRCM;Costing model - product costing
MITMAS;Item Master;MMGRMT;Goods receiving method
MITMAS;Item Master;MMHAZI;Danger indicator
MITMAS;Item Master;MMSALE;Sales item
MITMAS;Item Master;MMFRAG;Fragility
MITMAS;Item Master;MMTAXC;Tax code customer/address
MITMAS;Item Master;MMATMO;Attribute model
MITMAS;Item Master;MMATMN;Attribute managed
MITMAS;Item Master;MMTPLI;Template item number
MITMAS;Item Master;MMFCU1;Capacity - free capacity unit
MITMAS;Item Master;MMSUNO;Supplier
MITMAS;Item Master;MMPUPR;Purchase price
MITMAS;Item Master;MMPUCD;Purchase price quantity
MITMAS;Item Master;MMCUCD;Currency
MITMAS;Item Master;MMPPDT;Purchase price date
MITMAS;Item Master;MMSAPR;Sales price
MITMAS;Item Master;MMSTUN;Statistical U/M
MITMAS;Item Master;MMSACD;Sales price quantity
MITMAS;Item Master;MMCUCS;Currency - sales price
MITMAS;Item Master;MMSPDT;Sales price date
MITMAS;Item Master;MMDIGI;Discount group - item
MITMAS;Item Master;MMBGRP;Bonus group
MITMAS;Item Master;MMPRVG;Commission group
MITMAS;Item Master;MMFRE3;Statistics identity 3 item
MITMAS;Item Master;MMFRE4;Statistics identity 4 item
MITMAS;Item Master;MMOTDI;Order total discount generating
MITMAS;Item Master;MMBOGR;Bonus generating
MITMAS;Item Master;MMPRGR;Commission generating
MITMAS;Item Master;MMLAMA;Minimum accepted contributn margin ratio
MITMAS;Item Master;MMACHK;Assortment check
MITMAS;Item Master;MMBPEY;Update buying pattern
MITMAS;Item Master;MMSPUN;Sales price unit of measure
MITMAS;Item Master;MMSPUC;Fixed or dynamic sales price U/M
MITMAS;Item Master;MMALUN;Alternate U/M
MITMAS;Item Master;MMUNNN;UN number
MITMAS;Item Master;MMUNPA;UN pack code
MITMAS;Item Master;MMHAC1;Danger class 1
MITMAS;Item Master;MMHAC2;Danger class 2
MITMAS;Item Master;MMHAC3;Danger class 3
MITMAS;Item Master;MMDIM1;Measurement 1
MITMAS;Item Master;MMDIM2;Measurement 2
MITMAS;Item Master;MMDIM3;Measurement 3
MITMAS;Item Master;MMSPE1;Specification 1
MITMAS;Item Master;MMSPE2;Specification 2
MITMAS;Item Master;MMSPE3;Specification 3
MITMAS;Item Master;MMSPE4;Specification 4
MITMAS;Item Master;MMSPE5;Specification 5
MITMAS;Item Master;MMCETY;Lot restricted release
MITMAS;Item Master;MMSTCN;Storage requirements
MITMAS;Item Master;MMSPAC;Storage packaging
MITMAS;Item Master;MMTRPA;Transportation packaging
MITMAS;Item Master;MMPROD;Manufacturer
MITMAS;Item Master;MMSMFI;Single manufacturer
MITMAS;Item Master;MMTANK;Location characteristic
MITMAS;Item Master;MMARPA;Repair supplier
MITMAS;Item Master;MMARPR;Repair planner
MITMAS;Item Master;MMAMPT;Repair time
MITMAS;Item Master;MMAWDY;Repair warranty - days
MITMAS;Item Master;MMNPTO;Tool quantity
MITMAS;Item Master;MMMES1;Meter 1
MITMAS;Item Master;MMMES2;Meter 2
MITMAS;Item Master;MMMES3;Meter 3
MITMAS;Item Master;MMMES4;Meter 4
MITMAS;Item Master;MMMVA1;Meter value 1
MITMAS;Item Master;MMMVA2;Meter value 2
MITMAS;Item Master;MMMVA3;Meter value 3
MITMAS;Item Master;MMMVA4;Meter value 4
MITMAS;Item Master;MMPEQ1;Quantity or time
MITMAS;Item Master;MMPEQ2;Quantity or time
MITMAS;Item Master;MMPEQ3;Quantity or time
MITMAS;Item Master;MMPEQ4;Quantity or time
MITMAS;Item Master;MMPET1;Trigger type
MITMAS;Item Master;MMPET2;Trigger type
MITMAS;Item Master;MMPET3;Trigger type
MITMAS;Item Master;MMPET4;Trigger type
MITMAS;Item Master;MMMPGM;Maintenance program
MITMAS;Item Master;MMORTY;Order type
MITMAS;Item Master;MMPLCD;Planning policy
MITMAS;Item Master;MMMAPL;Planner - maintenance
MITMAS;Item Master;MMTOHI;Tool history
MITMAS;Item Master;MMTORE;Tool allocation
MITMAS;Item Master;MMFEBA;Tool reporting
MITMAS;Item Master;MMMAPN;Maintenance planning
MITMAS;Item Master;MMDOID;Document identity
MITMAS;Item Master;MMSEPR;Setup price
MITMAS;Item Master;MMSTCS;Downtime cost
MITMAS;Item Master;MMNESA;Next shop action type
MITMAS;Item Master;MMNSUF;Next service
MITMAS;Item Master;MMFCCM;Forecast logic
MITMAS;Item Master;MMDPID;Period frame
MITMAS;Item Master;MMCONC;Continuous net change
MITMAS;Item Master;MMPLMZ;Planning horizon
MITMAS;Item Master;MMCCO1;Calculation constant 1
MITMAS;Item Master;MMCCO2;Calculation constant 2
MITMAS;Item Master;MMCCO3;Calculation constant 3
MITMAS;Item Master;MMWADY;Manufacturer warranty
MITMAS;Item Master;MMTBSR;Time between scheduled shop visits
MITMAS;Item Master;MMMBSR;Meter - scheduled shop visits
MITMAS;Item Master;MMTBUR;Unscheduled removal rate
MITMAS;Item Master;MMMBUR;Meter - unscheduled removal rate
MITMAS;Item Master;MMTBFR;Time between failure
MITMAS;Item Master;MMMBFR;Meter - failure
MITMAS;Item Master;MMAESC;Criticality class
MITMAS;Item Master;MMAES2;Extended-range twin-engine operations
MITMAS;Item Master;MMAMOR;Maintenance/overhaul/repair class
MITMAS;Item Master;MMFUNC;Function area
MITMAS;Item Master;MMSTNC;Standard numbering system
MITMAS;Item Master;MMDIRR;Dimensional removal rate
MITMAS;Item Master;MMMDIR;Meter - dimensioning removal rate
MITMAS;Item Master;MMSCGR;Service level
MITMAS;Item Master;MMARR1;Removal class
MITMAS;Item Master;MMAEQY;Extra quantity
MITMAS;Item Master;MMLEAI;Internal lead time
MITMAS;Item Master;MMWAL1;Warranty limit 1
MITMAS;Item Master;MMWAL2;Warranty limit 2
MITMAS;Item Master;MMWAL3;Warranty limit 3
MITMAS;Item Master;MMWAL4;Warranty limit 4
MITMAS;Item Master;MMIACP;Attribute-controlled item
MITMAS;Item Master;MMHDPR;Main product
MITMAS;Item Master;MMAAD0;Extended QA used
MITMAS;Item Master;MMAAD1;Generate txt from text template
MITMAS;Item Master;MMCHCL;Charge calculation
MITMAS;Item Master;MMITRC;Individual item tracing
MITMAS;Item Master;MMVTCP;VAT code - purchase
MITMAS;Item Master;MMVTCS;VAT code - sales
MITMAS;Item Master;MMRGDT;Entry date
MITMAS;Item Master;MMRGTM;Entry time
MITMAS;Item Master;MMLMDT;Change date
MITMAS;Item Master;MMCHNO;Change number
MITMAS;Item Master;MMCHID;Changed by
MITMAS;Item Master;MMLMTS;Timestamp
MITMAS;Item Master;MMATNR;Attribute number
MITMAS;Item Master;MMNMIT;Non-material type
MITMAS;Item Master;MMTECR;Core terms
MITMAS;Item Master;MMEXCA;Exchangeable
MITMAS;Item Master;MMCAWP;Location-based catch weight
MITMAS;Item Master;MMCWUN;Catch weight unit of measure
MITMAS;Item Master;MMCPUN;Cost unit of measure
MITMAS;Item Master;MMILEN;Length
MITMAS;Item Master;MMIWID;Width
MITMAS;Item Master;MMIHEI;Height
MITMAS;Item Master;MMRNRI;Returnable/non-returnable indicator
MITMAS;Item Master;MMSAFC;Supplier's ABC code
MITMAS;Item Master;MMRMSG;Returnable message
MITMAS;Item Master;MMMOTP;Model/site
MITMAS;Item Master;MMACMC;Compatibility code
MITMAS;Item Master;MMACCG;Acceptance group
MITMAS;Item Master;MMCCI1;Core charge - item number
MITMAS;Item Master;MMCCCM;Costing model - core charge
MITMAS;Item Master;MMCRI1;Core remanufacturing - item number
MITMAS;Item Master;MMITRU;Include in territorial rollup
MITMAS;Item Master;MMHVMT;Harvest method
MITMAS;Item Master;MMITNE;Extended item number
MITMAS;Item Master;MMQMGP;Quality group
MITMAS;Item Master;MMSPGV;Specific gravity
MITMAS;Item Master;MMRUID;Ruleset ID
MITMAS;Item Master;MMSPIH;Inherit specs
MITMAS;Item Master;MMQIRQ;Quality inspected
MITMAS;Item Master;MMPDLN;Product line
MITMAS;Item Master;MMCPGR;Composition group
MITMAS;Item Master;MMSUME;Sublot controlled
MITMAS;Item Master;MMSUMP;Sublot policy
MITPAC;Package;M4CONO;Company
MITPAC;Package;M4PACT;Packaging
MITPAC;Package;M4PANM;Name
MITPAC;Package;M4WHLT;Location type
MITPAC;Package;M4WEIG;Weight capacity
MITPAC;Package;M4VOL3;Volume
MITPAC;Package;M4VOM3;Volume
MITPAC;Package;M4VOMT;Weight
MITPAC;Package;M4ITNO;Item number
MITPAC;Package;M4PACK;Packaging type
MITPAC;Package;M4PACL;Packaging length
MITPAC;Package;M4PACW;Packaging width
MITPAC;Package;M4PACH;Packaging height
MITPAC;Package;M4NMFA;Normalization factor
MITPAC;Package;M4TXID;Text identity
MITPAC;Package;M4FCU1;Capacity - free capacity unit
MITPAC;Package;M4RGDT;Entry date
MITPAC;Package;M4RGTM;Entry time
MITPAC;Package;M4LMDT;Change date
MITPAC;Package;M4CHNO;Change number
MITPAC;Package;M4CHID;Changed by
MITPAC;Package;M4PAGR;Packaging group
MITPAC;Package;M4MXFI;Maximum fill rate
MITPAC;Package;M4MIFI;Minimum fill rate
MITPAC;Package;M4FRCP;Capacity - free capacity unit
MITPAC;Package;M4LMTS;Timestamp
MITPAC;Package;M4DTID;Data identity
MITPCE;Stock location;MSCONO;Company
MITPCE;Stock location;MSWHLO;Warehouse
MITPCE;Stock location;MSWHSL;Location
MITPCE;Stock location;MSSLDS;Name
MITPCE;Stock location;MSSLTP;Stock zone
MITPCE;Stock location;MSRESP;Responsible
MITPCE;Stock location;MSSLDV;Multi-storage location
MITPCE;Stock location;MSALOC;Allocatable
MITPCE;Stock location;MSSALO;Single allocation
MITPCE;Stock location;MSDEHO;Delay
MITPCE;Stock location;MSDEST;Status proposal
MITPCE;Stock location;MSAUDE;Automatic deletion
MITPCE;Stock location;MSAUDD;Automatic deletion delay
MITPCE;Stock location;MSIDDT;Last receipt date
MITPCE;Stock location;MSODDT;Last issue date
MITPCE;Stock location;MSNBRL;Number of balance identities
MITPCE;Stock location;MSMVOL;Maximum storage volume
MITPCE;Stock location;MSAVOL;Current storage volume
MITPCE;Stock location;MSMAXW;Maximum storage weight
MITPCE;Stock location;MSACTW;Current storage weight
MITPCE;Stock location;MSPISE;Warehouse equipment
MITPCE;Stock location;MSEDP1;Editing position 1
MITPCE;Stock location;MSEDP2;Editing position 2
MITPCE;Stock location;MSEDS1;Editing character 1
MITPCE;Stock location;MSEDS2;Editing character 2
MITPCE;Stock location;MSTRFL;Transportation flow
MITPCE;Stock location;MSABFC;ABC class - frequency
MITPCE;Stock location;MSSPID;Distribution identity
MITPCE;Stock location;MSWHLT;Location type
MITPCE;Stock location;MSSTFU;Transaction statistics
MITPCE;Stock location;MSMFRT;Max filling rate
MITPCE;Stock location;MSFRTE;Current filling rate
MITPCE;Stock location;MSPACL;Packaging length
MITPCE;Stock location;MSPACW;Packaging width
MITPCE;Stock location;MSPACH;Packaging height
MITPCE;Stock location;MSCMNG;Container management
MITPCE;Stock location;MSCUNO;Customer
MITPCE;Stock location;MSTXID;Text identity
MITPCE;Stock location;MSCHKC;Check code
MITPCE;Stock location;MSLOCG;Location group
MITPCE;Stock location;MSLCHK;Check code - location
MITPCE;Stock location;MSRGDT;Entry date
MITPCE;Stock location;MSRGTM;Entry time
MITPCE;Stock location;MSLMDT;Change date
MITPCE;Stock location;MSCHNO;Change number
MITPCE;Stock location;MSCHID;Changed by
MITPCE;Stock location;MSLMTS;Timestamp
MITPCE;Stock location;MSGEOX;Geographic code X
MITPCE;Stock location;MSGEOY;Geographic code Y
MITPCE;Stock location;MSGEOZ;Geographic code  Z
MITPCE;Stock location;MSINVD;Create physical inventory during picking
MITPCE;Stock location;MSINDT;Latest physical inventory date
MITPCE;Stock location;MSWHLC;Location characteristic
MITPCE;Stock location;MSANOB;Auto adjust negative on-hand balance
MITPCS;Stock location transaction statistics;M6CONO;Company
MITPCS;Stock location transaction statistics;M6WHLO;Warehouse
MITPCS;Stock location transaction statistics;M6WHSL;Location
MITPCS;Stock location transaction statistics;M6CYP6;Period
MITPCS;Stock location transaction statistics;M6NUSE;Number of receipts
MITPCS;Stock location transaction statistics;M6NUSW;Number of issues
MITPLG;Delayed orders;MOCONO;Company
MITPLG;Delayed orders;MOWHLO;Warehouse
MITPLG;Delayed orders;MOITNO;Item number
MITPLG;Delayed orders;MOORCA;Order category
MITPLG;Delayed orders;MORIDN;Order number
MITPLG;Delayed orders;MORIDL;Order line
MITPLG;Delayed orders;MORIDI;Delivery number
MITPLG;Delayed orders;MORIDX;Line suffix
MITPLG;Delayed orders;MOFACI;Facility
MITPLG;Delayed orders;MOCUNO;Customer
MITPLG;Delayed orders;MOTWLO;To warehouse
MITPLG;Delayed orders;MORESP;Responsible
MITPLG;Delayed orders;MOLMTS;Timestamp
MITPLO;Material plan;MOCONO;Company
MITPLO;Material plan;MOWHLO;Warehouse
MITPLO;Material plan;MOITNO;Item number
MITPLO;Material plan;MOPLDT;Planning date
MITPLO;Material plan;MOTIHM;Time hours & minutes
MITPLO;Material plan;MOSTAT;Status
MITPLO;Material plan;MOORCA;Order category
MITPLO;Material plan;MORIDN;Order number
MITPLO;Material plan;MORIDL;Order line
MITPLO;Material plan;MORIDI;Delivery number
MITPLO;Material plan;MORIDX;Line suffix
MITPLO;Material plan;MONNDT;Alternate planning date
MITPLO;Material plan;MOPRIO;Priority
MITPLO;Material plan;MORFTX;Reference text
MITPLO;Material plan;MORPRT;Representative transaction
MITPLO;Material plan;MOTRQT;Transaction quantity - basic U/M
MITPLO;Material plan;MOALQT;Allocated quantity - basic U/M
MITPLO;Material plan;MOPQTT;Preallocated quantity
MITPLO;Material plan;MOPQTF;Preallocated quantity in process
MITPLO;Material plan;MONOAA;Overriding allocation method
MITPLO;Material plan;MOALMT;Allocation method
MITPLO;Material plan;MOSPMT;Issue method
MITPLO;Material plan;MOORDP;Order dependent
MITPLO;Material plan;MOACTP;Action message (AM)
MITPLO;Material plan;MOAMRG;Action message registration date
MITPLO;Material plan;MOAMOF;Action message closed
MITPLO;Material plan;MOCALI;Include PO in projected on-hand balance
MITPLO;Material plan;MOPRFO;Production forecast (2L)
MITPLO;Material plan;MOPROJ;Project number
MITPLO;Material plan;MOATNR;Attribute number
MITPLO;Material plan;MOCFIN;Configuration number
MITPLO;Material plan;MOLMTS;Timestamp
MITPLO;Material plan;MOATV1;Attribute value
MITPLO;Material plan;MOATV2;Attribute value
MITPLO;Material plan;MOATV3;Attribute value
MITPLO;Material plan;MOATV4;Attribute value
MITPLO;Material plan;MOATV5;Attribute value
MITPLO;Material plan;MOORI1;Origin
MITPLO;Material plan;MOTRTP;Order type
MITPLO;Material plan;MOELNO;Project element
MITPLO;Material plan;MOCONA;Consignee
MITPLO;Material plan;MOSTYN;Style number
MITPLO;Material plan;MOCOLO;Color
MITPLO;Material plan;MOCHCS;Characteristics
MITPLO;Material plan;MOSTS2;Status
MITPLO;Material plan;MOREQI;Reserved quantity indicator
MITPOP;Alias numbers;MPCONO;Company
MITPOP;Alias numbers;MPALWT;Alias category
MITPOP;Alias numbers;MPALWQ;Alias qualifier
MITPOP;Alias numbers;MPITNO;Item number
MITPOP;Alias numbers;MPPOPN;Alias number
MITPOP;Alias numbers;MPE0PA;Partner
MITPOP;Alias numbers;MPVFDT;Valid from
MITPOP;Alias numbers;MPSEA1;Season
MITPOP;Alias numbers;MPLVDT;Valid to
MITPOP;Alias numbers;MPCNQT;Quantity
MITPOP;Alias numbers;MPALUN;Alternate U/M
MITPOP;Alias numbers;MPORCO;Country of origin
MITPOP;Alias numbers;MPSEQN;Sequence number
MITPOP;Alias numbers;MPREMK;Remark
MITPOP;Alias numbers;MPCFIN;Configuration number
MITPOP;Alias numbers;MPTXID;Text identity
MITPOP;Alias numbers;MPATPE;Alias type
MITPOP;Alias numbers;MPATNR;Attribute number
MITPOP;Alias numbers;MPRGDT;Entry date
MITPOP;Alias numbers;MPRGTM;Entry time
MITPOP;Alias numbers;MPLMDT;Change date
MITPOP;Alias numbers;MPCHNO;Change number
MITPOP;Alias numbers;MPCHID;Changed by
MITPOP;Alias numbers;MPLMTS;Timestamp
MITPOP;Alias numbers;MPPRNA;Classification per season
MITPTY;Stocklocation type;MJCONO;Company
MITPTY;Stocklocation type;MJWHLT;Location type
MITPTY;Stocklocation type;MJWTNM;Name
MITPTY;Stocklocation type;MJNWUS;New or used material
MITPTY;Stocklocation type;MJRGDT;Entry date
MITPTY;Stocklocation type;MJRGTM;Entry time
MITPTY;Stocklocation type;MJLMDT;Change date
MITPTY;Stocklocation type;MJCHNO;Change number
MITPTY;Stocklocation type;MJCHID;Changed by
MITPTY;Stocklocation type;MJLMTS;Timestamp
MITSCH;Search group definitions;SGDTID;Data identity
MITSCH;Search group definitions;SGCONO;Company
MITSCH;Search group definitions;SGGLVL;Yes/no
MITSCH;Search group definitions;SGSGP0;Item search group
MITSCH;Search group definitions;SGTX40;Description
MITSCH;Search group definitions;SGTX15;Name
MITSCH;Search group definitions;SGALTX;Search criteria
MITSCH;Search group definitions;SGTXID;Text identity
MITSCH;Search group definitions;SGRGDT;Entry date
MITSCH;Search group definitions;SGRGTM;Entry time
MITSCH;Search group definitions;SGLMDT;Change date
MITSCH;Search group definitions;SGCHNO;Change number
MITSCH;Search group definitions;SGCHID;Changed by
MITSTA;Item Master File;MHDMIQ;Requested quantity for internal demand
MITSTA;Item Master File;MHSDQT;Sold quantity for internal demand
MITSTA;Item Master File;MHCONO;Company
MITSTA;Item Master File;MHWHLO;Warehouse
MITSTA;Item Master File;MHITNO;Item number
MITSTA;Item Master File;MHCYP6;Period
MITSTA;Item Master File;MHPUQT;Purchased quantity
MITSTA;Item Master File;MHMAQT;Manufactured quantity
MITSTA;Item Master File;MHSOQT;Sold quantity
MITSTA;Item Master File;MHPPQT;Planned quantity
MITSTA;Item Master File;MHUSQT;Used quantity
MITSTA;Item Master File;MHNRUS;Non-representative usage
MITSTA;Item Master File;MHSCQT;Scrapped quantity
MITSTA;Item Master File;MHSTDP;Positive physical inventory variance
MITSTA;Item Master File;MHSTDN;Negative physical inventory variance
MITSTA;Item Master File;MHBUQT;Budget quantity
MITSTA;Item Master File;MHFOQT;Forecast quantity
MITSTA;Item Master File;MHDEMQ;Requested quantity
MITSTA;Item Master File;MHAVST;Average on-hand balance
MITSTA;Item Master File;MHNUPL;Number of planned orders
MITSTA;Item Master File;MHNUSH;Number of shortages
MITSTA;Item Master File;MHNUPS;Number of planned shortages
MITSTA;Item Master File;MHNUSE;Number of receipts
MITSTA;Item Master File;MHNUSW;Number of issues
MITSTA;Item Master File;MHNURT;Number of returns
MITSTA;Item Master File;MHMOVP;Positive transfer
MITSTA;Item Master File;MHMOVN;Negative transfer
MITSTA;Item Master File;MHRECP;Positive reclassification
MITSTA;Item Master File;MHRECN;Negative reclassification
MITSTA;Item Master File;MHUSRE;Unscheduled removals
MITSTA;Item Master File;MHSDRE;Scheduled removals
MITSTA;Item Master File;MHCNFA;Number of verified failures
MITSTA;Item Master File;MHPEPR;Period price
MITSTA;Item Master File;MHFSQ1;Optional statistics field
MITSTA;Item Master File;MHNUIV;Number of physical inventories
MITSTA;Item Master File;MHNUIE;Number of rejected physical inventories
MITSTA;Item Master File;MHCWLO;Catch weight loss
MITSTA;Item Master File;MHCDQT;Cross-docked quantity
MITSTA;Item Master File;MHCDCT;Number of cross-docks
MITSTA;Item Master File;MHLMTS;Timestamp
MITSTA;Item Master File;MHCPYI;Copied information
MITSTA;Item Master File;MHPURQ;Purchased quantity referenced
MITSTA;Item Master File;MHMARQ;Manufactured quantity referenced
MITSTA;Item Master File;MHSORQ;Sold quantity referenced
MITSTA;Item Master File;MHUSRQ;Used quantity referenced
MITSTA;Item Master File;MHNRUR;Non-representative usage referenced
MITSTA;Item Master File;MHMORP;Positive transfer referenced
MITSTA;Item Master File;MHMPTS;Positive transfer surplus
MITSTA;Item Master File;MHMORN;Negative transfer referenced
MITSTA;Item Master File;MHMNTS;Negative transfer surplus
MITSTA;Item Master File;MHNRSE;Number of receipts referenced
MITSTA;Item Master File;MHNRSW;Number of issues referenced
MITSTA;Item Master File;MHSREQ;Surplus return quantity
MITSTA;Item Master File;MHDHMQ;Requested quantity from order header
MITSTA;Item Master File;MHSHMQ;Sold quantity header
MITSTA;Item Master File;MHNLRQ;Number of CO requests from order line
MITSTA;Item Master File;MHNHRQ;Number of CO requests from order header
MITSTA;Item Master File;MHNUSQ;Number of internal requests
MITSTA;Item Master File;MHUSQR;Internally requested quantity
MITSTA;Item Master File;MHDRUQ;Dependent rollup quantity
MITSTA;Item Master File;MHDRUR;Dependent rollup requests
MITSTA;Item Master File;MHTRUQ;Territorial rollup quantity
MITSTA;Item Master File;MHTRUR;Territorial rollup requests
MITSTA;Item Master File;MHMOVR;Negative transfer requested quantity
MITSTA;Item Master File;MHNLMQ;Number of negative transfer requests
MITSTA;Item Master File;MHOPUQ;Ordering purchased quantity
MITTRA;Stock transactions;MTCONO;Company
MITTRA;Stock transactions;MTWHLO;Warehouse
MITTRA;Stock transactions;MTITNO;Item number
MITTRA;Stock transactions;MTRGDT;Entry date
MITTRA;Stock transactions;MTRGTM;Entry time
MITTRA;Stock transactions;MTTMSX;Time suffix
MITTRA;Stock transactions;MTTRDT;Transaction date
MITTRA;Stock transactions;MTTRTM;Transaction time
MITTRA;Stock transactions;MTRESP;Responsible
MITTRA;Stock transactions;MTTTID;Transaction identity
MITTRA;Stock transactions;MTTRTP;Order type
MITTRA;Stock transactions;MTTTYP;Stock transaction type
MITTRA;Stock transactions;MTSLTP;Stock zone
MITTRA;Stock transactions;MTWHSL;Location
MITTRA;Stock transactions;MTBANO;Lot number
MITTRA;Stock transactions;MTCAMU;Container
MITTRA;Stock transactions;MTBREF;Lot reference 1
MITTRA;Stock transactions;MTBRE2;Lot reference 2
MITTRA;Stock transactions;MTRIDN;Order number
MITTRA;Stock transactions;MTRIDO;Order operation
MITTRA;Stock transactions;MTRIDL;Order line
MITTRA;Stock transactions;MTRIDI;Delivery number
MITTRA;Stock transactions;MTPLSX;Picking list suffix
MITTRA;Stock transactions;MTRFTX;Reference text
MITTRA;Stock transactions;MTRORC;Reference order category
MITTRA;Stock transactions;MTRORN;Reference order number
MITTRA;Stock transactions;MTRORL;Reference order line
MITTRA;Stock transactions;MTPRMF;Process manufacturing order number
MITTRA;Stock transactions;MTRPRT;Representative transaction
MITTRA;Stock transactions;MTECVE;Revision number
MITTRA;Stock transactions;MTSTAS;Status - balance ID
MITTRA;Stock transactions;MTTRQT;Transaction quantity - basic U/M
MITTRA;Stock transactions;MTNSTQ;New on-hand balance
MITTRA;Stock transactions;MTNSTT;New on-hand balance per transaction date
MITTRA;Stock transactions;MTREPN;Receiving number
MITTRA;Stock transactions;MTINER;Physical inventory error
MITTRA;Stock transactions;MTTUPC;Updating code for transaction
MITTRA;Stock transactions;MTTRPR;Inventory accounting price
MITTRA;Stock transactions;MTACRF;User-defined accounting control object
MITTRA;Stock transactions;MTANBR;Accounting number
MITTRA;Stock transactions;MTMFCO;Acquisition cost
MITTRA;Stock transactions;MTSTNO;Total on-hand balance
MITTRA;Stock transactions;MTPROJ;Project number
MITTRA;Stock transactions;MTELNO;Project element
MITTRA;Stock transactions;MTRSCD;Transaction reason
MITTRA;Stock transactions;MTCAWE;Catch weight
MITTRA;Stock transactions;MTCNDA;Consumption date
MITTRA;Stock transactions;MTADCU;Expiration time adjustment - days
MITTRA;Stock transactions;MTNHAI;Next item number
MITTRA;Stock transactions;MTNHSN;Next serial number
MITTRA;Stock transactions;MTBIRT;Origin identity
MITTRA;Stock transactions;MTINDI;Lot control method
MITTRA;Stock transactions;MTCFGL;Position
MITTRA;Stock transactions;MTLOCH;Location history
MITTRA;Stock transactions;MTDEID;Complaint
MITTRA;Stock transactions;MTATNR;Attribute number
MITTRA;Stock transactions;MTATNB;Attribute number lot
MITTRA;Stock transactions;MTCDTP;Cross-docking type
MITTRA;Stock transactions;MTTRQA;Transaction quantity in alt U/M
MITTRA;Stock transactions;MTSTCD;Inventory accounting
MITTRA;Stock transactions;MTSUDO;Delivery note number
MITTRA;Stock transactions;MTUPIS;Update INTRASTAT
MITTRA;Stock transactions;MTPANR;Package number
MITTRA;Stock transactions;MTRIDX;Line suffix
MITTRA;Stock transactions;MTRORX;Line suffix
MITTRA;Stock transactions;MTLMTS;Timestamp
MITTRA;Stock transactions;MTSCNB;Supply chain number
MITTRA;Stock transactions;MTCANB;Cost attribute number
MITTRA;Stock transactions;MTOPAN;Outer package number
MITTRA;Stock transactions;MTFIAS;Fixed asset
MITTRA;Stock transactions;MTHACP;Historic actual cost
MITTRA;Stock transactions;MTHACS;Status of historic actual cost
MITTRA;Stock transactions;MTCWTQ;Catch weight - new on-hand balance
MITTRA;Stock transactions;MTCWTT;Catch weight - new OHB per trans date
MITTRA;Stock transactions;MTCSQT;Cost quantity
MITTRA;Stock transactions;MTBFCI;Base for corrective invoice
MITTRA;Stock transactions;MTCADT;Accounting date
MITTRA;Stock transactions;MTREIT;Reversed  inventory transaction
MITTRA;Stock transactions;MTPANB;Periodic accounting number
MITTRA;Stock transactions;MTOHAC;Original historic actual cost
MITTRA;Stock transactions;MTENNO;Entitlement number
MITTRA;Stock transactions;MTMIGI;Internal migration status
MITTRA;Stock transactions;MTCNST;Consignment - new OHB per trans date
MITTRA;Stock transactions;MTCCWT;Consignment new CW OHB per trans date
MITTRA;Stock transactions;MTCSOT;Consignment owner type
MITTRA;Stock transactions;MTCSOW;Consignment owner
MITVEN;Item/Supplier;IFSRGR;Supplier rebate generating
MITVEN;Item/Supplier;IFCONO;Company
MITVEN;Item/Supplier;IFITNO;Item number
MITVEN;Item/Supplier;IFPRCS;Service process
MITVEN;Item/Supplier;IFSUFI;Service
MITVEN;Item/Supplier;IFSUNO;Supplier
MITVEN;Item/Supplier;IFRTYP;Record type
MITVEN;Item/Supplier;IFISRS;Status - item/supplier
MITVEN;Item/Supplier;IFSTAP;Standard of approval
MITVEN;Item/Supplier;IFAPDT;Date approved
MITVEN;Item/Supplier;IFSITE;Supplier item number
MITVEN;Item/Supplier;IFSITD;Supplier item name
MITVEN;Item/Supplier;IFSITT;Supplier item description
MITVEN;Item/Supplier;IFRFID;Reference
MITVEN;Item/Supplier;IFRESP;Responsible
MITVEN;Item/Supplier;IFGRMT;Goods receiving method
MITVEN;Item/Supplier;IFORCO;Country of origin
MITVEN;Item/Supplier;IFSMSQ;External safety stock
MITVEN;Item/Supplier;IFMPSH;Raw material share
MITVEN;Item/Supplier;IFUNMU;Order multiple
MITVEN;Item/Supplier;IFLOQT;Minimum order quantity
MITVEN;Item/Supplier;IFORTY;Order type
MITVEN;Item/Supplier;IFMCPR;Tolerance limit
MITVEN;Item/Supplier;IFPACT;Packaging
MITVEN;Item/Supplier;IFLEA1;Supply lead time
MITVEN;Item/Supplier;IFLEA5;Lead time for replacement delivery
MITVEN;Item/Supplier;IFPUUN;Purchase order U/M
MITVEN;Item/Supplier;IFPPUN;Purchase price U/M
MITVEN;Item/Supplier;IFPCCP;Current full cost purchase costing
MITVEN;Item/Supplier;IFLPCD;Last costing date - full cost
MITVEN;Item/Supplier;IFRCDT;Receipt date
MITVEN;Item/Supplier;IFQUCL;Quality class
MITVEN;Item/Supplier;IFQCUD;Valid to
MITVEN;Item/Supplier;IFCMCO;Media profile
MITVEN;Item/Supplier;IFFVDT;Valid from
MITVEN;Item/Supplier;IFUVDT;Valid to
MITVEN;Item/Supplier;IFPUPR;Purchase price
MITVEN;Item/Supplier;IFSUPR;Setup price
MITVEN;Item/Supplier;IFFVD1;Valid from
MITVEN;Item/Supplier;IFUVD1;Valid to
MITVEN;Item/Supplier;IFPUP1;Purchase price
MITVEN;Item/Supplier;IFSUP1;Setup price
MITVEN;Item/Supplier;IFPUCD;Purchase price quantity
MITVEN;Item/Supplier;IFCUCD;Currency
MITVEN;Item/Supplier;IFCRTP;Exchange rate type
MITVEN;Item/Supplier;IFPUQT;Purchased quantity
MITVEN;Item/Supplier;IFPAAM;Purchased amount
MITVEN;Item/Supplier;IFMEDC;Media
MITVEN;Item/Supplier;IFTXID;Text identity
MITVEN;Item/Supplier;IFDTID;Data identity
MITVEN;Item/Supplier;IFRGDT;Entry date
MITVEN;Item/Supplier;IFRGTM;Entry time
MITVEN;Item/Supplier;IFLMDT;Change date
MITVEN;Item/Supplier;IFCHNO;Change number
MITVEN;Item/Supplier;IFCHID;Changed by
MITVEN;Item/Supplier;IFWHLO;Warehouse
MITVEN;Item/Supplier;IFFACI;Facility
MITVEN;Item/Supplier;IFLMTS;Timestamp
MITVEN;Item/Supplier;IFUCA1;User-defined alpha field 1
MITVEN;Item/Supplier;IFUCA2;User-defined alpha field 2
MITVEN;Item/Supplier;IFUCA3;User-defined alpha field 3
MITVEN;Item/Supplier;IFUCA4;User-defined alpha field 4
MITVEN;Item/Supplier;IFUDN1;User-defined numeric 1
MITVEN;Item/Supplier;IFUCU1;User-defined unit 1
MITVEQ;Connect item;IFCONO;Company
MITVEQ;Connect item;IFITNO;Item number
MITVEQ;Connect item;IFPRCS;Service process
MITVEQ;Connect item;IFSUFI;Service
MITVEQ;Connect item;IFSUNO;Supplier
MITVEQ;Connect item;IFCTXT;Inspection text
MITVEQ;Connect item;IFCSCT;Are quality inspection tasks used
MITVEQ;Connect item;IFLCLV;Lowest permitted quality inspection lvl
MITVEQ;Connect item;IFCHNS;Quality inspection level - next batch
MITVEQ;Connect item;IFQCCE;Quality inspection level - new revision
MITVEQ;Connect item;IFTOSP;Quality inspection plan
MITVEQ;Connect item;IFSPTT;Sample table
MITVEQ;Connect item;IFMCLD;Minimum quality inspection interval
MITVEQ;Connect item;IFCLWM;QI level after minimum QI interval
MITVEQ;Connect item;IFRDLC;Entry date latest inspection
MITVEQ;Connect item;IFRLCO;Responsible for last inspection
MITVEQ;Connect item;IFTXID;Text identity
MITVEQ;Connect item;IFRGDT;Entry date
MITVEQ;Connect item;IFRGTM;Entry time
MITVEQ;Connect item;IFLMDT;Change date
MITVEQ;Connect item;IFCHNO;Change number
MITVEQ;Connect item;IFCHID;Changed by
MITVEQ;Connect item;IFLMTS;Timestamp
MITWHL;Warehouse;MWFIAD;Taxable address ID
MITWHL;Warehouse;MWRFT2;Reference text type
MITWHL;Warehouse;MWCONO;Company
MITWHL;Warehouse;MWWHLO;Warehouse
MITWHL;Warehouse;MWWHNM;Description
MITWHL;Warehouse;MWDIVI;Division
MITWHL;Warehouse;MWFACI;Facility
MITWHL;Warehouse;MWWHTY;Warehouse type
MITWHL;Warehouse;MWWHSY;Warehouse subtype
MITWHL;Warehouse;MWWHPL;Place
MITWHL;Warehouse;MWOREF;Our reference
MITWHL;Warehouse;MWPHNO;Telephone number 1
MITWHL;Warehouse;MWCOMA;Communication address
MITWHL;Warehouse;MWCUNO;Customer
MITWHL;Warehouse;MWSUNO;Supplier
MITWHL;Warehouse;MWSDES;Place of loading
MITWHL;Warehouse;MWSHNM;Consignor
MITWHL;Warehouse;MWPLIS;Place of export
MITWHL;Warehouse;MWCSCD;Country
MITWHL;Warehouse;MWECAR;State
MITWHL;Warehouse;MWVRNO;VAT registration number
MITWHL;Warehouse;MWLNCD;Language
MITWHL;Warehouse;MWCPWH;Copy from warehouse
MITWHL;Warehouse;MWAUAD;Automatic add permitted
MITWHL;Warehouse;MWALWH;Alias warehouse
MITWHL;Warehouse;MWALAC;Display alias no for physical inventory
MITWHL;Warehouse;MWRESP;Responsible
MITWHL;Warehouse;MWTWSL;Location
MITWHL;Warehouse;MWGEOC;Geographical code
MITWHL;Warehouse;MWTAXC;Tax code customer/address
MITWHL;Warehouse;MWUNST;Separation number
MITWHL;Warehouse;MWTXID;Text identity
MITWHL;Warehouse;MWDTID;Data identity
MITWHL;Warehouse;MWAASQ;Automatic allocation sequence
MITWHL;Warehouse;MWDMF0;Demand time fence
MITWHL;Warehouse;MWDMF1;Demand time fence
MITWHL;Warehouse;MWDMF2;Demand time fence
MITWHL;Warehouse;MWDMF3;Demand time fence
MITWHL;Warehouse;MWDMF4;Demand time fence
MITWHL;Warehouse;MWDMF5;Demand time fence
MITWHL;Warehouse;MWDMF6;Demand time fence
MITWHL;Warehouse;MWDMF7;Demand time fence
MITWHL;Warehouse;MWDMF8;Demand time fence
MITWHL;Warehouse;MWDMF9;Demand time fence
MITWHL;Warehouse;MWINUL;Retrieve stock transactions
MITWHL;Warehouse;MWEPUL;Retrieve receipt/picklist
MITWHL;Warehouse;MWEXDL;Send planned receipts
MITWHL;Warehouse;MWPIDL;Send picking lists
MITWHL;Warehouse;MWALWQ;Alias qualifier
MITWHL;Warehouse;MWITDL;Send item master
MITWHL;Warehouse;MWCDYN;Cross-dock
MITWHL;Warehouse;MWPATF;Planned cross-dock time fence - days
MITWHL;Warehouse;MWPAHF;Planned cross-dock time fence - hours
MITWHL;Warehouse;MWPMTF;Opportunity CD time fence - days
MITWHL;Warehouse;MWPMHF;Opportunity CD time fence - hours
MITWHL;Warehouse;MWDDLO;Default docking location
MITWHL;Warehouse;MWCDPD;Pack or dock location
MITWHL;Warehouse;MWCDPM;Display cross-dock result
MITWHL;Warehouse;MWCALV;Calendar version
MITWHL;Warehouse;MWACGR;Object access group
MITWHL;Warehouse;MWNBID;Number series
MITWHL;Warehouse;MWSTOF;Shop information
MITWHL;Warehouse;MWASOT;Allocation stop type
MITWHL;Warehouse;MWDAAS;Number of days for allocation stop type
MITWHL;Warehouse;MWLEAM;Allocation time fence
MITWHL;Warehouse;MWDMFC;Demand time fence type
MITWHL;Warehouse;MWLSPM;Location selection prompt
MITWHL;Warehouse;MWRSTN;Store ID
MITWHL;Warehouse;MWRGDT;Entry date
MITWHL;Warehouse;MWRGTM;Entry time
MITWHL;Warehouse;MWLMDT;Change date
MITWHL;Warehouse;MWCHNO;Change number
MITWHL;Warehouse;MWCHID;Changed by
MITWHL;Warehouse;MWLMTS;Timestamp
MITWHL;Warehouse;MWCPTE;Copy template item
MITWHL;Warehouse;MWSCED;Delivery regrouping
MITWHL;Warehouse;MWGEOX;Geographic code X
MITWHL;Warehouse;MWGEOY;Geographic code Y
MITWHL;Warehouse;MWGEOZ;Geographic code  Z
MITWHL;Warehouse;MWPRIO;Priority
MITWHL;Warehouse;MWPWGR;Put away task grouping
MITWHL;Warehouse;MWRDIL;Redistribution location
MITWHL;Warehouse;MWTCUW;Transportation cost per unit of weight
MITWHL;Warehouse;MWWOPC;Warehouse operations cost per quantity
MITWHL;Warehouse;MWBLPM;Block picking list qty movement
MITWHL;Warehouse;MWPORG;Purchase organization
MMOHED;Work order;QHAPA1;Price in agreement currency
MMOHED;Work order;QHAPM1;Price in material currency
MMOHED;Work order;QHCONO;Company
MMOHED;Work order;QHFACI;Facility
MMOHED;Work order;QHPRNO;Product
MMOHED;Work order;QHMWNO;Work order number
MMOHED;Work order;QHVANO;Product variant
MMOHED;Work order;QHDIVI;Division
MMOHED;Work order;QHPRIO;Priority
MMOHED;Work order;QHORTY;Order type
MMOHED;Work order;QHGETP;Origin
MMOHED;Work order;QHWHST;Status - manufacturing order
MMOHED;Work order;QHSLDT;Change date - order status
MMOHED;Work order;QHWHHS;Highest operation status - order
MMOHED;Work order;QHHSDT;Change date - highest operation status
MMOHED;Work order;QHWMST;Material status
MMOHED;Work order;QHWHLO;Warehouse
MMOHED;Work order;QHWHSL;Location
MMOHED;Work order;QHBANO;Lot number
MMOHED;Work order;QHEQNO;Equipment number
MMOHED;Work order;QHWOSQ;Reporting number
MMOHED;Work order;QHDWNO;Drawing number
MMOHED;Work order;QHPLPR;Picking list round
MMOHED;Work order;QHRESP;Responsible
MMOHED;Work order;QHTXT1;Text line 1
MMOHED;Work order;QHTXT2;Text line 2
MMOHED;Work order;QHFSTD;Original start date
MMOHED;Work order;QHFSTT;Original start time
MMOHED;Work order;QHFFID;Original finish date
MMOHED;Work order;QHFFIT;Original finish time
MMOHED;Work order;QHNURP;Number of times replanned
MMOHED;Work order;QHSTDT;Start date
MMOHED;Work order;QHFIDT;Finish date
MMOHED;Work order;QHRSDT;Actual start date
MMOHED;Work order;QHRSTI;Actual start time
MMOHED;Work order;QHREFD;Actual finish date
MMOHED;Work order;QHRFTI;Actual finish time
MMOHED;Work order;QHRPDT;Reporting date
MMOHED;Work order;QHRTM1;Reporting time
MMOHED;Work order;QHWODP;Order documents printed
MMOHED;Work order;QHOROQ;Original ordered quantity
MMOHED;Work order;QHOROA;Original ordered qty - alt U/M
MMOHED;Work order;QHORQT;Ordered quantity - basic U/M
MMOHED;Work order;QHORQA;Ordered quantity - alternate U/M
MMOHED;Work order;QHNUBA;Number of lots
MMOHED;Work order;QHMAUN;Manufacturing U/M
MMOHED;Work order;QHRVQT;Received quantity
MMOHED;Work order;QHRVQA;Received quantity
MMOHED;Work order;QHCAQA;Approved quantity - alternate U/M
MMOHED;Work order;QHMAQT;Manufactured quantity
MMOHED;Work order;QHMAQA;Manufactured quantity
MMOHED;Work order;QHREND;Manual completion flag
MMOHED;Work order;QHCOFA;Conversion factor
MMOHED;Work order;QHDMCF;Conversion form
MMOHED;Work order;QHNUC1;Number of put-away cards
MMOHED;Work order;QHNUC2;Number of material requisitions
MMOHED;Work order;QHNUC3;Number of labor tickets
MMOHED;Work order;QHNUC4;Number of shop travelers
MMOHED;Work order;QHNUC5;Number of routing cards
MMOHED;Work order;QHNUC6;Number of picking lists
MMOHED;Work order;QHNUC7;Number of design documents
MMOHED;Work order;QHBDCD;Explosion
MMOHED;Work order;QHBAQT;Yield quantity
MMOHED;Work order;QHLEAL;Lead time this level
MMOHED;Work order;QHLTRE;Share of lead time
MMOHED;Work order;QHLTEX;Share of lead time
MMOHED;Work order;QHWLDE;Infinite/finite
MMOHED;Work order;QHSDTB;Same date for batches
MMOHED;Work order;QHSCEX;Subcontracting exists
MMOHED;Work order;QHPLGR;Work center
MMOHED;Work order;QHPRDY;Production days
MMOHED;Work order;QHLEVL;Lowest level
MMOHED;Work order;QHPRHL;Product number highest level
MMOHED;Work order;QHMFHL;MO number highest level
MMOHED;Work order;QHPRLO;Product number overlying level
MMOHED;Work order;QHMFLO;MO number next higher level
MMOHED;Work order;QHMSLO;Serial number overlying level
MMOHED;Work order;QHLVSQ;Level sequence
MMOHED;Work order;QHASPC;Cumulative scrap percentage
MMOHED;Work order;QHCOTD;Cost other department
MMOHED;Work order;QHRORN;Reference order number
MMOHED;Work order;QHRORL;Reference order line
MMOHED;Work order;QHRORC;Reference order category
MMOHED;Work order;QHTXID;Text identity
MMOHED;Work order;QHECVE;Revision number
MMOHED;Work order;QHPCDO;Costing performed
MMOHED;Work order;QHAOID;Alternative routing
MMOHED;Work order;QHSTRT;Product structure type
MMOHED;Work order;QHSUFI;Service
MMOHED;Work order;QHCFIN;Configuration number
MMOHED;Work order;QHECVS;Simulation round
MMOHED;Work order;QHPROJ;Project number
MMOHED;Work order;QHELNO;Project element
MMOHED;Work order;QHMSTI;Start time
MMOHED;Work order;QHMFTI;Finish time
MMOHED;Work order;QHSCOM;Structure complexity
MMOHED;Work order;QHDLIX;Delivery number
MMOHED;Work order;QHRLFA;Released for allocation
MMOHED;Work order;QHALCM;Allocation check
MMOHED;Work order;QHRLTD;Released for picking
MMOHED;Work order;QHWCLN;Production line
MMOHED;Work order;QHNUOP;Number of operations
MMOHED;Work order;QHNUFO;Number of finished operations
MMOHED;Work order;QHACTP;Action message (AM)
MMOHED;Work order;QHNNDT;Alternate planning date
MMOHED;Work order;QHNHAI;Next item number
MMOHED;Work order;QHNHSN;Next serial number
MMOHED;Work order;QHCFGL;Position
MMOHED;Work order;QHINSR;Removal
MMOHED;Work order;QHTWLO;To warehouse
MMOHED;Work order;QHMOSC;Scrap
MMOHED;Work order;QHTEAL;Technical allocation
MMOHED;Work order;QHRSCD;Transaction reason
MMOHED;Work order;QHMUIN;Multiple part removal
MMOHED;Work order;QHNITN;New item number
MMOHED;Work order;QHNBAN;New lot number
MMOHED;Work order;QHHIIT;Highest item
MMOHED;Work order;QHHISN;Serial number highest level
MMOHED;Work order;QHIITO;Installed item
MMOHED;Work order;QHIIBA;Installed serial number
MMOHED;Work order;QHEVTY;Event type
MMOHED;Work order;QHNSTP;Shutdown
MMOHED;Work order;QHCFI1;User-defined field 1 - item
MMOHED;Work order;QHCFI2;User-defined field 2 - item
MMOHED;Work order;QHCFI3;User-defined field 3 - item
MMOHED;Work order;QHCFI4;User-defined field 4 - item
MMOHED;Work order;QHCFI5;User-defined field 5 - item
MMOHED;Work order;QHSPR1;Specific requirement category
MMOHED;Work order;QHSPR2;Specific requirement category
MMOHED;Work order;QHSPR3;Specific requirement category
MMOHED;Work order;QHSPR4;Specific requirement category
MMOHED;Work order;QHSPR5;Specific requirement category
MMOHED;Work order;QHSPR6;Specific requirements
MMOHED;Work order;QHSPR7;Specific requirements
MMOHED;Work order;QHSPR8;Specific requirements
MMOHED;Work order;QHSPR9;Specific requirements
MMOHED;Work order;QHSPR0;Specific requirements
MMOHED;Work order;QHCLGP;Color group
MMOHED;Work order;QHRIFD;Reschedule in - filter date
MMOHED;Work order;QHROFD;Reschedule out - filter date
MMOHED;Work order;QHTSDA;SWB timestamp
MMOHED;Work order;QHTSTE;SWB timestamp
MMOHED;Work order;QHPULD;Pull-up of delayed orders
MMOHED;Work order;QHPULN;Pull-up of early orders
MMOHED;Work order;QHSUBN;Sub-network mark
MMOHED;Work order;QHPRAP;SWB processed
MMOHED;Work order;QHVEOC;Verify operation closing
MMOHED;Work order;QHSUBD;Subnetwork due date
MMOHED;Work order;QHNTWP;External network priority
MMOHED;Work order;QHACHD;Change date - M3 SWB
MMOHED;Work order;QHACHT;Change time - M3 SWB
MMOHED;Work order;QHPRTX;Text identity
MMOHED;Work order;QHPOTX;Text identity
MMOHED;Work order;QHDEID;Complaint
MMOHED;Work order;QHBIRT;Origin identity
MMOHED;Work order;QHDISI;Disturbance
MMOHED;Work order;QHAECN;Engineering order number
MMOHED;Work order;QHTAIL;Registration number/site
MMOHED;Work order;QHSEQC;Sequence
MMOHED;Work order;QHALD2;Log date
MMOHED;Work order;QHATOT;Departure
MMOHED;Work order;QHMOHS;Hold MO status
MMOHED;Work order;QHREVN;Revision number
MMOHED;Work order;QHATNR;Attribute number
MMOHED;Work order;QHRGDT;Entry date
MMOHED;Work order;QHRGTM;Entry time
MMOHED;Work order;QHLMDT;Change date
MMOHED;Work order;QHCHNO;Change number
MMOHED;Work order;QHCHID;Changed by
MMOHED;Work order;QHRREQ;Requester
MMOHED;Work order;QHRBAM;Request budget amount
MMOHED;Work order;QHESBU;Estimated cost
MMOHED;Work order;QHLMTS;Timestamp
MMOHED;Work order;QHRORX;Line suffix
MMOHED;Work order;QHRRSD;Requested start date
MMOHED;Work order;QHRRST;Requested start time
MMOHED;Work order;QHRRFD;Requested finish date
MMOHED;Work order;QHRRFT;Requested finish time
MMOHED;Work order;QHEDWT;Estimated downtime
MMOHED;Work order;QHSCHL;Scheduling logic
MMOHED;Work order;QHAPRB;Approved by
MMOHED;Work order;QHCUNO;Customer
MMOHED;Work order;QHITNO;Item number
MMOHED;Work order;QHITDS;Name
MMOHED;Work order;QHTXIF;Text identity
MMOHED;Work order;QHFCLA;Error code 1
MMOHED;Work order;QHFCL2;Error code 2
MMOHED;Work order;QHFCL3;Error code 3
MMOHED;Work order;QHTXI1;Text identity
MMOHED;Work order;QHTXI2;Text identity
MMOHED;Work order;QHTXI3;Text identity
MMOHED;Work order;QHBRDT;Breakdown date
MMOHED;Work order;QHBRTI;Breakdown time
MMOHED;Work order;QHMRDT;Machine ready date
MMOHED;Work order;QHMRTI;Machine ready time
MMOHED;Work order;QHEQDT;Equipment in production - date
MMOHED;Work order;QHEQTI;Equipment in production - time
MMOHED;Work order;QHTXIR;Text identity
MMOHED;Work order;QHWATP;Warranty type
MMOHED;Work order;QHFLEE;Fleet
MMOHED;Work order;QHAAGN;Agreement
MMOHED;Work order;QHSYCD;Function area
MMOHED;Work order;QHSTN1;Standard numbering system
MMOHED;Work order;QHSTN2;Standard numbering system
MMOHED;Work order;QHSMC0;OEM code
MMOHED;Work order;QHSMC1;OEM code
MMOHED;Work order;QHSMC2;OEM code
MMOHED;Work order;QHSMC3;OEM code
MMOHED;Work order;QHSMC4;OEM code
MMOHED;Work order;QHSMC5;OEM code
MMOHED;Work order;QHSMC6;OEM code
MMOHED;Work order;QHSMC7;OEM code
MMOHED;Work order;QHSMC8;OEM code
MMOHED;Work order;QHSMC9;OEM code
MMOHED;Work order;QHDWPO;Drawing position
MMOHED;Work order;QHVCTP;Validate CTP
MMOHED;Work order;QHSTYP;Service type
MMOHED;Work order;QHSECL;Service classification
MMOHED;Work order;QHPRNS;Service product
MMOHED;Work order;QHADRR;Address file
MMOHED;Work order;QHADRT;Address type
MMOHED;Work order;QHADID;Address number
MMOHED;Work order;QHMARA;Reference field amount
MMOHED;Work order;QHASTM;Revenue time
MMOHED;Work order;QHASMT;Revenue material
MMOHED;Work order;QHASSC;Revenue subcontracting
MMOHED;Work order;QHASMI;Revenue miscellaneous
MMOHED;Work order;QHAWCO;WIP debit
MMOHED;Work order;QHLOCD;Local currency
MMOHED;Work order;QHSRVP;Service price method
MMOHED;Work order;QHADF1;Price in labor currency
MMOHED;Work order;QHADY1;Fixed amount
MMOHED;Work order;QHADF2;Price in material currency
MMOHED;Work order;QHADY2;Fixed amount
MMOHED;Work order;QHADF3;Price in subcontracting currency
MMOHED;Work order;QHADY3;Fixed amount
MMOHED;Work order;QHADF4;Price in miscellaneous currency
MMOHED;Work order;QHADY4;Fixed amount
MMOHED;Work order;QHAACU;Agreement currency
MMOHED;Work order;QHAMCU;Material currency
MMOHED;Work order;QHREVL;Revenue local currency
MMOHED;Work order;QHREV1;Reference field amount
MMOHED;Work order;QHREV2;Reference field amount
MMOHED;Work order;QHREV3;Reference field amount
MMOHED;Work order;QHREV4;Reference field amount
MMOHED;Work order;QHMA1A;Reference field amount
MMOHED;Work order;QHMA2A;Reference field amount
MMOHED;Work order;QHMA3A;Reference field amount
MMOHED;Work order;QHMA4A;Reference field amount
MMOHED;Work order;QHIORN;Interface order number
MMOHED;Work order;QHIORL;Interface order line
MMOHED;Work order;QHIOSX;Interface line suffix
MMOHED;Work order;QHFWSL;From location
MMOHED;Work order;QHSHFI;Field work
MMOHED;Work order;QHICAN;Initiate cancellation
MMOHED;Work order;QHTX40;Description
MMOHED;Work order;QHOEMI;OEM item
MMOHED;Work order;QHUCA1;User-defined alpha field 1
MMOHED;Work order;QHUCA2;User-defined alpha field 2
MMOHED;Work order;QHUCA3;User-defined alpha field 3
MMOHED;Work order;QHUCA4;User-defined alpha field 4
MMOHED;Work order;QHUCA5;User-defined alpha field 5
MMOHED;Work order;QHUCA6;User-defined alpha field 6
MMOHED;Work order;QHUCA7;User-defined alpha field 7
MMOHED;Work order;QHUCA8;User-defined alpha field 8
MMOHED;Work order;QHUCA9;User-defined alpha field 9
MMOHED;Work order;QHUCA0;User-defined alpha field 10
MMOHED;Work order;QHUCT1;User-defined text field 1
MMOHED;Work order;QHUDN1;User-defined numeric 1
MMOHED;Work order;QHUDN2;User-defined numeric 2
MMOHED;Work order;QHUDN3;User-defined numeric 3
MMOHED;Work order;QHUDN4;User-defined numeric 4
MMOHED;Work order;QHUDN5;User-defined numeric 5
MMOHED;Work order;QHUDN6;User-defined numeric 6
MMOHED;Work order;QHUID1;User-defined date 1
MMOHED;Work order;QHUID2;User-defined date 2
MMOHED;Work order;QHUID3;User-defined date 3
MMOHED;Work order;QHADLR;Address file
MMOHED;Work order;QHADLT;Address type
MMOHED;Work order;QHADLD;Address number
MMOMAT;Work Order Material;QMASPU;Sales price
MMOMAT;Work Order Material;QMFUDS;Description 2
MMOMAT;Work Order Material;QMNEPU;Net price
MMOMAT;Work Order Material;QMSAPU;Sales price
MMOMAT;Work Order Material;QMCONO;Company
MMOMAT;Work Order Material;QMFACI;Facility
MMOMAT;Work Order Material;QMPRNO;Product
MMOMAT;Work Order Material;QMMWNO;Work order number
MMOMAT;Work Order Material;QMMSEQ;Sequence number
MMOMAT;Work Order Material;QMOPNO;Operation number
MMOMAT;Work Order Material;QMDWPO;Drawing position
MMOMAT;Work Order Material;QMPRIO;Priority
MMOMAT;Work Order Material;QMWMST;Material status
MMOMAT;Work Order Material;QMSTGS;Subcontract control
MMOMAT;Work Order Material;QMMTNO;Component number
MMOMAT;Work Order Material;QMWOSQ;Reporting number
MMOMAT;Work Order Material;QMFMT1;Text
MMOMAT;Work Order Material;QMFMT2;Technical reference
MMOMAT;Work Order Material;QMCNQT;Quantity
MMOMAT;Work Order Material;QMDCCD;Number of decimal places
MMOMAT;Work Order Material;QMFXCD;Quantity relation
MMOMAT;Work Order Material;QMBYPR;By/co-product code
MMOMAT;Work Order Material;QMCMCD;Inheritance control
MMOMAT;Work Order Material;QMPEUN;Product engineering U/M
MMOMAT;Work Order Material;QMLGTH;Length
MMOMAT;Work Order Material;QMWDTH;Width
MMOMAT;Work Order Material;QMLWF1;Factor 1
MMOMAT;Work Order Material;QMLWF2;Factor 2
MMOMAT;Work Order Material;QMWAPC;Normal waste percentage
MMOMAT;Work Order Material;QMASPC;Cumulative scrap percentage
MMOMAT;Work Order Material;QMRDAT;Reservation date
MMOMAT;Work Order Material;QMTIHM;Time hours & minutes
MMOMAT;Work Order Material;QMMDBF;Lead time offset
MMOMAT;Work Order Material;QMMARC;MO reservations
MMOMAT;Work Order Material;QMREQT;Reserved quantity
MMOMAT;Work Order Material;QMREQA;Reserved quantity
MMOMAT;Work Order Material;QMRCQA;Compensation quantity
MMOMAT;Work Order Material;QMRVQT;Received quantity
MMOMAT;Work Order Material;QMRVQA;Received quantity
MMOMAT;Work Order Material;QMCAQA;Approved quantity - alternate U/M
MMOMAT;Work Order Material;QMRPQT;Reported quantity
MMOMAT;Work Order Material;QMRPQA;Reported quantity
MMOMAT;Work Order Material;QMRPRE;Responsible for reporting
MMOMAT;Work Order Material;QMREND;Manual completion flag
MMOMAT;Work Order Material;QMRPDT;Reporting date
MMOMAT;Work Order Material;QMALQT;Allocated quantity - basic U/M
MMOMAT;Work Order Material;QMALQA;Allocated quantity - alternate U/M
MMOMAT;Work Order Material;QMPLQT;Picking list quantity - basic U/M
MMOMAT;Work Order Material;QMPLQA;Picking list quantity - alternate U/M
MMOMAT;Work Order Material;QMCOFA;Conversion factor
MMOMAT;Work Order Material;QMDMCF;Conversion form
MMOMAT;Work Order Material;QMWODP;Order documents printed
MMOMAT;Work Order Material;QMMPRC;Component price
MMOMAT;Work Order Material;QMWHLO;Warehouse
MMOMAT;Work Order Material;QMWHSL;Location
MMOMAT;Work Order Material;QMTWSL;To location
MMOMAT;Work Order Material;QMBANO;Lot number
MMOMAT;Work Order Material;QMSUNO;Supplier
MMOMAT;Work Order Material;QMPLPR;Picking list round
MMOMAT;Work Order Material;QMPLGR;Work center
MMOMAT;Work Order Material;QMPRDY;Production days
MMOMAT;Work Order Material;QMASWQ;Cumulative setup scrap
MMOMAT;Work Order Material;QMALMT;Allocation method
MMOMAT;Work Order Material;QMSPMT;Issue method
MMOMAT;Work Order Material;QMSSPM;Saved issue code
MMOMAT;Work Order Material;QMSCNQ;Saved quantity included
MMOMAT;Work Order Material;QMSASP;Saved accumulated scrap percentage
MMOMAT;Work Order Material;QMSASW;Saved acc setup scrap
MMOMAT;Work Order Material;QMSWAP;Saved normal waste percentage
MMOMAT;Work Order Material;QMSFXC;Saved fixed quantity
MMOMAT;Work Order Material;QMSTSQ;Structure sequence number
MMOMAT;Work Order Material;QMORDP;Order dependent
MMOMAT;Work Order Material;QMRORC;Reference order category
MMOMAT;Work Order Material;QMRORN;Reference order number
MMOMAT;Work Order Material;QMRORL;Reference order line
MMOMAT;Work Order Material;QMNOAA;Overriding allocation method
MMOMAT;Work Order Material;QMACTS;Operation element number
MMOMAT;Work Order Material;QMRSCD;Transaction reason
MMOMAT;Work Order Material;QMFCL2;Error code 2
MMOMAT;Work Order Material;QMFCL3;Error code 3
MMOMAT;Work Order Material;QMATT1;Complaint attribute
MMOMAT;Work Order Material;QMREVN;Revision number
MMOMAT;Work Order Material;QMATNR;Attribute number
MMOMAT;Work Order Material;QMRGDT;Entry date
MMOMAT;Work Order Material;QMRGTM;Entry time
MMOMAT;Work Order Material;QMLMDT;Change date
MMOMAT;Work Order Material;QMCHNO;Change number
MMOMAT;Work Order Material;QMCHID;Changed by
MMOMAT;Work Order Material;QMRFTX;Reference text
MMOMAT;Work Order Material;QMALWT;Alias category
MMOMAT;Work Order Material;QMALWQ;Alias qualifier
MMOMAT;Work Order Material;QMPOPN;Alias number
MMOMAT;Work Order Material;QMREPI;Replaced item number
MMOMAT;Work Order Material;QMTXID;Text identity
MMOMAT;Work Order Material;QMFCLA;Error code 1
MMOMAT;Work Order Material;QMRPQB;Reported quantity
MMOMAT;Work Order Material;QMRORX;Line suffix
MMOMAT;Work Order Material;QMLMTS;Timestamp
MMOMAT;Work Order Material;QMCRTM;Critical material
MMOMAT;Work Order Material;QMSHBP;Shipping buffer in production days
MMOMAT;Work Order Material;QMACWA;Claim warranty
MMOMAT;Work Order Material;QMRTPR;Return processing
MMOMAT;Work Order Material;QMWATP;Warranty type
MMOMAT;Work Order Material;QMKTNO;Kit number
MMOMAT;Work Order Material;QMPQRE;Quantity
MMOMAT;Work Order Material;QMRTHI;Reservation time - material
MMOMAT;Work Order Material;QMNORD;Additional days - material reservation
MMOMAT;Work Order Material;QMOBAN;Lot number
MMOMAT;Work Order Material;QMADRR;Address file
MMOMAT;Work Order Material;QMADRT;Address type
MMOMAT;Work Order Material;QMADID;Address number
MMOMAT;Work Order Material;QMWPST;Work order picking list status
MMOMAT;Work Order Material;QMDSTX;Description
MMOMAT;Work Order Material;QMSAPR;Sales price
MMOMAT;Work Order Material;QMDIPL;Discount
MMOMAT;Work Order Material;QMDIAL;Discount amount
MMOMAT;Work Order Material;QMNEPR;Net price
MMOMAT;Work Order Material;QMPRMO;Price origin
MMOMAT;Work Order Material;QMADY2;Fixed amount
MMOMAT;Work Order Material;QMENNO;Entitlement number
MMOMAT;Work Order Material;QMEXCH;Exchange
MMOMAT;Work Order Material;QMAWCO;WIP debit
MMOMAT;Work Order Material;QMMAUP;Manually updated
MMOMAT;Work Order Material;QMDINR;Order line number
MMOMAT;Work Order Material;QMDISX;Discount in kind line suffix
MMOMAT;Work Order Material;QMDIP1;Discount 1
MMOMAT;Work Order Material;QMDIP2;Discount 2
MMOMAT;Work Order Material;QMDIP3;Discount 3
MMOMAT;Work Order Material;QMDIP4;Discount 4
MMOMAT;Work Order Material;QMDIP5;Discount 5
MMOMAT;Work Order Material;QMDIP6;Discount 6
MMOMAT;Work Order Material;QMDIA1;Discount amount 1
MMOMAT;Work Order Material;QMDIA2;Discount amount 2
MMOMAT;Work Order Material;QMDIA3;Discount amount 3
MMOMAT;Work Order Material;QMDIA4;Discount amount 4
MMOMAT;Work Order Material;QMDIA5;Discount amount 5
MMOMAT;Work Order Material;QMDIA6;Discount amount 6
MMOMAT;Work Order Material;QMPRRF;Price list
MMOMAT;Work Order Material;QMDIC1;Status - discount
MMOMAT;Work Order Material;QMDIC2;Status - discount
MMOMAT;Work Order Material;QMDIC3;Status - discount
MMOMAT;Work Order Material;QMDIC4;Status - discount
MMOMAT;Work Order Material;QMDIC5;Status - discount
MMOMAT;Work Order Material;QMDIC6;Status - discount
MMOMAT;Work Order Material;QMCMP1;Statistics identity - discount 1
MMOMAT;Work Order Material;QMCMP2;Statistics identity - discount 2
MMOMAT;Work Order Material;QMCMP3;Statistics identity - discount 3
MMOMAT;Work Order Material;QMCMP4;Statistics identity - discount 4
MMOMAT;Work Order Material;QMCMP5;Statistics identity - discount 5
MMOMAT;Work Order Material;QMCMP6;Statistics identity - discount 6
MMOMAT;Work Order Material;QMIORN;Interface order number
MMOMAT;Work Order Material;QMIORL;Interface order line
MMOMAT;Work Order Material;QMIOSX;Interface line suffix
MMOMAT;Work Order Material;QMFWHS;Firm warehouse
MMOMAT;Work Order Material;QMLTYP;Line type
MMOMAT;Work Order Material;QMFWHL;From warehouse
MMOMAT;Work Order Material;QMTRTP;Order type
MMOMAT;Work Order Material;QMPYNO;Payer
MMOMAT;Work Order Material;QMPYAG;Payer agreement
MMOMAT;Work Order Material;QMOT53;Abnormal demand
MMOMAT;Work Order Material;QMOITN;Item number
MMOMAT;Work Order Material;QMOMSQ;Sequence number
